trip_id,route,vehicle_series,scheduled_departure,scheduled_runtime_min,actual_arrival,tz_offset,scheduled_lateness_min
T1-00001,R-01,01,2026-08-03 17:11,40,2026-08-03 17:52,+05:30,
T1-00002,R-01,01,2026-08-03 21:35,55,2026-08-03 22:28,+05:30,
T1-00003,R-01,01,2026-08-03 20:40,40,2026-08-03 21:16,+05:30,
T1-00004,R-01,01,2026-08-03 16:44,35,2026-08-03 17:22,+05:30,
T1-00005,R-01,01,2026-08-03 15:05,55,2026-08-03 15:57,+05:30,
T1-00006,R-01,01,2026-08-03 15:55,40,2026-08-03 16:38,+05:30,
T1-00007,R-01,01,2026-08-03 13:59,50,2026-08-03 14:46,+05:30,
T1-00008,R-01,01,2026-08-03 10:26,45,2026-08-03 11:15,+05:30,
T1-00009,R-01,01,2026-08-03 20:58,35,2026-08-03 21:41,+05:30,
T1-00010,R-01,01,2026-08-03 09:36,55,2026-08-03 10:28,+05:30,
T1-00011,R-01,01,2026-08-03 19:49,35,2026-08-03 20:25,+05:30,
T1-00012,R-01,01,2026-08-03 07:30,40,2026-08-03 08:17,+05:30,
T1-00013,R-01,01,2026-08-03 06:53,45,2026-08-03 07:36,+05:30,
T1-00014,R-01,01,2026-08-03 08:22,40,2026-08-03 08:58,+05:30,
T1-00015,R-01,01,2026-08-03 12:06,50,2026-08-03 12:59,+05:30,
T1-00016,R-01,01,2026-08-03 16:18,50,2026-08-03 17:05,+05:30,
T1-00017,R-01,01,2026-08-03 08:55,50,2026-08-03 09:46,+05:30,
T1-00018,R-01,01,2026-08-03 19:28,40,2026-08-03 20:11,+05:30,
T1-00019,R-01,01,2026-08-03 08:27,35,2026-08-03 09:07,+05:30,
T1-00020,R-01,01,2026-08-03 07:37,55,2026-08-03 08:27,+05:30,
T1-00021,R-01,01,2026-08-03 13:06,50,2026-08-03 13:51,+05:30,
T1-00022,R-01,01,2026-08-03 16:27,40,2026-08-03 17:11,+05:30,
T1-00023,R-01,01,2026-08-04 16:43,45,2026-08-04 17:29,+05:30,
T1-00024,R-01,01,2026-08-04 06:38,50,2026-08-04 07:27,+05:30,
T1-00025,R-01,01,2026-08-04 17:42,55,2026-08-04 18:37,+05:30,
T1-00026,R-01,01,2026-08-04 20:01,35,2026-08-04 20:36,+05:30,
T1-00027,R-01,01,2026-08-04 16:43,35,2026-08-04 17:16,+05:30,
T1-00028,R-01,01,2026-08-04 10:08,45,2026-08-04 10:56,+05:30,
T1-00029,R-01,01,2026-08-04 15:20,55,2026-08-04 16:15,+05:30,
T1-00030,R-01,01,2026-08-04 12:19,55,2026-08-04 13:08,+05:30,
T1-00031,R-01,01,2026-08-04 17:11,35,2026-08-04 17:52,+05:30,
T1-00032,R-01,01,2026-08-04 15:09,50,2026-08-04 16:02,+05:30,
T1-00033,R-01,01,2026-08-04 11:44,45,2026-08-04 12:33,+05:30,
T1-00034,R-01,01,2026-08-04 14:38,55,2026-08-04 15:32,+05:30,
T1-00035,R-01,01,2026-08-04 19:39,45,2026-08-04 20:25,+05:30,
T1-00036,R-01,01,2026-08-04 19:38,55,2026-08-04 20:41,+05:30,
T1-00037,R-01,01,2026-08-04 15:25,50,2026-08-04 16:13,+05:30,
T1-00038,R-01,01,2026-08-04 18:42,45,2026-08-04 19:26,+05:30,
T1-00039,R-01,01,2026-08-04 20:16,40,2026-08-04 20:59,+05:30,
T1-00040,R-01,01,2026-08-04 06:31,45,2026-08-04 07:20,+05:30,
T1-00041,R-01,01,2026-08-04 10:04,35,2026-08-04 10:38,+05:30,
T1-00042,R-01,01,2026-08-04 08:00,55,2026-08-04 08:57,+05:30,
T1-00043,R-01,01,2026-08-04 16:23,35,2026-08-04 16:56,+05:30,
T1-00044,R-01,01,2026-08-04 19:47,45,2026-08-04 20:44,+05:30,
T1-00045,R-01,01,2026-08-05 15:55,55,2026-08-05 16:54,+05:30,
T1-00046,R-01,01,2026-08-05 12:17,40,2026-08-05 12:55,+05:30,
T1-00047,R-01,01,2026-08-05 12:36,45,2026-08-05 13:25,+05:30,
T1-00048,R-01,01,2026-08-05 21:00,35,2026-08-05 21:40,+05:30,
T1-00049,R-01,01,2026-08-05 09:08,35,2026-08-05 09:40,+05:30,
T1-00050,R-01,01,2026-08-05 13:48,35,2026-08-05 14:24,+05:30,
T1-00051,R-01,01,2026-08-05 18:57,50,2026-08-05 19:52,+05:30,
T1-00052,R-01,01,2026-08-05 18:07,50,2026-08-05 18:57,+05:30,
T1-00053,R-01,01,2026-08-05 20:03,40,2026-08-05 20:43,+05:30,
T1-00054,R-01,01,2026-08-05 19:57,55,2026-08-05 20:54,+05:30,
T1-00055,R-01,01,2026-08-05 15:10,55,2026-08-05 16:08,+05:30,
T1-00056,R-01,01,2026-08-05 19:20,40,2026-08-05 19:56,+05:30,
T1-00057,R-01,01,2026-08-05 16:33,50,2026-08-05 17:25,+05:30,
T1-00058,R-01,01,2026-08-05 12:38,55,2026-08-05 13:35,+05:30,
T1-00059,R-01,01,2026-08-05 06:17,40,2026-08-05 07:02,+05:30,
T1-00060,R-01,01,2026-08-05 15:05,35,2026-08-05 15:38,+05:30,
T1-00061,R-01,01,2026-08-05 09:01,55,2026-08-05 10:01,+05:30,
T1-00062,R-01,01,2026-08-05 08:25,35,2026-08-05 09:00,+05:30,
T1-00063,R-01,01,2026-08-05 06:39,55,2026-08-05 07:32,+05:30,
T1-00064,R-01,01,2026-08-05 08:36,55,2026-08-05 09:35,+05:30,
T1-00065,R-01,01,2026-08-05 17:40,55,2026-08-05 18:39,+05:30,
T1-00066,R-01,01,2026-08-05 06:28,35,2026-08-05 07:02,+05:30,
T1-00067,R-01,01,2026-08-06 09:28,50,2026-08-06 10:14,+05:30,
T1-00068,R-01,01,2026-08-06 21:12,55,2026-08-06 22:10,+05:30,
T1-00069,R-01,01,2026-08-06 09:13,55,2026-08-06 10:10,+05:30,
T1-00070,R-01,01,2026-08-06 17:43,55,2026-08-06 18:40,+05:30,
T1-00071,R-01,01,2026-08-06 18:57,50,2026-08-06 19:49,+05:30,
T1-00072,R-01,01,2026-08-06 13:08,50,2026-08-06 13:54,+05:30,
T1-00073,R-01,01,2026-08-06 13:47,45,2026-08-06 14:42,+05:30,
T1-00074,R-01,01,2026-08-06 18:15,55,2026-08-06 19:08,+05:30,
T1-00075,R-01,01,2026-08-06 15:10,55,2026-08-06 16:05,+05:30,
T1-00076,R-01,01,2026-08-06 16:48,55,2026-08-06 17:40,+05:30,
T1-00077,R-01,01,2026-08-06 15:53,55,2026-08-06 16:45,+05:30,
T1-00078,R-01,01,2026-08-06 08:51,55,2026-08-06 09:48,+05:30,
T1-00079,R-01,01,2026-08-06 17:59,40,2026-08-06 18:34,+05:30,
T1-00080,R-01,01,2026-08-06 19:46,40,2026-08-06 20:21,+05:30,
T1-00081,R-01,01,2026-08-06 11:14,35,2026-08-06 11:50,+05:30,
T1-00082,R-01,01,2026-08-06 18:50,35,2026-08-06 19:18,+05:30,
T1-00083,R-01,01,2026-08-06 21:36,50,2026-08-06 22:26,+05:30,
T1-00084,R-01,01,2026-08-06 09:14,40,2026-08-06 09:54,+05:30,
T1-00085,R-01,01,2026-08-06 15:21,50,2026-08-06 16:07,+05:30,
T1-00086,R-01,01,2026-08-06 09:48,55,2026-08-06 10:42,+05:30,
T1-00087,R-01,01,2026-08-06 15:52,35,2026-08-06 16:28,+05:30,
T1-00088,R-01,01,2026-08-06 20:48,50,2026-08-06 21:32,+05:30,
T1-00089,R-01,01,2026-08-07 21:10,50,2026-08-07 22:03,+05:30,
T1-00090,R-01,01,2026-08-07 08:36,45,2026-08-07 09:25,+05:30,
T1-00091,R-01,01,2026-08-07 10:04,50,2026-08-07 10:57,+05:30,
T1-00092,R-01,01,2026-08-07 10:33,35,2026-08-07 11:08,+05:30,
T1-00093,R-01,01,2026-08-07 09:59,45,2026-08-07 10:40,+05:30,
T1-00094,R-01,01,2026-08-07 19:59,45,2026-08-07 20:42,+05:30,
T1-00095,R-01,01,2026-08-07 18:55,40,2026-08-07 19:27,+05:30,
T1-00096,R-01,01,2026-08-07 07:56,55,2026-08-07 08:53,+05:30,
T1-00097,R-01,01,2026-08-07 14:34,40,2026-08-07 15:16,+05:30,
T1-00098,R-01,01,2026-08-07 06:56,35,2026-08-07 07:31,+05:30,
T1-00099,R-01,01,2026-08-07 21:51,45,2026-08-07 22:30,+05:30,
T1-00100,R-01,01,2026-08-07 20:41,35,2026-08-07 21:12,+05:30,
T1-00101,R-01,01,2026-08-07 07:43,45,2026-08-07 08:26,+05:30,
T1-00102,R-01,01,2026-08-07 08:21,40,2026-08-07 09:06,+05:30,
T1-00103,R-01,01,2026-08-07 11:20,40,2026-08-07 11:59,+05:30,
T1-00104,R-01,01,2026-08-07 09:41,45,2026-08-07 10:25,+05:30,
T1-00105,R-01,01,2026-08-07 15:42,45,2026-08-07 16:27,+05:30,
T1-00106,R-01,01,2026-08-07 16:44,35,2026-08-07 17:21,+05:30,
T1-00107,R-01,01,2026-08-07 17:05,40,2026-08-07 17:49,+05:30,
T1-00108,R-01,01,2026-08-07 06:32,40,2026-08-07 07:13,+05:30,
T1-00109,R-01,01,2026-08-07 20:40,50,2026-08-07 21:34,+05:30,
T1-00110,R-01,01,2026-08-07 18:39,40,2026-08-07 19:27,+05:30,
T1-00111,R-01,01,2026-08-08 11:20,55,2026-08-08 12:28,+05:30,
T1-00112,R-01,01,2026-08-08 21:14,55,2026-08-08 22:11,+05:30,
T1-00113,R-01,01,2026-08-08 06:54,50,2026-08-08 07:46,+05:30,
T1-00114,R-01,01,2026-08-08 14:18,50,2026-08-08 15:11,+05:30,
T1-00115,R-01,01,2026-08-08 10:14,35,2026-08-08 10:52,+05:30,
T1-00116,R-01,01,2026-08-08 14:56,55,2026-08-08 15:50,+05:30,
T1-00117,R-01,01,2026-08-08 19:04,45,2026-08-08 19:48,+05:30,
T1-00118,R-01,01,2026-08-08 12:25,35,2026-08-08 13:02,+05:30,
T1-00119,R-01,01,2026-08-08 18:24,50,2026-08-08 19:19,+05:30,
T1-00120,R-01,01,2026-08-08 09:48,50,2026-08-08 10:37,+05:30,
T1-00121,R-01,01,2026-08-08 13:29,50,2026-08-08 14:25,+05:30,
T1-00122,R-01,01,2026-08-08 21:15,55,2026-08-08 21:59,+05:30,
T1-00123,R-01,01,2026-08-08 18:39,50,2026-08-08 19:27,+05:30,
T1-00124,R-01,01,2026-08-08 09:51,35,2026-08-08 10:31,+05:30,
T1-00125,R-01,01,2026-08-08 07:17,55,2026-08-08 08:08,+05:30,
T1-00126,R-01,01,2026-08-08 11:05,50,2026-08-08 11:49,+05:30,
T1-00127,R-01,01,2026-08-08 11:09,55,2026-08-08 12:07,+05:30,
T1-00128,R-01,01,2026-08-08 10:15,55,2026-08-08 11:12,+05:30,
T1-00129,R-01,01,2026-08-08 17:54,35,2026-08-08 18:26,+05:30,
T1-00130,R-01,01,2026-08-08 16:49,45,2026-08-08 17:39,+05:30,
T1-00131,R-01,01,2026-08-08 18:46,55,2026-08-08 19:46,+05:30,
T1-00132,R-01,01,2026-08-08 17:07,40,2026-08-08 17:43,+05:30,
T1-00133,R-01,01,2026-08-09 19:39,50,2026-08-09 20:33,+05:30,
T1-00134,R-01,01,2026-08-09 18:13,35,2026-08-09 18:49,+05:30,
T1-00135,R-01,01,2026-08-09 10:57,40,2026-08-09 11:28,+05:30,
T1-00136,R-01,01,2026-08-09 16:51,40,2026-08-09 08:60,+05:30,
T1-00137,R-01,01,2026-08-09 21:10,55,2026-08-09 22:04,+05:30,
T1-00138,R-01,01,2026-08-09 15:15,40,2026-08-09 15:55,+05:30,
T1-00139,R-01,01,2026-08-09 13:23,35,2026-08-09 13:55,+05:30,
T1-00140,R-01,01,2026-08-09 19:53,50,2026-08-09 20:50,+05:30,
T1-00141,R-01,01,2026-08-09 20:10,35,2026-08-09 20:46,+05:30,
T1-00142,R-01,01,2026-08-09 18:17,45,2026-08-09 19:06,+05:30,
T1-00143,R-01,01,2026-08-09 06:50,35,2026-08-09 07:25,+05:30,
T1-00144,R-01,01,2026-08-09 08:25,45,2026-08-09 09:21,+05:30,
T1-00145,R-01,01,2026-08-09 21:07,40,2026-08-09 21:52,+05:30,
T1-00146,R-01,01,2026-08-09 13:28,35,2026-08-09 13:59,+05:30,
T1-00147,R-01,01,2026-08-09 10:13,55,2026-08-09 11:04,+05:30,
T1-00148,R-01,01,2026-08-09 09:17,40,2026-08-09 10:02,+05:30,
T1-00149,R-01,01,2026-08-09 14:38,35,2026-08-09 15:21,+05:30,
T1-00150,R-01,01,2026-08-09 08:06,45,2026-08-09 08:54,+05:30,
T1-00151,R-01,01,2026-08-09 06:00,35,2026-08-09 06:36,+05:30,
T1-00152,R-01,01,2026-08-09 13:14,55,2026-08-09 14:08,+05:30,
T1-00153,R-01,01,2026-08-09 09:54,45,2026-08-09 10:44,+05:30,
T1-00154,R-01,01,2026-08-09 09:55,40,2026-08-09 10:43,+05:30,
T1-00155,R-02,02,2026-08-03 13:05,40,2026-08-03 13:49,+05:30,
T1-00156,R-02,02,2026-08-03 11:59,35,2026-08-03 12:36,+05:30,
T1-00157,R-02,02,2026-08-03 12:54,40,2026-08-03 13:34,+05:30,
T1-00158,R-02,02,2026-08-03 16:28,40,2026-08-03 17:10,+05:30,
T1-00159,R-02,02,2026-08-03 08:48,55,2026-08-03 09:41,+05:30,
T1-00160,R-02,02,2026-08-03 07:05,45,2026-08-03 07:48,+05:30,
T1-00161,R-02,02,2026-08-03 14:58,50,2026-08-03 15:53,+05:30,
T1-00162,R-02,02,2026-08-03 16:33,35,2026-08-03 17:15,+05:30,
T1-00163,R-02,02,2026-08-03 06:51,55,2026-08-03 07:48,+05:30,
T1-00164,R-02,02,2026-08-03 19:05,55,2026-08-03 19:59,+05:30,
T1-00165,R-02,02,2026-08-03 16:20,45,2026-08-03 17:04,+05:30,
T1-00166,R-02,02,2026-08-03 15:50,45,2026-08-03 16:37,+05:30,
T1-00167,R-02,02,2026-08-03 15:35,40,2026-08-03 16:09,+05:30,
T1-00168,R-02,02,2026-08-03 14:16,45,2026-08-03 15:02,+05:30,
T1-00169,R-02,02,2026-08-03 07:06,40,2026-08-03 07:39,+05:30,
T1-00170,R-02,02,2026-08-04 15:48,35,2026-08-04 16:25,+05:30,
T1-00171,R-02,02,2026-08-04 07:00,40,2026-08-04 07:38,+05:30,
T1-00172,R-02,02,2026-08-04 20:22,50,2026-08-04 21:20,+05:30,
T1-00173,R-02,02,2026-08-04 16:46,50,2026-08-04 17:39,+05:30,
T1-00174,R-02,02,2026-08-04 14:08,35,2026-08-04 14:48,+05:30,
T1-00175,R-02,02,2026-08-04 18:59,50,2026-08-04 19:55,+05:30,
T1-00176,R-02,02,2026-08-04 14:56,45,2026-08-04 15:42,+05:30,
T1-00177,R-02,02,2026-08-04 11:21,40,2026-08-04 12:08,+05:30,
T1-00178,R-02,02,2026-08-04 09:06,35,2026-08-04 09:37,+05:30,
T1-00179,R-02,02,2026-08-04 07:01,55,2026-08-04 07:52,+05:30,
T1-00180,R-02,02,2026-08-04 20:49,45,2026-08-04 21:34,+05:30,
T1-00181,R-02,02,2026-08-04 16:47,40,2026-08-04 17:30,+05:30,
T1-00182,R-02,02,2026-08-04 06:23,45,2026-08-04 07:10,+05:30,
T1-00183,R-02,02,2026-08-04 18:15,55,2026-08-04 19:11,+05:30,
T1-00184,R-02,02,2026-08-04 13:19,45,2026-08-04 14:03,+05:30,
T1-00185,R-02,02,2026-08-05 16:31,55,2026-08-05 17:26,+05:30,
T1-00186,R-02,02,2026-08-05 17:37,50,2026-08-05 18:30,+05:30,
T1-00187,R-02,02,2026-08-05 14:45,40,2026-08-05 15:32,+05:30,
T1-00188,R-02,02,2026-08-05 12:43,50,2026-08-05 13:31,+05:30,
T1-00189,R-02,02,2026-08-05 09:27,50,2026-08-05 10:24,+05:30,
T1-00190,R-02,02,2026-08-05 09:46,35,2026-08-05 10:15,+05:30,
T1-00191,R-02,02,2026-08-05 20:03,55,2026-08-05 20:55,+05:30,
T1-00192,R-02,02,2026-08-05 15:11,55,2026-08-05 16:09,+05:30,
T1-00193,R-02,02,2026-08-05 11:45,50,2026-08-05 12:35,+05:30,
T1-00194,R-02,02,2026-08-05 21:28,50,2026-08-05 22:12,+05:30,
T1-00195,R-02,02,2026-08-05 17:19,45,2026-08-05 18:06,+05:30,
T1-00196,R-02,02,2026-08-05 12:55,35,2026-08-05 13:29,+05:30,
T1-00197,R-02,02,2026-08-05 15:12,40,2026-08-05 15:58,+05:30,
T1-00198,R-02,02,2026-08-05 20:12,55,2026-08-05 21:02,+05:30,
T1-00199,R-02,02,2026-08-05 17:11,35,2026-08-05 17:52,+05:30,
T1-00200,R-02,02,2026-08-06 12:00,55,2026-08-06 12:49,+05:30,
T1-00201,R-02,02,2026-08-06 19:58,45,2026-08-06 20:47,+05:30,
T1-00202,R-02,02,2026-08-06 14:42,35,2026-08-06 15:19,+05:30,
T1-00203,R-02,02,2026-08-06 12:45,40,2026-08-06 13:27,+05:30,
T1-00204,R-02,02,2026-08-06 10:22,55,2026-08-06 11:16,+05:30,
T1-00205,R-02,02,2026-08-06 15:45,40,2026-08-06 16:30,+05:30,
T1-00206,R-02,02,2026-08-06 20:12,55,2026-08-06 21:03,+05:30,
T1-00207,R-02,02,2026-08-06 10:12,50,2026-08-06 11:05,+05:30,
T1-00208,R-02,02,2026-08-06 08:29,50,2026-08-06 09:24,+05:30,
T1-00209,R-02,02,2026-08-06 10:15,35,2026-08-06 10:55,+05:30,
T1-00210,R-02,02,2026-08-06 17:27,55,2026-08-06 18:29,+05:30,
T1-00211,R-02,02,2026-08-06 10:15,40,2026-08-06 10:53,+05:30,
T1-00212,R-02,02,2026-08-06 13:07,35,2026-08-06 13:37,+05:30,
T1-00213,R-02,02,2026-08-06 18:20,55,2026-08-06 19:15,+05:30,
T1-00214,R-02,02,2026-08-06 19:30,40,2026-08-06 20:15,+05:30,
T1-00215,R-02,02,2026-08-07 15:09,40,2026-08-07 15:46,+05:30,
T1-00216,R-02,02,2026-08-07 21:10,45,2026-08-07 21:55,+05:30,
T1-00217,R-02,02,2026-08-07 20:36,55,2026-08-07 21:37,+05:30,
T1-00218,R-02,02,2026-08-07 15:42,55,2026-08-07 16:37,+05:30,
T1-00219,R-02,02,2026-08-07 06:42,55,2026-08-07 07:46,+05:30,
T1-00220,R-02,02,2026-08-07 20:00,45,2026-08-07 20:42,+05:30,
T1-00221,R-02,02,2026-08-07 11:03,35,2026-08-07 11:41,+05:30,
T1-00222,R-02,02,2026-08-07 13:21,50,2026-08-07 14:16,+05:30,
T1-00223,R-02,02,2026-08-07 07:18,50,2026-08-07 08:13,+05:30,
T1-00224,R-02,02,2026-08-07 13:53,40,2026-08-07 14:37,+05:30,
T1-00225,R-02,02,2026-08-07 07:40,35,2026-08-07 08:18,+05:30,
T1-00226,R-02,02,2026-08-07 17:38,40,2026-08-07 18:21,+05:30,
T1-00227,R-02,02,2026-08-07 20:19,55,2026-08-07 21:10,+05:30,
T1-00228,R-02,02,2026-08-07 10:38,45,2026-08-07 11:27,+05:30,
T1-00229,R-02,02,2026-08-07 21:28,45,2026-08-07 22:10,+05:30,
T1-00230,R-02,02,2026-08-08 14:55,50,2026-08-08 15:46,+05:30,
T1-00231,R-02,02,2026-08-08 12:43,45,2026-08-08 13:29,+05:30,
T1-00232,R-02,02,2026-08-08 07:45,45,2026-08-08 08:34,+05:30,
T1-00233,R-02,02,2026-08-08 11:21,45,2026-08-08 12:09,+05:30,
T1-00234,R-02,02,2026-08-08 06:30,35,2026-08-08 07:06,+05:30,
T1-00235,R-02,02,2026-08-08 08:17,40,2026-08-08 08:55,+05:30,
T1-00236,R-02,02,2026-08-08 08:13,40,2026-08-08 08:57,+05:30,
T1-00237,R-02,02,2026-08-08 19:31,50,2026-08-08 20:15,+05:30,
T1-00238,R-02,02,2026-08-08 16:38,45,2026-08-08 17:30,+05:30,
T1-00239,R-02,02,2026-08-08 13:53,35,2026-08-08 14:28,+05:30,
T1-00240,R-02,02,2026-08-08 20:16,55,2026-08-08 21:13,+05:30,
T1-00241,R-02,02,2026-08-08 08:55,35,2026-08-08 09:25,+05:30,
T1-00242,R-02,02,2026-08-08 21:18,55,2026-08-08 22:15,+05:30,
T1-00243,R-02,02,2026-08-08 10:06,45,2026-08-08 10:56,+05:30,
T1-00244,R-02,02,2026-08-08 06:41,55,2026-08-08 07:34,+05:30,
T1-00245,R-02,02,2026-08-09 11:00,50,2026-08-09 11:57,+05:30,
T1-00246,R-02,02,2026-08-09 20:38,55,2026-08-09 21:32,+05:30,
T1-00247,R-02,02,2026-08-09 06:55,40,2026-08-09 07:37,+05:30,
T1-00248,R-02,02,2026-08-09 20:54,50,2026-08-09 21:41,+05:30,
T1-00249,R-02,02,2026-08-09 13:59,50,2026-08-09 14:55,+05:30,
T1-00250,R-02,02,2026-08-09 08:39,40,2026-08-09 09:21,+05:30,
T1-00251,R-02,02,2026-08-09 18:44,55,2026-08-09 19:49,+05:30,
T1-00252,R-02,02,2026-08-09 14:39,55,2026-08-09 15:39,+05:30,
T1-00253,R-02,02,2026-08-09 17:22,50,2026-08-09 18:17,+05:30,
T1-00254,R-02,02,2026-08-09 13:06,35,2026-08-09 13:43,+05:30,
T1-00255,R-02,02,2026-08-09 17:07,40,2026-08-09 17:47,+05:30,
T1-00256,R-02,02,2026-08-09 18:16,35,2026-08-09 18:48,+05:30,
T1-00257,R-02,02,2026-08-09 07:49,50,2026-08-09 08:38,+05:30,
T1-00258,R-02,02,2026-08-09 14:00,55,2026-08-09 14:52,+05:30,
T1-00259,R-02,02,2026-08-09 13:06,55,2026-08-09 14:06,+05:30,
T1-00260,R-03,03,2026-08-03 12:39,50,2026-08-03 13:33,+05:30,
T1-00261,R-03,03,2026-08-03 14:11,45,2026-08-03 14:58,+05:30,
T1-00262,R-03,03,2026-08-03 12:45,45,2026-08-03 13:36,+05:30,
T1-00263,R-03,03,2026-08-03 13:43,55,2026-08-03 14:33,+05:30,
T1-00264,R-03,03,2026-08-03 20:34,45,2026-08-03 21:17,+05:30,
T1-00265,R-03,03,2026-08-03 14:39,45,2026-08-03 15:26,+05:30,
T1-00266,R-03,03,2026-08-03 15:30,35,2026-08-03 16:12,+05:30,
T1-00267,R-03,03,2026-08-03 11:27,45,2026-08-03 12:15,+05:30,
T1-00268,R-03,03,2026-08-03 14:33,40,2026-08-03 15:08,+05:30,
T1-00269,R-03,03,2026-08-03 15:42,55,2026-08-03 16:37,+05:30,
T1-00270,R-03,03,2026-08-03 17:00,45,2026-08-03 17:42,+05:30,
T1-00271,R-03,03,2026-08-03 14:14,45,2026-08-03 15:02,+05:30,
T1-00272,R-03,03,2026-08-03 06:18,40,2026-08-03 07:00,+05:30,
T1-00273,R-03,03,2026-08-03 11:53,45,2026-08-03 12:35,+05:30,
T1-00274,R-03,03,2026-08-03 11:46,50,2026-08-03 12:42,+05:30,
T1-00275,R-03,03,2026-08-04 18:18,45,2026-08-04 19:06,+05:30,
T1-00276,R-03,03,2026-08-04 15:47,55,2026-08-04 16:49,+05:30,
T1-00277,R-03,03,2026-08-04 19:39,45,2026-08-04 20:23,+05:30,
T1-00278,R-03,03,2026-08-04 14:21,40,2026-08-04 15:10,+05:30,
T1-00279,R-03,03,2026-08-04 20:51,55,2026-08-04 21:40,+05:30,
T1-00280,R-03,03,2026-08-04 09:43,55,2026-08-04 10:33,+05:30,
T1-00281,R-03,03,2026-08-04 15:12,50,2026-08-04 16:02,+05:30,
T1-00282,R-03,03,2026-08-04 15:07,55,2026-08-04 16:03,+05:30,
T1-00283,R-03,03,2026-08-04 11:49,50,2026-08-04 12:39,+05:30,
T1-00284,R-03,03,2026-08-04 19:06,45,2026-08-04 19:56,+05:30,
T1-00285,R-03,03,2026-08-04 17:15,55,2026-08-04 18:16,+05:30,
T1-00286,R-03,03,2026-08-04 09:39,50,2026-08-04 10:34,+05:30,
T1-00287,R-03,03,2026-08-04 16:24,50,2026-08-04 17:22,+05:30,
T1-00288,R-03,03,2026-08-04 16:47,40,2026-08-04 17:32,+05:30,
T1-00289,R-03,03,2026-08-04 11:11,40,2026-08-04 11:50,+05:30,
T1-00290,R-03,03,2026-08-05 10:29,40,2026-08-05 11:13,+05:30,
T1-00291,R-03,03,2026-08-05 20:57,35,2026-08-05 21:33,+05:30,
T1-00292,R-03,03,2026-08-05 12:54,40,2026-08-05 13:43,+05:30,
T1-00293,R-03,03,2026-08-05 18:42,35,2026-08-05 19:15,+05:30,
T1-00294,R-03,03,2026-08-05 15:39,35,2026-08-05 16:24,+05:30,
T1-00295,R-03,03,2026-08-05 17:43,40,2026-08-05 18:32,+05:30,
T1-00296,R-03,03,2026-08-05 18:34,50,2026-08-05 19:21,+05:30,
T1-00297,R-03,03,2026-08-05 15:12,45,2026-08-05 16:07,+05:30,
T1-00298,R-03,03,2026-08-05 07:38,35,2026-08-05 08:16,+05:30,
T1-00299,R-03,03,2026-08-05 11:47,35,2026-08-05 12:29,+05:30,
T1-00300,R-03,03,2026-08-05 10:41,35,2026-08-05 11:17,+05:30,
T1-00301,R-03,03,2026-08-05 18:33,40,2026-08-05 19:14,+05:30,
T1-00302,R-03,03,2026-08-05 21:40,40,2026-08-05 22:24,+05:30,
T1-00303,R-03,03,2026-08-05 14:40,40,2026-08-05 15:24,+05:30,
T1-00304,R-03,03,2026-08-05 20:10,55,2026-08-05 21:07,+05:30,
T1-00305,R-03,03,2026-08-06 20:28,45,2026-08-06 21:13,+05:30,
T1-00306,R-03,03,2026-08-06 09:39,55,2026-08-06 10:39,+05:30,
T1-00307,R-03,03,2026-08-06 13:01,35,2026-08-06 13:37,+05:30,
T1-00308,R-03,03,2026-08-06 13:26,50,2026-08-06 14:22,+05:30,
T1-00309,R-03,03,2026-08-06 17:16,35,2026-08-06 17:56,+05:30,
T1-00310,R-03,03,2026-08-06 14:34,35,2026-08-06 15:07,+05:30,
T1-00311,R-03,03,2026-08-06 12:48,35,2026-08-06 13:22,+05:30,
T1-00312,R-03,03,2026-08-06 21:30,50,2026-08-06 22:21,+05:30,
T1-00313,R-03,03,2026-08-06 19:52,40,2026-08-06 20:38,+05:30,
T1-00314,R-03,03,2026-08-06 12:30,35,2026-08-06 13:06,+05:30,
T1-00315,R-03,03,2026-08-06 21:50,45,2026-08-06 22:33,+05:30,
T1-00316,R-03,03,2026-08-06 12:14,55,2026-08-06 13:15,+05:30,
T1-00317,R-03,03,2026-08-06 20:56,40,2026-08-06 21:35,+05:30,
T1-00318,R-03,03,2026-08-06 08:34,40,2026-08-06 09:16,+05:30,
T1-00319,R-03,03,2026-08-06 06:20,40,2026-08-06 06:55,+05:30,
T1-00320,R-03,03,2026-08-07 20:04,55,2026-08-07 20:59,+05:30,
T1-00321,R-03,03,2026-08-07 07:26,40,2026-08-07 08:04,+05:30,
T1-00322,R-03,03,2026-08-07 18:21,50,2026-08-07 19:18,+05:30,
T1-00323,R-03,03,2026-08-07 15:26,45,2026-08-07 16:11,+05:30,
T1-00324,R-03,03,2026-08-07 12:26,55,2026-08-07 13:25,+05:30,
T1-00325,R-03,03,2026-08-07 08:54,40,2026-08-07 09:38,+05:30,
T1-00326,R-03,03,2026-08-07 10:36,55,2026-08-07 11:31,+05:30,
T1-00327,R-03,03,2026-08-07 10:12,45,2026-08-07 10:59,+05:30,
T1-00328,R-03,03,2026-08-07 18:56,45,2026-08-07 19:40,+05:30,
T1-00329,R-03,03,2026-08-07 12:48,45,2026-08-07 13:36,+05:30,
T1-00330,R-03,03,2026-08-07 18:25,50,2026-08-07 19:10,+05:30,
T1-00331,R-03,03,2026-08-07 09:04,35,2026-08-07 09:32,+05:30,
T1-00332,R-03,03,2026-08-07 11:53,40,2026-08-07 12:37,+05:30,
T1-00333,R-03,03,2026-08-07 20:46,45,2026-08-07 21:31,+05:30,
T1-00334,R-03,03,2026-08-07 16:19,55,2026-08-07 17:12,+05:30,
T1-00335,R-03,03,2026-08-08 09:07,50,2026-08-08 10:00,+05:30,
T1-00336,R-03,03,2026-08-08 20:14,50,2026-08-08 21:02,+05:30,
T1-00337,R-03,03,2026-08-08 10:12,35,2026-08-08 10:57,+05:30,
T1-00338,R-03,03,2026-08-08 18:41,35,2026-08-08 19:15,+05:30,
T1-00339,R-03,03,2026-08-08 06:17,40,2026-08-08 07:04,+05:30,
T1-00340,R-03,03,2026-08-08 06:19,40,2026-08-08 07:01,+05:30,
T1-00341,R-03,03,2026-08-08 21:03,45,2026-08-08 21:47,+05:30,
T1-00342,R-03,03,2026-08-08 13:47,50,2026-08-08 14:39,+05:30,
T1-00343,R-03,03,2026-08-08 20:28,55,2026-08-08 21:26,+05:30,
T1-00344,R-03,03,2026-08-08 17:55,40,2026-08-08 18:36,+05:30,
T1-00345,R-03,03,2026-08-08 21:45,50,2026-08-08 22:36,+05:30,
T1-00346,R-03,03,2026-08-08 08:53,55,2026-08-08 09:41,+05:30,
T1-00347,R-03,03,2026-08-08 07:33,45,2026-08-08 08:24,+05:30,
T1-00348,R-03,03,2026-08-08 09:28,50,2026-08-08 10:16,+05:30,
T1-00349,R-03,03,2026-08-08 07:22,50,2026-08-08 08:08,+05:30,
T1-00350,R-03,03,2026-08-09 20:41,35,2026-08-09 21:13,+05:30,
T1-00351,R-03,03,2026-08-09 13:37,50,2026-08-09 14:25,+05:30,
T1-00352,R-03,03,2026-08-09 16:33,45,2026-08-09 08:60,+05:30,
T1-00353,R-03,03,2026-08-09 09:13,45,2026-08-09 09:55,+05:30,
T1-00354,R-03,03,2026-08-09 12:00,35,2026-08-09 12:31,+05:30,
T1-00355,R-03,03,2026-08-09 17:00,50,2026-08-09 17:55,+05:30,
T1-00356,R-03,03,2026-08-09 20:10,35,2026-08-09 20:46,+05:30,
T1-00357,R-03,03,2026-08-09 07:56,50,2026-08-09 08:55,+05:30,
T1-00358,R-03,03,2026-08-09 08:58,35,2026-08-09 09:35,+05:30,
T1-00359,R-03,03,2026-08-09 10:14,55,2026-08-09 11:07,+05:30,
T1-00360,R-03,03,2026-08-09 08:35,45,2026-08-09 09:22,+05:30,
T1-00361,R-03,03,2026-08-09 20:22,40,2026-08-09 20:17,+05:30,
T1-00362,R-03,03,2026-08-09 16:38,55,2026-08-09 17:35,+05:30,
T1-00363,R-03,03,2026-08-09 19:17,45,2026-08-09 20:02,+05:30,
T1-00364,R-03,03,2026-08-09 19:20,55,2026-08-09 20:23,+05:30,
T1-00365,R-04,04,2026-08-03 15:44,45,2026-08-03 16:35,+05:30,
T1-00366,R-04,04,2026-08-03 16:57,40,2026-08-03 17:36,+05:30,
T1-00367,R-04,04,2026-08-03 14:01,40,2026-08-03 14:40,+05:30,
T1-00368,R-04,04,2026-08-03 18:03,45,2026-08-03 18:47,+05:30,
T1-00369,R-04,04,2026-08-03 11:24,35,2026-08-03 11:57,+05:30,
T1-00370,R-04,04,2026-08-03 10:02,40,2026-08-03 10:41,+05:30,
T1-00371,R-04,04,2026-08-03 20:08,55,2026-08-03 21:07,+05:30,
T1-00372,R-04,04,2026-08-03 06:50,40,2026-08-03 07:30,+05:30,
T1-00373,R-04,04,2026-08-03 07:03,55,2026-08-03 07:57,+05:30,
T1-00374,R-04,04,2026-08-03 17:33,50,2026-08-03 18:22,+05:30,
T1-00375,R-04,04,2026-08-03 15:06,35,2026-08-03 15:44,+05:30,
T1-00376,R-04,04,2026-08-03 20:59,50,2026-08-03 21:49,+05:30,
T1-00377,R-04,04,2026-08-03 21:23,45,2026-08-03 22:09,+05:30,
T1-00378,R-04,04,2026-08-03 13:00,45,2026-08-03 13:45,+05:30,
T1-00379,R-04,04,2026-08-03 16:39,55,2026-08-03 17:34,+05:30,
T1-00380,R-04,04,2026-08-03 06:31,35,2026-08-03 07:05,+05:30,
T1-00381,R-04,04,2026-08-03 17:36,55,2026-08-03 18:36,+05:30,
T1-00382,R-04,04,2026-08-03 19:32,35,2026-08-03 20:06,+05:30,
T1-00383,R-04,04,2026-08-03 09:24,35,2026-08-03 09:54,+05:30,
T1-00384,R-04,04,2026-08-03 14:56,40,2026-08-03 15:39,+05:30,
T1-00385,R-04,04,2026-08-03 21:29,40,2026-08-03 22:10,+05:30,
T1-00386,R-04,04,2026-08-04 19:26,50,2026-08-04 20:17,+05:30,
T1-00387,R-04,04,2026-08-04 06:10,55,2026-08-04 07:05,+05:30,
T1-00388,R-04,04,2026-08-04 10:35,50,2026-08-04 11:26,+05:30,
T1-00389,R-04,04,2026-08-04 20:08,50,2026-08-04 20:59,+05:30,
T1-00390,R-04,04,2026-08-04 18:39,35,2026-08-04 19:18,+05:30,
T1-00391,R-04,04,2026-08-04 16:43,45,2026-08-04 17:30,+05:30,
T1-00392,R-04,04,2026-08-04 10:55,45,2026-08-04 10:50,+05:30,
T1-00393,R-04,04,2026-08-04 14:53,40,2026-08-04 15:32,+05:30,
T1-00394,R-04,04,2026-08-04 12:37,35,2026-08-04 13:15,+05:30,
T1-00395,R-04,04,2026-08-04 16:51,45,2026-08-04 17:32,+05:30,
T1-00396,R-04,04,2026-08-04 21:43,50,2026-08-04 22:34,+05:30,
T1-00397,R-04,04,2026-08-04 18:43,35,2026-08-04 19:23,+05:30,
T1-00398,R-04,04,2026-08-04 20:34,35,2026-08-04 21:06,+05:30,
T1-00399,R-04,04,2026-08-04 11:46,45,2026-08-04 12:33,+05:30,
T1-00400,R-04,04,2026-08-04 18:20,40,2026-08-04 18:55,+05:30,
T1-00401,R-04,04,2026-08-04 06:33,55,2026-08-04 07:24,+05:30,
T1-00402,R-04,04,2026-08-04 11:26,50,2026-08-04 12:19,+05:30,
T1-00403,R-04,04,2026-08-04 10:48,50,2026-08-04 11:35,+05:30,
T1-00404,R-04,04,2026-08-04 09:33,45,2026-08-04 10:13,+05:30,
T1-00405,R-04,04,2026-08-04 18:57,55,2026-08-04 19:50,+05:30,
T1-00406,R-04,04,2026-08-04 15:54,40,2026-08-04 16:41,+05:30,
T1-00407,R-04,04,2026-08-05 13:45,40,2026-08-05 14:27,+05:30,
T1-00408,R-04,04,2026-08-05 20:49,45,2026-08-05 21:40,+05:30,
T1-00409,R-04,04,2026-08-05 11:41,35,2026-08-05 12:09,+05:30,
T1-00410,R-04,04,2026-08-05 12:35,40,2026-08-05 13:11,+05:30,
T1-00411,R-04,04,2026-08-05 14:56,50,2026-08-05 15:51,+05:30,
T1-00412,R-04,04,2026-08-05 11:17,40,2026-08-05 12:00,+05:30,
T1-00413,R-04,04,2026-08-05 13:14,40,2026-08-05 13:58,+05:30,
T1-00414,R-04,04,2026-08-05 12:35,55,2026-08-05 13:28,+05:30,
T1-00415,R-04,04,2026-08-05 20:32,55,2026-08-05 21:29,+05:30,
T1-00416,R-04,04,2026-08-05 13:16,35,2026-08-05 13:49,+05:30,
T1-00417,R-04,04,2026-08-05 18:23,50,2026-08-05 18:18,+05:30,
T1-00418,R-04,04,2026-08-05 15:26,55,2026-08-05 16:30,+05:30,
T1-00419,R-04,04,2026-08-05 20:36,55,2026-08-05 21:39,+05:30,
T1-00420,R-04,04,2026-08-05 07:24,40,2026-08-05 08:04,+05:30,
T1-00421,R-04,04,2026-08-05 13:19,40,2026-08-05 13:54,+05:30,
T1-00422,R-04,04,2026-08-05 21:13,35,2026-08-05 21:45,+05:30,
T1-00423,R-04,04,2026-08-05 07:14,55,2026-08-05 08:06,+05:30,
T1-00424,R-04,04,2026-08-05 13:09,45,2026-08-05 13:53,+05:30,
T1-00425,R-04,04,2026-08-05 19:57,40,2026-08-05 20:34,+05:30,
T1-00426,R-04,04,2026-08-05 13:13,40,2026-08-05 13:54,+05:30,
T1-00427,R-04,04,2026-08-05 19:41,50,2026-08-05 20:37,+05:30,
T1-00428,R-04,04,2026-08-06 08:34,35,2026-08-06 09:04,+05:30,
T1-00429,R-04,04,2026-08-06 15:23,45,2026-08-06 16:05,+05:30,
T1-00430,R-04,04,2026-08-06 20:24,45,2026-08-06 21:01,+05:30,
T1-00431,R-04,04,2026-08-06 21:31,50,2026-08-06 22:23,+05:30,
T1-00432,R-04,04,2026-08-06 09:57,50,2026-08-06 10:55,+05:30,
T1-00433,R-04,04,2026-08-06 20:22,40,2026-08-06 20:57,+05:30,
T1-00434,R-04,04,2026-08-06 15:04,50,2026-08-06 15:58,+05:30,
T1-00435,R-04,04,2026-08-06 19:06,35,2026-08-06 19:47,+05:30,
T1-00436,R-04,04,2026-08-06 17:46,35,2026-08-06 18:20,+05:30,
T1-00437,R-04,04,2026-08-06 13:31,45,2026-08-06 14:15,+05:30,
T1-00438,R-04,04,2026-08-06 14:30,35,2026-08-06 15:07,+05:30,
T1-00439,R-04,04,2026-08-06 10:36,45,2026-08-06 11:19,+05:30,
T1-00440,R-04,04,2026-08-06 16:04,35,2026-08-06 16:35,+05:30,
T1-00441,R-04,04,2026-08-06 17:42,55,2026-08-06 18:35,+05:30,
T1-00442,R-04,04,2026-08-06 21:51,50,2026-08-06 22:34,+05:30,
T1-00443,R-04,04,2026-08-06 15:53,55,2026-08-06 16:49,+05:30,
T1-00444,R-04,04,2026-08-06 15:09,40,2026-08-06 15:49,+05:30,
T1-00445,R-04,04,2026-08-06 17:02,35,2026-08-06 17:39,+05:30,
T1-00446,R-04,04,2026-08-06 08:08,55,2026-08-06 09:04,+05:30,
T1-00447,R-04,04,2026-08-06 07:34,35,2026-08-06 08:07,+05:30,
T1-00448,R-04,04,2026-08-06 15:17,35,2026-08-06 15:55,+05:30,
T1-00449,R-04,04,2026-08-07 07:14,45,2026-08-07 08:01,+05:30,
T1-00450,R-04,04,2026-08-07 10:37,35,2026-08-07 11:11,+05:30,
T1-00451,R-04,04,2026-08-07 10:12,45,2026-08-07 10:58,+05:30,
T1-00452,R-04,04,2026-08-07 11:00,50,2026-08-07 11:57,+05:30,
T1-00453,R-04,04,2026-08-07 21:58,55,2026-08-07 22:50,+05:30,
T1-00454,R-04,04,2026-08-07 19:05,45,2026-08-07 19:49,+05:30,
T1-00455,R-04,04,2026-08-07 11:49,50,2026-08-07 12:38,+05:30,
T1-00456,R-04,04,2026-08-07 09:12,35,2026-08-07 09:50,+05:30,
T1-00457,R-04,04,2026-08-07 17:31,50,2026-08-07 18:17,+05:30,
T1-00458,R-04,04,2026-08-07 11:27,55,2026-08-07 12:20,+05:30,
T1-00459,R-04,04,2026-08-07 09:43,45,2026-08-07 10:24,+05:30,
T1-00460,R-04,04,2026-08-07 06:16,40,2026-08-07 07:00,+05:30,
T1-00461,R-04,04,2026-08-07 11:17,55,2026-08-07 12:11,+05:30,
T1-00462,R-04,04,2026-08-07 18:12,45,2026-08-07 18:52,+05:30,
T1-00463,R-04,04,2026-08-07 10:39,40,2026-08-07 11:15,+05:30,
T1-00464,R-04,04,2026-08-07 12:24,40,2026-08-07 13:03,+05:30,
T1-00465,R-04,04,2026-08-07 19:57,55,2026-08-07 20:58,+05:30,
T1-00466,R-04,04,2026-08-07 07:09,45,2026-08-07 07:53,+05:30,
T1-00467,R-04,04,2026-08-07 17:57,35,2026-08-07 18:38,+05:30,
T1-00468,R-04,04,2026-08-07 10:46,55,2026-08-07 11:38,+05:30,
T1-00469,R-04,04,2026-08-07 19:15,55,2026-08-07 20:09,+05:30,
T1-00470,R-04,04,2026-08-08 10:02,40,2026-08-08 08:60,+05:30,
T1-00471,R-04,04,2026-08-08 15:06,45,2026-08-08 15:47,+05:30,
T1-00472,R-04,04,2026-08-08 18:30,45,2026-08-08 19:11,+05:30,
T1-00473,R-04,04,2026-08-08 18:14,35,2026-08-08 18:50,+05:30,
T1-00474,R-04,04,2026-08-08 21:03,40,2026-08-08 21:40,+05:30,
T1-00475,R-04,04,2026-08-08 12:44,40,2026-08-08 13:21,+05:30,
T1-00476,R-04,04,2026-08-08 07:30,50,2026-08-08 08:25,+05:30,
T1-00477,R-04,04,2026-08-08 07:05,40,2026-08-08 07:47,+05:30,
T1-00478,R-04,04,2026-08-08 19:18,45,2026-08-08 20:02,+05:30,
T1-00479,R-04,04,2026-08-08 19:38,40,2026-08-08 20:25,+05:30,
T1-00480,R-04,04,2026-08-08 09:35,45,2026-08-08 10:19,+05:30,
T1-00481,R-04,04,2026-08-08 13:35,50,2026-08-08 14:22,+05:30,
T1-00482,R-04,04,2026-08-08 18:18,55,2026-08-08 19:11,+05:30,
T1-00483,R-04,04,2026-08-08 15:26,50,2026-08-08 16:20,+05:30,
T1-00484,R-04,04,2026-08-08 16:13,50,2026-08-08 16:57,+05:30,
T1-00485,R-04,04,2026-08-08 13:34,35,2026-08-08 14:10,+05:30,
T1-00486,R-04,04,2026-08-08 19:47,50,2026-08-08 20:30,+05:30,
T1-00487,R-04,04,2026-08-08 19:04,50,2026-08-08 19:59,+05:30,
T1-00488,R-04,04,2026-08-08 20:57,45,2026-08-08 21:43,+05:30,
T1-00489,R-04,04,2026-08-08 17:42,50,2026-08-08 18:36,+05:30,
T1-00490,R-04,04,2026-08-08 08:16,55,2026-08-08 08:59,+05:30,
T1-00491,R-04,04,2026-08-09 12:43,45,2026-08-09 13:31,+05:30,
T1-00492,R-04,04,2026-08-09 20:37,35,2026-08-09 21:12,+05:30,
T1-00493,R-04,04,2026-08-09 10:09,40,2026-08-09 10:57,+05:30,
T1-00494,R-04,04,2026-08-09 19:38,35,2026-08-09 20:13,+05:30,
T1-00495,R-04,04,2026-08-09 13:50,40,2026-08-09 14:34,+05:30,
T1-00496,R-04,04,2026-08-09 11:04,35,2026-08-09 11:43,+05:30,
T1-00497,R-04,04,2026-08-09 12:55,55,2026-08-09 13:49,+05:30,
T1-00498,R-04,04,2026-08-09 10:25,50,2026-08-09 11:20,+05:30,
T1-00499,R-04,04,2026-08-09 19:44,40,2026-08-09 20:28,+05:30,
T1-00500,R-04,04,2026-08-09 08:06,35,2026-08-09 08:44,+05:30,
T1-00501,R-04,04,2026-08-09 12:53,40,2026-08-09 13:31,+05:30,
T1-00502,R-04,04,2026-08-09 18:17,40,2026-08-09 18:53,+05:30,
T1-00503,R-04,04,2026-08-09 18:54,35,2026-08-09 19:27,+05:30,
T1-00504,R-04,04,2026-08-09 12:37,40,2026-08-09 13:24,+05:30,
T1-00505,R-04,04,2026-08-09 13:09,40,2026-08-09 13:47,+05:30,
T1-00506,R-04,04,2026-08-09 17:03,55,2026-08-09 17:59,+05:30,
T1-00507,R-04,04,2026-08-09 19:46,40,2026-08-09 20:23,+05:30,
T1-00508,R-04,04,2026-08-09 20:39,35,2026-08-09 21:19,+05:30,
T1-00509,R-04,04,2026-08-09 09:22,55,2026-08-09 10:14,+05:30,
T1-00510,R-04,04,2026-08-09 06:13,35,2026-08-09 06:52,+05:30,
T1-00511,R-04,04,2026-08-09 14:09,50,2026-08-09 14:55,+05:30,
T1-00512,R-05,05,2026-08-03 13:10,40,2026-08-03 13:46,+05:30,
T1-00513,R-05,05,2026-08-03 18:29,45,2026-08-03 19:16,+05:30,
T1-00514,R-05,05,2026-08-03 06:59,55,2026-08-03 08:09,+05:30,
T1-00515,R-05,05,2026-08-03 12:21,50,2026-08-03 13:18,+05:30,
T1-00516,R-05,05,2026-08-03 15:55,55,2026-08-03 16:51,+05:30,
T1-00517,R-05,05,2026-08-03 13:34,45,2026-08-03 14:21,+05:30,
T1-00518,R-05,05,2026-08-03 08:55,35,2026-08-03 09:37,+05:30,
T1-00519,R-05,05,2026-08-03 14:07,35,2026-08-03 14:39,+05:30,
T1-00520,R-05,05,2026-08-03 06:36,50,2026-08-03 07:31,+05:30,
T1-00521,R-05,05,2026-08-03 19:00,35,2026-08-03 19:38,+05:30,
T1-00522,R-05,05,2026-08-03 21:45,40,2026-08-03 22:27,+05:30,
T1-00523,R-05,05,2026-08-03 19:10,55,2026-08-03 20:06,+05:30,
T1-00524,R-05,05,2026-08-03 18:24,55,2026-08-03 19:23,+05:30,
T1-00525,R-05,05,2026-08-03 07:41,35,2026-08-03 08:19,+05:30,
T1-00526,R-05,05,2026-08-03 07:50,50,2026-08-03 08:52,+05:30,
T1-00527,R-05,05,2026-08-04 19:51,45,2026-08-04 20:40,+05:30,
T1-00528,R-05,05,2026-08-04 10:10,40,2026-08-04 10:48,+05:30,
T1-00529,R-05,05,2026-08-04 14:00,45,2026-08-04 14:46,+05:30,
T1-00530,R-05,05,2026-08-04 06:04,35,2026-08-04 06:40,+05:30,
T1-00531,R-05,05,2026-08-04 06:32,35,2026-08-04 07:07,+05:30,
T1-00532,R-05,05,2026-08-04 19:32,45,2026-08-04 20:23,+05:30,
T1-00533,R-05,05,2026-08-04 20:24,40,2026-08-04 21:08,+05:30,
T1-00534,R-05,05,2026-08-04 19:22,35,2026-08-04 19:59,+05:30,
T1-00535,R-05,05,2026-08-04 11:45,55,2026-08-04 12:49,+05:30,
T1-00536,R-05,05,2026-08-04 15:59,45,2026-08-04 16:49,+05:30,
T1-00537,R-05,05,2026-08-04 20:50,40,2026-08-04 21:32,+05:30,
T1-00538,R-05,05,2026-08-04 19:42,50,2026-08-04 20:40,+05:30,
T1-00539,R-05,05,2026-08-04 09:46,50,2026-08-04 10:41,+05:30,
T1-00540,R-05,05,2026-08-04 08:45,40,2026-08-04 09:25,+05:30,
T1-00541,R-05,05,2026-08-04 06:33,40,2026-08-04 07:14,+05:30,
T1-00542,R-05,05,2026-08-05 08:36,50,2026-08-05 09:33,+05:30,
T1-00543,R-05,05,2026-08-05 10:12,55,2026-08-05 11:07,+05:30,
T1-00544,R-05,05,2026-08-05 08:38,35,2026-08-05 09:14,+05:30,
T1-00545,R-05,05,2026-08-05 14:13,50,2026-08-05 15:06,+05:30,
T1-00546,R-05,05,2026-08-05 14:53,45,2026-08-05 15:36,+05:30,
T1-00547,R-05,05,2026-08-05 10:43,55,2026-08-05 11:41,+05:30,
T1-00548,R-05,05,2026-08-05 19:10,35,2026-08-05 19:45,+05:30,
T1-00549,R-05,05,2026-08-05 08:28,55,2026-08-05 09:21,+05:30,
T1-00550,R-05,05,2026-08-05 09:27,35,2026-08-05 10:08,+05:30,
T1-00551,R-05,05,2026-08-05 08:48,45,2026-08-05 09:33,+05:30,
T1-00552,R-05,05,2026-08-05 18:05,35,2026-08-05 18:41,+05:30,
T1-00553,R-05,05,2026-08-05 16:20,55,2026-08-05 17:22,+05:30,
T1-00554,R-05,05,2026-08-05 17:50,55,2026-08-05 18:48,+05:30,
T1-00555,R-05,05,2026-08-05 21:01,45,2026-08-05 21:50,+05:30,
T1-00556,R-05,05,2026-08-05 10:49,55,2026-08-05 11:53,+05:30,
T1-00557,R-05,05,2026-08-06 11:18,35,2026-08-06 12:05,+05:30,
T1-00558,R-05,05,2026-08-06 06:13,55,2026-08-06 07:07,+05:30,
T1-00559,R-05,05,2026-08-06 10:57,35,2026-08-06 11:29,+05:30,
T1-00560,R-05,05,2026-08-06 10:17,45,2026-08-06 10:54,+05:30,
T1-00561,R-05,05,2026-08-06 17:44,45,2026-08-06 18:36,+05:30,
T1-00562,R-05,05,2026-08-06 16:50,45,2026-08-06 17:35,+05:30,
T1-00563,R-05,05,2026-08-06 14:37,45,2026-08-06 15:24,+05:30,
T1-00564,R-05,05,2026-08-06 09:32,45,2026-08-06 10:16,+05:30,
T1-00565,R-05,05,2026-08-06 08:20,55,2026-08-06 09:17,+05:30,
T1-00566,R-05,05,2026-08-06 09:06,45,2026-08-06 09:53,+05:30,
T1-00567,R-05,05,2026-08-06 10:50,35,2026-08-06 11:34,+05:30,
T1-00568,R-05,05,2026-08-06 20:15,55,2026-08-06 21:18,+05:30,
T1-00569,R-05,05,2026-08-06 07:56,40,2026-08-06 08:36,+05:30,
T1-00570,R-05,05,2026-08-06 13:05,35,2026-08-06 13:33,+05:30,
T1-00571,R-05,05,2026-08-06 08:56,55,2026-08-06 09:40,+05:30,
T1-00572,R-05,05,2026-08-07 19:39,35,2026-08-07 20:15,+05:30,
T1-00573,R-05,05,2026-08-07 13:16,55,2026-08-07 14:16,+05:30,
T1-00574,R-05,05,2026-08-07 08:20,35,2026-08-07 08:51,+05:30,
T1-00575,R-05,05,2026-08-07 09:05,45,2026-08-07 09:50,+05:30,
T1-00576,R-05,05,2026-08-07 09:42,50,2026-08-07 10:35,+05:30,
T1-00577,R-05,05,2026-08-07 08:39,55,2026-08-07 09:31,+05:30,
T1-00578,R-05,05,2026-08-07 20:48,45,2026-08-07 21:33,+05:30,
T1-00579,R-05,05,2026-08-07 18:25,50,2026-08-07 19:19,+05:30,
T1-00580,R-05,05,2026-08-07 18:16,55,2026-08-07 19:09,+05:30,
T1-00581,R-05,05,2026-08-07 13:56,35,2026-08-07 14:36,+05:30,
T1-00582,R-05,05,2026-08-07 19:47,35,2026-08-07 20:27,+05:30,
T1-00583,R-05,05,2026-08-07 18:30,45,2026-08-07 19:15,+05:30,
T1-00584,R-05,05,2026-08-07 11:59,50,2026-08-07 12:50,+05:30,
T1-00585,R-05,05,2026-08-07 14:42,55,2026-08-07 15:44,+05:30,
T1-00586,R-05,05,2026-08-07 07:09,50,2026-08-07 08:02,+05:30,
T1-00587,R-05,05,2026-08-08 15:47,50,2026-08-08 16:41,+05:30,
T1-00588,R-05,05,2026-08-08 08:14,55,2026-08-08 09:08,+05:30,
T1-00589,R-05,05,2026-08-08 09:15,55,2026-08-08 10:12,+05:30,
T1-00590,R-05,05,2026-08-08 18:49,55,2026-08-08 19:51,+05:30,
T1-00591,R-05,05,2026-08-08 08:02,35,2026-08-08 08:43,+05:30,
T1-00592,R-05,05,2026-08-08 16:27,50,2026-08-08 17:17,+05:30,
T1-00593,R-05,05,2026-08-08 17:12,50,2026-08-08 18:01,+05:30,
T1-00594,R-05,05,2026-08-08 09:02,35,2026-08-08 09:37,+05:30,
T1-00595,R-05,05,2026-08-08 12:40,45,2026-08-08 13:30,+05:30,
T1-00596,R-05,05,2026-08-08 10:55,35,2026-08-08 11:27,+05:30,
T1-00597,R-05,05,2026-08-08 08:05,40,2026-08-08 08:44,+05:30,
T1-00598,R-05,05,2026-08-08 10:42,55,2026-08-08 11:33,+05:30,
T1-00599,R-05,05,2026-08-08 12:23,35,2026-08-08 13:01,+05:30,
T1-00600,R-05,05,2026-08-08 13:52,50,2026-08-08 14:43,+05:30,
T1-00601,R-05,05,2026-08-08 13:38,45,2026-08-08 14:21,+05:30,
T1-00602,R-05,05,2026-08-09 13:30,45,2026-08-09 14:18,+05:30,
T1-00603,R-05,05,2026-08-09 21:29,35,2026-08-09 22:11,+05:30,
T1-00604,R-05,05,2026-08-09 20:10,40,2026-08-09 20:56,+05:30,
T1-00605,R-05,05,2026-08-09 10:32,35,2026-08-09 11:12,+05:30,
T1-00606,R-05,05,2026-08-09 14:19,45,2026-08-09 15:04,+05:30,
T1-00607,R-05,05,2026-08-09 21:20,45,2026-08-09 22:08,+05:30,
T1-00608,R-05,05,2026-08-09 09:39,55,2026-08-09 10:39,+05:30,
T1-00609,R-05,05,2026-08-09 09:37,45,2026-08-09 10:15,+05:30,
T1-00610,R-05,05,2026-08-09 20:19,45,2026-08-09 21:09,+05:30,
T1-00611,R-05,05,2026-08-09 20:00,35,2026-08-09 20:40,+05:30,
T1-00612,R-05,05,2026-08-09 09:39,35,2026-08-09 10:19,+05:30,
T1-00613,R-05,05,2026-08-09 06:17,45,2026-08-09 07:05,+05:30,
T1-00614,R-05,05,2026-08-09 13:00,40,2026-08-09 13:44,+05:30,
T1-00615,R-05,05,2026-08-09 09:00,55,2026-08-09 09:57,+05:30,
T1-00616,R-05,05,2026-08-09 19:04,45,2026-08-09 19:54,+05:30,
T1-00617,R-06,06,2026-08-03 19:18,55,2026-08-03 20:14,+05:30,
T1-00618,R-06,06,2026-08-03 08:54,55,2026-08-03 09:46,+05:30,
T1-00619,R-06,06,2026-08-03 06:39,35,2026-08-03 07:11,+05:30,
T1-00620,R-06,06,2026-08-03 16:23,55,2026-08-03 17:22,+05:30,
T1-00621,R-06,06,2026-08-03 16:10,45,2026-08-03 16:48,+05:30,
T1-00622,R-06,06,2026-08-03 09:49,40,2026-08-03 10:28,+05:30,
T1-00623,R-06,06,2026-08-03 06:13,55,2026-08-03 07:08,+05:30,
T1-00624,R-06,06,2026-08-03 06:02,45,2026-08-03 06:50,+05:30,
T1-00625,R-06,06,2026-08-03 18:00,45,2026-08-03 18:42,+05:30,
T1-00626,R-06,06,2026-08-03 17:47,40,2026-08-03 18:25,+05:30,
T1-00627,R-06,06,2026-08-03 08:44,35,2026-08-03 09:20,+05:30,
T1-00628,R-06,06,2026-08-03 20:11,50,2026-08-03 20:58,+05:30,
T1-00629,R-06,06,2026-08-03 20:54,50,2026-08-03 21:37,+05:30,
T1-00630,R-06,06,2026-08-03 16:55,45,2026-08-03 17:37,+05:30,
T1-00631,R-06,06,2026-08-03 15:48,40,2026-08-03 16:27,+05:30,
T1-00632,R-06,06,2026-08-03 06:00,35,2026-08-03 06:26,+05:30,
T1-00633,R-06,06,2026-08-03 17:46,40,2026-08-03 18:26,+05:30,
T1-00634,R-06,06,2026-08-04 11:04,50,2026-08-04 11:57,+05:30,
T1-00635,R-06,06,2026-08-04 06:59,55,2026-08-04 07:48,+05:30,
T1-00636,R-06,06,2026-08-04 16:30,55,2026-08-04 17:24,+05:30,
T1-00637,R-06,06,2026-08-04 07:23,50,2026-08-04 08:12,+05:30,
T1-00638,R-06,06,2026-08-04 21:57,45,2026-08-04 22:38,+05:30,
T1-00639,R-06,06,2026-08-04 06:01,40,2026-08-04 06:48,+05:30,
T1-00640,R-06,06,2026-08-04 13:22,55,2026-08-04 14:19,+05:30,
T1-00641,R-06,06,2026-08-04 09:47,40,2026-08-04 10:29,+05:30,
T1-00642,R-06,06,2026-08-04 17:46,55,2026-08-04 18:37,+05:30,
T1-00643,R-06,06,2026-08-04 07:38,35,2026-08-04 08:12,+05:30,
T1-00644,R-06,06,2026-08-04 19:09,45,2026-08-04 19:53,+05:30,
T1-00645,R-06,06,2026-08-04 15:29,45,2026-08-04 16:07,+05:30,
T1-00646,R-06,06,2026-08-04 08:03,50,2026-08-04 08:51,+05:30,
T1-00647,R-06,06,2026-08-04 09:06,40,2026-08-04 09:45,+05:30,
T1-00648,R-06,06,2026-08-04 09:25,35,2026-08-04 09:54,+05:30,
T1-00649,R-06,06,2026-08-04 19:49,40,2026-08-04 20:36,+05:30,
T1-00650,R-06,06,2026-08-04 14:26,45,2026-08-04 15:03,+05:30,
T1-00651,R-06,06,2026-08-05 18:20,45,2026-08-05 19:07,+05:30,
T1-00652,R-06,06,2026-08-05 11:19,50,2026-08-05 12:01,+05:30,
T1-00653,R-06,06,2026-08-05 19:28,40,2026-08-05 20:18,+05:30,
T1-00654,R-06,06,2026-08-05 09:41,40,2026-08-05 10:18,+05:30,
T1-00655,R-06,06,2026-08-05 19:30,40,2026-08-05 20:06,+05:30,
T1-00656,R-06,06,2026-08-05 10:17,50,2026-08-05 11:08,+05:30,
T1-00657,R-06,06,2026-08-05 14:19,45,2026-08-05 15:01,+05:30,
T1-00658,R-06,06,2026-08-05 08:12,40,2026-08-05 08:51,+05:30,
T1-00659,R-06,06,2026-08-05 20:56,35,2026-08-05 21:26,+05:30,
T1-00660,R-06,06,2026-08-05 19:40,50,2026-08-05 20:29,+05:30,
T1-00661,R-06,06,2026-08-05 15:59,40,2026-08-05 16:42,+05:30,
T1-00662,R-06,06,2026-08-05 19:38,40,2026-08-05 20:16,+05:30,
T1-00663,R-06,06,2026-08-05 19:46,35,2026-08-05 20:21,+05:30,
T1-00664,R-06,06,2026-08-05 17:57,45,2026-08-05 18:42,+05:30,
T1-00665,R-06,06,2026-08-05 19:36,50,2026-08-05 20:27,+05:30,
T1-00666,R-06,06,2026-08-05 09:06,50,2026-08-05 09:49,+05:30,
T1-00667,R-06,06,2026-08-05 10:55,55,2026-08-05 11:42,+05:30,
T1-00668,R-06,06,2026-08-06 18:43,55,2026-08-06 19:38,+05:30,
T1-00669,R-06,06,2026-08-06 07:13,35,2026-08-06 07:52,+05:30,
T1-00670,R-06,06,2026-08-06 17:56,35,2026-08-06 18:29,+05:30,
T1-00671,R-06,06,2026-08-06 09:00,55,2026-08-06 09:51,+05:30,
T1-00672,R-06,06,2026-08-06 21:15,45,2026-08-06 22:02,+05:30,
T1-00673,R-06,06,2026-08-06 10:47,50,2026-08-06 10:42,+05:30,
T1-00674,R-06,06,2026-08-06 19:12,35,2026-08-06 19:47,+05:30,
T1-00675,R-06,06,2026-08-06 14:46,45,2026-08-06 15:29,+05:30,
T1-00676,R-06,06,2026-08-06 07:29,45,2026-08-06 08:12,+05:30,
T1-00677,R-06,06,2026-08-06 11:49,55,2026-08-06 12:50,+05:30,
T1-00678,R-06,06,2026-08-06 14:28,55,2026-08-06 15:27,+05:30,
T1-00679,R-06,06,2026-08-06 15:44,40,2026-08-06 16:20,+05:30,
T1-00680,R-06,06,2026-08-06 19:16,40,2026-08-06 19:53,+05:30,
T1-00681,R-06,06,2026-08-06 16:27,40,2026-08-06 17:10,+05:30,
T1-00682,R-06,06,2026-08-06 16:33,45,2026-08-06 17:24,+05:30,
T1-00683,R-06,06,2026-08-06 07:47,50,2026-08-06 08:38,+05:30,
T1-00684,R-06,06,2026-08-06 21:40,35,2026-08-06 22:18,+05:30,
T1-00685,R-06,06,2026-08-07 13:29,50,2026-08-07 14:23,+05:30,
T1-00686,R-06,06,2026-08-07 10:14,55,2026-08-07 11:04,+05:30,
T1-00687,R-06,06,2026-08-07 20:10,35,2026-08-07 20:45,+05:30,
T1-00688,R-06,06,2026-08-07 21:37,45,2026-08-07 22:18,+05:30,
T1-00689,R-06,06,2026-08-07 12:16,50,2026-08-07 13:03,+05:30,
T1-00690,R-06,06,2026-08-07 20:13,50,2026-08-07 21:07,+05:30,
T1-00691,R-06,06,2026-08-07 19:16,40,2026-08-07 19:52,+05:30,
T1-00692,R-06,06,2026-08-07 18:17,45,2026-08-07 19:01,+05:30,
T1-00693,R-06,06,2026-08-07 13:44,40,2026-08-07 14:32,+05:30,
T1-00694,R-06,06,2026-08-07 09:03,40,2026-08-07 09:35,+05:30,
T1-00695,R-06,06,2026-08-07 20:49,55,2026-08-07 21:41,+05:30,
T1-00696,R-06,06,2026-08-07 16:07,55,2026-08-07 17:01,+05:30,
T1-00697,R-06,06,2026-08-07 14:42,50,2026-08-07 15:22,+05:30,
T1-00698,R-06,06,2026-08-07 09:39,55,2026-08-07 10:31,+05:30,
T1-00699,R-06,06,2026-08-07 06:47,40,2026-08-07 07:22,+05:30,
T1-00700,R-06,06,2026-08-07 10:04,35,2026-08-07 10:34,+05:30,
T1-00701,R-06,06,2026-08-07 16:45,40,2026-08-07 17:28,+05:30,
T1-00702,R-06,06,2026-08-08 19:12,50,2026-08-08 20:05,+05:30,
T1-00703,R-06,06,2026-08-08 18:51,40,2026-08-08 19:32,+05:30,
T1-00704,R-06,06,2026-08-08 06:30,35,2026-08-08 07:03,+05:30,
T1-00705,R-06,06,2026-08-08 12:48,45,2026-08-08 13:26,+05:30,
T1-00706,R-06,06,2026-08-08 07:38,35,2026-08-08 08:08,+05:30,
T1-00707,R-06,06,2026-08-08 19:24,50,2026-08-08 20:12,+05:30,
T1-00708,R-06,06,2026-08-08 07:23,50,2026-08-08 08:08,+05:30,
T1-00709,R-06,06,2026-08-08 19:14,55,2026-08-08 20:04,+05:30,
T1-00710,R-06,06,2026-08-08 07:16,50,2026-08-08 08:03,+05:30,
T1-00711,R-06,06,2026-08-08 15:12,35,2026-08-08 15:52,+05:30,
T1-00712,R-06,06,2026-08-08 16:07,35,2026-08-08 16:43,+05:30,
T1-00713,R-06,06,2026-08-08 15:08,35,2026-08-08 15:37,+05:30,
T1-00714,R-06,06,2026-08-08 20:03,45,2026-08-08 20:50,+05:30,
T1-00715,R-06,06,2026-08-08 14:32,45,2026-08-08 15:14,+05:30,
T1-00716,R-06,06,2026-08-08 20:32,40,2026-08-08 21:13,+05:30,
T1-00717,R-06,06,2026-08-08 19:33,45,2026-08-08 20:14,+05:30,
T1-00718,R-06,06,2026-08-08 20:08,50,2026-08-08 20:50,+05:30,
T1-00719,R-06,06,2026-08-09 18:58,45,2026-08-09 19:34,+05:30,
T1-00720,R-06,06,2026-08-09 07:44,40,2026-08-09 08:18,+05:30,
T1-00721,R-06,06,2026-08-09 19:05,45,2026-08-09 19:53,+05:30,
T1-00722,R-06,06,2026-08-09 07:36,50,2026-08-09 08:27,+05:30,
T1-00723,R-06,06,2026-08-09 06:48,40,2026-08-09 07:27,+05:30,
T1-00724,R-06,06,2026-08-09 13:55,35,2026-08-09 14:24,+05:30,
T1-00725,R-06,06,2026-08-09 19:46,55,2026-08-09 20:39,+05:30,
T1-00726,R-06,06,2026-08-09 16:24,50,2026-08-09 17:12,+05:30,
T1-00727,R-06,06,2026-08-09 12:49,55,2026-08-09 13:41,+05:30,
T1-00728,R-06,06,2026-08-09 17:57,35,2026-08-09 18:33,+05:30,
T1-00729,R-06,06,2026-08-09 18:32,35,2026-08-09 19:03,+05:30,
T1-00730,R-06,06,2026-08-09 13:52,40,2026-08-09 14:32,+05:30,
T1-00731,R-06,06,2026-08-09 18:07,50,2026-08-09 18:58,+05:30,
T1-00732,R-06,06,2026-08-09 06:00,35,2026-08-09 06:35,+05:30,
T1-00733,R-06,06,2026-08-09 11:41,35,2026-08-09 12:16,+05:30,
T1-00734,R-06,06,2026-08-09 18:29,55,2026-08-09 08:60,+05:30,
T1-00735,R-06,06,2026-08-09 18:51,35,2026-08-09 19:20,+05:30,
T1-00736,R-07,07,2026-08-03 08:53,45,2026-08-03 09:46,+05:30,
T1-00737,R-07,07,2026-08-03 08:47,55,2026-08-03 09:48,+05:30,
T1-00738,R-07,07,2026-08-03 21:47,35,2026-08-03 22:21,+05:30,
T1-00739,R-07,07,2026-08-03 07:35,50,2026-08-03 08:35,+05:30,
T1-00740,R-07,07,2026-08-03 13:51,40,2026-08-03 14:37,+05:30,
T1-00741,R-07,07,2026-08-03 15:37,55,2026-08-03 16:27,+05:30,
T1-00742,R-07,07,2026-08-03 19:19,35,2026-08-03 20:00,+05:30,
T1-00743,R-07,07,2026-08-03 11:45,50,2026-08-03 12:36,+05:30,
T1-00744,R-07,07,2026-08-03 21:27,40,2026-08-03 22:12,+05:30,
T1-00745,R-07,07,2026-08-03 18:32,40,2026-08-03 19:21,+05:30,
T1-00746,R-07,07,2026-08-03 09:35,35,2026-08-03 10:08,+05:30,
T1-00747,R-07,07,2026-08-03 19:05,35,2026-08-03 19:42,+05:30,
T1-00748,R-07,07,2026-08-03 14:19,55,2026-08-03 15:12,+05:30,
T1-00749,R-07,07,2026-08-03 21:41,50,2026-08-03 22:37,+05:30,
T1-00750,R-07,07,2026-08-03 13:15,40,2026-08-03 13:58,+05:30,
T1-00751,R-07,07,2026-08-03 17:10,40,2026-08-03 17:55,+05:30,
T1-00752,R-07,07,2026-08-03 17:07,55,2026-08-03 18:01,+05:30,
T1-00753,R-07,07,2026-08-03 08:42,55,2026-08-03 09:34,+05:30,
T1-00754,R-07,07,2026-08-03 14:47,40,2026-08-03 15:29,+05:30,
T1-00755,R-07,07,2026-08-03 17:31,45,2026-08-03 18:19,+05:30,
T1-00756,R-07,07,2026-08-03 19:24,45,2026-08-03 20:19,+05:30,
T1-00757,R-07,07,2026-08-04 21:50,35,2026-08-04 22:26,+05:30,
T1-00758,R-07,07,2026-08-04 20:01,50,2026-08-04 20:53,+05:30,
T1-00759,R-07,07,2026-08-04 06:02,50,2026-08-04 06:52,+05:30,
T1-00760,R-07,07,2026-08-04 09:58,50,2026-08-04 10:49,+05:30,
T1-00761,R-07,07,2026-08-04 15:14,40,2026-08-04 15:55,+05:30,
T1-00762,R-07,07,2026-08-04 14:02,55,2026-08-04 15:00,+05:30,
T1-00763,R-07,07,2026-08-04 13:25,40,2026-08-04 14:11,+05:30,
T1-00764,R-07,07,2026-08-04 14:17,50,2026-08-04 15:11,+05:30,
T1-00765,R-07,07,2026-08-04 11:43,50,2026-08-04 12:40,+05:30,
T1-00766,R-07,07,2026-08-04 08:47,50,2026-08-04 09:42,+05:30,
T1-00767,R-07,07,2026-08-04 10:20,45,2026-08-04 11:09,+05:30,
T1-00768,R-07,07,2026-08-04 19:39,35,2026-08-04 20:14,+05:30,
T1-00769,R-07,07,2026-08-04 09:11,45,2026-08-04 10:05,+05:30,
T1-00770,R-07,07,2026-08-04 06:01,55,2026-08-04 07:00,+05:30,
T1-00771,R-07,07,2026-08-04 16:02,45,2026-08-04 16:54,+05:30,
T1-00772,R-07,07,2026-08-04 12:53,45,2026-08-04 13:44,+05:30,
T1-00773,R-07,07,2026-08-04 21:24,50,2026-08-04 22:18,+05:30,
T1-00774,R-07,07,2026-08-04 17:46,40,2026-08-04 18:27,+05:30,
T1-00775,R-07,07,2026-08-04 15:57,50,2026-08-04 16:48,+05:30,
T1-00776,R-07,07,2026-08-04 20:24,40,2026-08-04 21:15,+05:30,
T1-00777,R-07,07,2026-08-04 11:52,55,2026-08-04 12:48,+05:30,
T1-00778,R-07,07,2026-08-05 09:35,45,2026-08-05 10:20,+05:30,
T1-00779,R-07,07,2026-08-05 07:21,40,2026-08-05 07:53,+05:30,
T1-00780,R-07,07,2026-08-05 14:43,50,2026-08-05 15:35,+05:30,
T1-00781,R-07,07,2026-08-05 13:38,45,2026-08-05 14:23,+05:30,
T1-00782,R-07,07,2026-08-05 14:46,55,2026-08-05 15:41,+05:30,
T1-00783,R-07,07,2026-08-05 08:46,35,2026-08-05 09:25,+05:30,
T1-00784,R-07,07,2026-08-05 14:04,35,2026-08-05 14:40,+05:30,
T1-00785,R-07,07,2026-08-05 06:37,35,2026-08-05 07:13,+05:30,
T1-00786,R-07,07,2026-08-05 17:00,45,2026-08-05 17:43,+05:30,
T1-00787,R-07,07,2026-08-05 09:53,55,2026-08-05 10:51,+05:30,
T1-00788,R-07,07,2026-08-05 09:35,40,2026-08-05 10:18,+05:30,
T1-00789,R-07,07,2026-08-05 12:47,40,2026-08-05 13:39,+05:30,
T1-00790,R-07,07,2026-08-05 06:46,40,2026-08-05 07:30,+05:30,
T1-00791,R-07,07,2026-08-05 11:59,45,2026-08-05 12:47,+05:30,
T1-00792,R-07,07,2026-08-05 10:03,50,2026-08-05 10:49,+05:30,
T1-00793,R-07,07,2026-08-05 07:05,50,2026-08-05 08:04,+05:30,
T1-00794,R-07,07,2026-08-05 06:05,40,2026-08-05 06:55,+05:30,
T1-00795,R-07,07,2026-08-05 20:19,35,2026-08-05 20:52,+05:30,
T1-00796,R-07,07,2026-08-05 11:04,45,2026-08-05 11:49,+05:30,
T1-00797,R-07,07,2026-08-05 19:42,55,2026-08-05 20:39,+05:30,
T1-00798,R-07,07,2026-08-05 07:44,50,2026-08-05 08:42,+05:30,
T1-00799,R-07,07,2026-08-06 18:54,50,2026-08-06 19:43,+05:30,
T1-00800,R-07,07,2026-08-06 06:18,55,2026-08-06 07:14,+05:30,
T1-00801,R-07,07,2026-08-06 21:13,45,2026-08-06 21:55,+05:30,
T1-00802,R-07,07,2026-08-06 11:57,35,2026-08-06 12:37,+05:30,
T1-00803,R-07,07,2026-08-06 11:17,40,2026-08-06 12:04,+05:30,
T1-00804,R-07,07,2026-08-06 15:06,40,2026-08-06 15:47,+05:30,
T1-00805,R-07,07,2026-08-06 10:51,40,2026-08-06 11:33,+05:30,
T1-00806,R-07,07,2026-08-06 10:11,50,2026-08-06 11:03,+05:30,
T1-00807,R-07,07,2026-08-06 18:35,45,2026-08-06 19:21,+05:30,
T1-00808,R-07,07,2026-08-06 18:52,35,2026-08-06 19:24,+05:30,
T1-00809,R-07,07,2026-08-06 16:40,35,2026-08-06 17:17,+05:30,
T1-00810,R-07,07,2026-08-06 21:57,45,2026-08-06 22:47,+05:30,
T1-00811,R-07,07,2026-08-06 15:37,40,2026-08-06 16:22,+05:30,
T1-00812,R-07,07,2026-08-06 11:29,35,2026-08-06 12:07,+05:30,
T1-00813,R-07,07,2026-08-06 21:00,50,2026-08-06 21:52,+05:30,
T1-00814,R-07,07,2026-08-06 16:27,35,2026-08-06 17:02,+05:30,
T1-00815,R-07,07,2026-08-06 06:04,35,2026-08-06 06:48,+05:30,
T1-00816,R-07,07,2026-08-06 09:09,55,2026-08-06 10:10,+05:30,
T1-00817,R-07,07,2026-08-06 13:46,45,2026-08-06 14:35,+05:30,
T1-00818,R-07,07,2026-08-06 16:42,45,2026-08-06 17:29,+05:30,
T1-00819,R-07,07,2026-08-06 13:24,35,2026-08-06 13:59,+05:30,
T1-00820,R-07,07,2026-08-07 06:05,45,2026-08-07 06:53,+05:30,
T1-00821,R-07,07,2026-08-07 10:03,50,2026-08-07 11:02,+05:30,
T1-00822,R-07,07,2026-08-07 21:58,35,2026-08-07 22:33,+05:30,
T1-00823,R-07,07,2026-08-07 14:23,40,2026-08-07 15:07,+05:30,
T1-00824,R-07,07,2026-08-07 07:05,35,2026-08-07 07:40,+05:30,
T1-00825,R-07,07,2026-08-07 10:55,35,2026-08-07 11:33,+05:30,
T1-00826,R-07,07,2026-08-07 06:30,45,2026-08-07 07:10,+05:30,
T1-00827,R-07,07,2026-08-07 14:24,45,2026-08-07 15:12,+05:30,
T1-00828,R-07,07,2026-08-07 06:01,40,2026-08-07 06:42,+05:30,
T1-00829,R-07,07,2026-08-07 20:24,35,2026-08-07 21:00,+05:30,
T1-00830,R-07,07,2026-08-07 21:36,50,2026-08-07 22:25,+05:30,
T1-00831,R-07,07,2026-08-07 11:45,40,2026-08-07 12:24,+05:30,
T1-00832,R-07,07,2026-08-07 10:12,55,2026-08-07 11:12,+05:30,
T1-00833,R-07,07,2026-08-07 12:07,55,2026-08-07 13:07,+05:30,
T1-00834,R-07,07,2026-08-07 19:28,35,2026-08-07 20:04,+05:30,
T1-00835,R-07,07,2026-08-07 11:48,50,2026-08-07 12:43,+05:30,
T1-00836,R-07,07,2026-08-07 20:02,35,2026-08-07 20:41,+05:30,
T1-00837,R-07,07,2026-08-07 20:29,50,2026-08-07 21:23,+05:30,
T1-00838,R-07,07,2026-08-07 15:06,35,2026-08-07 15:43,+05:30,
T1-00839,R-07,07,2026-08-07 06:42,35,2026-08-07 07:23,+05:30,
T1-00840,R-07,07,2026-08-07 21:19,35,2026-08-07 21:54,+05:30,
T1-00841,R-07,07,2026-08-08 06:50,40,2026-08-08 07:33,+05:30,
T1-00842,R-07,07,2026-08-08 10:05,50,2026-08-08 11:03,+05:30,
T1-00843,R-07,07,2026-08-08 21:25,55,2026-08-08 22:24,+05:30,
T1-00844,R-07,07,2026-08-08 11:09,45,2026-08-08 11:58,+05:30,
T1-00845,R-07,07,2026-08-08 16:17,45,2026-08-08 17:04,+05:30,
T1-00846,R-07,07,2026-08-08 12:32,55,2026-08-08 13:32,+05:30,
T1-00847,R-07,07,2026-08-08 09:51,55,2026-08-08 10:43,+05:30,
T1-00848,R-07,07,2026-08-08 08:23,50,2026-08-08 09:11,+05:30,
T1-00849,R-07,07,2026-08-08 10:05,50,2026-08-08 10:57,+05:30,
T1-00850,R-07,07,2026-08-08 10:11,35,2026-08-08 10:48,+05:30,
T1-00851,R-07,07,2026-08-08 06:24,35,2026-08-08 07:02,+05:30,
T1-00852,R-07,07,2026-08-08 21:24,45,2026-08-08 22:06,+05:30,
T1-00853,R-07,07,2026-08-08 07:26,50,2026-08-08 08:18,+05:30,
T1-00854,R-07,07,2026-08-08 11:19,35,2026-08-08 11:56,+05:30,
T1-00855,R-07,07,2026-08-08 15:05,40,2026-08-08 15:44,+05:30,
T1-00856,R-07,07,2026-08-08 12:51,50,2026-08-08 13:49,+05:30,
T1-00857,R-07,07,2026-08-08 20:57,40,2026-08-08 21:41,+05:30,
T1-00858,R-07,07,2026-08-08 11:26,40,2026-08-08 12:05,+05:30,
T1-00859,R-07,07,2026-08-08 10:52,35,2026-08-08 11:28,+05:30,
T1-00860,R-07,07,2026-08-08 18:26,55,2026-08-08 19:28,+05:30,
T1-00861,R-07,07,2026-08-08 09:31,55,2026-08-08 10:26,+05:30,
T1-00862,R-07,07,2026-08-09 18:39,50,2026-08-09 19:36,+05:30,
T1-00863,R-07,07,2026-08-09 17:03,50,2026-08-09 17:59,+05:30,
T1-00864,R-07,07,2026-08-09 20:04,35,2026-08-09 20:41,+05:30,
T1-00865,R-07,07,2026-08-09 13:19,35,2026-08-09 13:51,+05:30,
T1-00866,R-07,07,2026-08-09 16:39,45,2026-08-09 17:27,+05:30,
T1-00867,R-07,07,2026-08-09 12:18,45,2026-08-09 13:06,+05:30,
T1-00868,R-07,07,2026-08-09 06:30,50,2026-08-09 07:17,+05:30,
T1-00869,R-07,07,2026-08-09 06:34,45,2026-08-09 07:20,+05:30,
T1-00870,R-07,07,2026-08-09 18:21,40,2026-08-09 19:07,+05:30,
T1-00871,R-07,07,2026-08-09 11:19,45,2026-08-09 12:11,+05:30,
T1-00872,R-07,07,2026-08-09 11:50,50,2026-08-09 12:45,+05:30,
T1-00873,R-07,07,2026-08-09 07:26,40,2026-08-09 08:10,+05:30,
T1-00874,R-07,07,2026-08-09 06:17,40,2026-08-09 07:03,+05:30,
T1-00875,R-07,07,2026-08-09 13:02,50,2026-08-09 13:56,+05:30,
T1-00876,R-07,07,2026-08-09 10:23,45,2026-08-09 11:04,+05:30,
T1-00877,R-07,07,2026-08-09 15:16,55,2026-08-09 16:13,+05:30,
T1-00878,R-07,07,2026-08-09 18:37,35,2026-08-09 19:15,+05:30,
T1-00879,R-07,07,2026-08-09 15:27,45,2026-08-09 16:25,+05:30,
T1-00880,R-07,07,2026-08-09 11:48,45,2026-08-09 12:34,+05:30,
T1-00881,R-07,07,2026-08-09 20:22,35,2026-08-09 21:00,+05:30,
T1-00882,R-07,07,2026-08-09 09:14,45,2026-08-09 09:57,+05:30,
T1-00883,R-08,08,2026-08-03 16:28,35,2026-08-03 16:56,+05:30,
T1-00884,R-08,08,2026-08-03 06:30,50,2026-08-03 07:19,+05:30,
T1-00885,R-08,08,2026-08-03 07:33,35,2026-08-03 08:06,+05:30,
T1-00886,R-08,08,2026-08-03 08:39,35,2026-08-03 09:18,+05:30,
T1-00887,R-08,08,2026-08-03 11:54,45,2026-08-03 12:42,+05:30,
T1-00888,R-08,08,2026-08-03 18:03,50,2026-08-03 18:53,+05:30,
T1-00889,R-08,08,2026-08-03 14:45,55,2026-08-03 15:44,+05:30,
T1-00890,R-08,08,2026-08-03 20:49,55,2026-08-03 21:48,+05:30,
T1-00891,R-08,08,2026-08-03 20:33,55,2026-08-03 21:36,+05:30,
T1-00892,R-08,08,2026-08-03 06:42,50,2026-08-03 07:40,+05:30,
T1-00893,R-08,08,2026-08-03 11:44,55,2026-08-03 12:44,+05:30,
T1-00894,R-08,08,2026-08-03 16:50,45,2026-08-03 17:31,+05:30,
T1-00895,R-08,08,2026-08-03 17:56,50,2026-08-03 18:50,+05:30,
T1-00896,R-08,08,2026-08-03 17:27,45,2026-08-03 18:16,+05:30,
T1-00897,R-08,08,2026-08-03 11:32,50,2026-08-03 12:23,+05:30,
T1-00898,R-08,08,2026-08-03 07:23,35,2026-08-03 08:09,+05:30,
T1-00899,R-08,08,2026-08-03 06:39,35,2026-08-03 07:15,+05:30,
T1-00900,R-08,08,2026-08-03 20:17,35,2026-08-03 20:48,+05:30,
T1-00901,R-08,08,2026-08-04 08:18,35,2026-08-04 08:49,+05:30,
T1-00902,R-08,08,2026-08-04 08:14,40,2026-08-04 08:57,+05:30,
T1-00903,R-08,08,2026-08-04 14:47,55,2026-08-04 15:35,+05:30,
T1-00904,R-08,08,2026-08-04 07:07,45,2026-08-04 07:58,+05:30,
T1-00905,R-08,08,2026-08-04 12:37,40,2026-08-04 13:21,+05:30,
T1-00906,R-08,08,2026-08-04 09:33,50,2026-08-04 10:25,+05:30,
T1-00907,R-08,08,2026-08-04 11:20,55,2026-08-04 12:05,+05:30,
T1-00908,R-08,08,2026-08-04 10:40,45,2026-08-04 11:29,+05:30,
T1-00909,R-08,08,2026-08-04 10:29,55,2026-08-04 11:34,+05:30,
T1-00910,R-08,08,2026-08-04 19:16,35,2026-08-04 19:55,+05:30,
T1-00911,R-08,08,2026-08-04 20:31,45,2026-08-04 21:16,+05:30,
T1-00912,R-08,08,2026-08-04 07:39,45,2026-08-04 08:20,+05:30,
T1-00913,R-08,08,2026-08-04 15:46,35,2026-08-04 16:28,+05:30,
T1-00914,R-08,08,2026-08-04 08:35,55,2026-08-04 09:38,+05:30,
T1-00915,R-08,08,2026-08-04 20:30,50,2026-08-04 21:22,+05:30,
T1-00916,R-08,08,2026-08-04 14:39,40,2026-08-04 15:21,+05:30,
T1-00917,R-08,08,2026-08-04 11:10,40,2026-08-04 11:53,+05:30,
T1-00918,R-08,08,2026-08-04 12:37,50,2026-08-04 13:31,+05:30,
T1-00919,R-08,08,2026-08-05 10:41,45,2026-08-05 11:27,+05:30,
T1-00920,R-08,08,2026-08-05 10:36,40,2026-08-05 11:20,+05:30,
T1-00921,R-08,08,2026-08-05 06:51,50,2026-08-05 07:48,+05:30,
T1-00922,R-08,08,2026-08-05 11:38,40,2026-08-05 12:24,+05:30,
T1-00923,R-08,08,2026-08-05 14:20,50,2026-08-05 15:17,+05:30,
T1-00924,R-08,08,2026-08-05 19:19,50,2026-08-05 20:06,+05:30,
T1-00925,R-08,08,2026-08-05 08:02,35,2026-08-05 08:33,+05:30,
T1-00926,R-08,08,2026-08-05 12:09,50,2026-08-05 13:04,+05:30,
T1-00927,R-08,08,2026-08-05 19:51,45,2026-08-05 20:38,+05:30,
T1-00928,R-08,08,2026-08-05 10:48,50,2026-08-05 11:38,+05:30,
T1-00929,R-08,08,2026-08-05 17:28,45,2026-08-05 18:16,+05:30,
T1-00930,R-08,08,2026-08-05 16:57,45,2026-08-05 17:43,+05:30,
T1-00931,R-08,08,2026-08-05 10:00,35,2026-08-05 10:24,+05:30,
T1-00932,R-08,08,2026-08-05 15:30,40,2026-08-05 16:14,+05:30,
T1-00933,R-08,08,2026-08-05 09:40,50,2026-08-05 10:33,+05:30,
T1-00934,R-08,08,2026-08-05 21:59,35,2026-08-05 22:39,+05:30,
T1-00935,R-08,08,2026-08-05 19:11,55,2026-08-05 20:10,+05:30,
T1-00936,R-08,08,2026-08-05 19:49,50,2026-08-05 20:35,+05:30,
T1-00937,R-08,08,2026-08-06 19:58,50,2026-08-06 20:38,+05:30,
T1-00938,R-08,08,2026-08-06 10:25,40,2026-08-06 11:10,+05:30,
T1-00939,R-08,08,2026-08-06 21:37,45,2026-08-06 22:23,+05:30,
T1-00940,R-08,08,2026-08-06 09:59,40,2026-08-06 10:43,+05:30,
T1-00941,R-08,08,2026-08-06 17:11,45,2026-08-06 17:57,+05:30,
T1-00942,R-08,08,2026-08-06 16:15,50,2026-08-06 17:08,+05:30,
T1-00943,R-08,08,2026-08-06 15:46,35,2026-08-06 16:26,+05:30,
T1-00944,R-08,08,2026-08-06 21:14,40,2026-08-06 21:59,+05:30,
T1-00945,R-08,08,2026-08-06 21:54,45,2026-08-06 22:34,+05:30,
T1-00946,R-08,08,2026-08-06 11:22,50,2026-08-06 12:13,+05:30,
T1-00947,R-08,08,2026-08-06 18:17,35,2026-08-06 18:53,+05:30,
T1-00948,R-08,08,2026-08-06 09:54,50,2026-08-06 10:51,+05:30,
T1-00949,R-08,08,2026-08-06 18:47,50,2026-08-06 19:38,+05:30,
T1-00950,R-08,08,2026-08-06 16:45,45,2026-08-06 17:31,+05:30,
T1-00951,R-08,08,2026-08-06 07:19,55,2026-08-06 08:13,+05:30,
T1-00952,R-08,08,2026-08-06 17:49,35,2026-08-06 18:29,+05:30,
T1-00953,R-08,08,2026-08-06 14:05,35,2026-08-06 14:41,+05:30,
T1-00954,R-08,08,2026-08-06 06:52,40,2026-08-06 07:34,+05:30,
T1-00955,R-08,08,2026-08-07 12:37,55,2026-08-07 13:34,+05:30,
T1-00956,R-08,08,2026-08-07 20:26,35,2026-08-07 21:03,+05:30,
T1-00957,R-08,08,2026-08-07 19:49,35,2026-08-07 20:26,+05:30,
T1-00958,R-08,08,2026-08-07 11:12,40,2026-08-07 12:09,+05:30,
T1-00959,R-08,08,2026-08-07 21:30,45,2026-08-07 22:25,+05:30,
T1-00960,R-08,08,2026-08-07 08:37,40,2026-08-07 09:20,+05:30,
T1-00961,R-08,08,2026-08-07 09:13,55,2026-08-07 10:11,+05:30,
T1-00962,R-08,08,2026-08-07 21:39,45,2026-08-07 22:31,+05:30,
T1-00963,R-08,08,2026-08-07 09:31,50,2026-08-07 10:27,+05:30,
T1-00964,R-08,08,2026-08-07 11:01,45,2026-08-07 11:50,+05:30,
T1-00965,R-08,08,2026-08-07 18:36,50,2026-08-07 19:22,+05:30,
T1-00966,R-08,08,2026-08-07 12:47,45,2026-08-07 13:38,+05:30,
T1-00967,R-08,08,2026-08-07 06:12,55,2026-08-07 07:13,+05:30,
T1-00968,R-08,08,2026-08-07 08:00,40,2026-08-07 08:44,+05:30,
T1-00969,R-08,08,2026-08-07 14:33,55,2026-08-07 15:31,+05:30,
T1-00970,R-08,08,2026-08-07 16:24,50,2026-08-07 17:10,+05:30,
T1-00971,R-08,08,2026-08-07 10:41,45,2026-08-07 11:29,+05:30,
T1-00972,R-08,08,2026-08-07 19:39,55,2026-08-07 20:31,+05:30,
T1-00973,R-08,08,2026-08-08 06:55,55,2026-08-08 07:53,+05:30,
T1-00974,R-08,08,2026-08-08 17:13,55,2026-08-08 18:05,+05:30,
T1-00975,R-08,08,2026-08-08 14:27,45,2026-08-08 15:09,+05:30,
T1-00976,R-08,08,2026-08-08 19:23,35,2026-08-08 20:01,+05:30,
T1-00977,R-08,08,2026-08-08 07:10,35,2026-08-08 07:52,+05:30,
T1-00978,R-08,08,2026-08-08 10:55,55,2026-08-08 11:52,+05:30,
T1-00979,R-08,08,2026-08-08 17:57,50,2026-08-08 18:51,+05:30,
T1-00980,R-08,08,2026-08-08 19:40,50,2026-08-08 20:24,+05:30,
T1-00981,R-08,08,2026-08-08 18:35,45,2026-08-08 19:23,+05:30,
T1-00982,R-08,08,2026-08-08 17:44,55,2026-08-08 18:45,+05:30,
T1-00983,R-08,08,2026-08-08 19:11,40,2026-08-08 19:54,+05:30,
T1-00984,R-08,08,2026-08-08 10:40,55,2026-08-08 11:37,+05:30,
T1-00985,R-08,08,2026-08-08 09:37,35,2026-08-08 10:09,+05:30,
T1-00986,R-08,08,2026-08-08 07:13,40,2026-08-08 07:54,+05:30,
T1-00987,R-08,08,2026-08-08 17:00,35,2026-08-08 17:40,+05:30,
T1-00988,R-08,08,2026-08-08 10:04,55,2026-08-08 11:00,+05:30,
T1-00989,R-08,08,2026-08-08 19:28,40,2026-08-08 20:13,+05:30,
T1-00990,R-08,08,2026-08-08 08:41,50,2026-08-08 09:39,+05:30,
T1-00991,R-08,08,2026-08-09 10:47,55,2026-08-09 11:43,+05:30,
T1-00992,R-08,08,2026-08-09 12:04,50,2026-08-09 12:53,+05:30,
T1-00993,R-08,08,2026-08-09 06:10,55,2026-08-09 07:13,+05:30,
T1-00994,R-08,08,2026-08-09 20:33,45,2026-08-09 21:11,+05:30,
T1-00995,R-08,08,2026-08-09 19:59,35,2026-08-09 20:35,+05:30,
T1-00996,R-08,08,2026-08-09 06:10,45,2026-08-09 06:55,+05:30,
T1-00997,R-08,08,2026-08-09 11:01,45,2026-08-09 11:49,+05:30,
T1-00998,R-08,08,2026-08-09 20:10,55,2026-08-09 21:08,+05:30,
T1-00999,R-08,08,2026-08-09 11:59,35,2026-08-09 12:38,+05:30,
T1-01000,R-08,08,2026-08-09 11:36,45,2026-08-09 12:27,+05:30,
T1-01001,R-08,08,2026-08-09 09:26,35,2026-08-09 10:05,+05:30,
T1-01002,R-08,08,2026-08-09 21:17,45,2026-08-09 22:09,+05:30,
T1-01003,R-08,08,2026-08-09 13:51,40,2026-08-09 14:40,+05:30,
T1-01004,R-08,08,2026-08-09 12:17,35,2026-08-09 12:57,+05:30,
T1-01005,R-08,08,2026-08-09 19:51,40,2026-08-09 20:37,+05:30,
T1-01006,R-08,08,2026-08-09 21:32,45,2026-08-09 22:26,+05:30,
T1-01007,R-08,08,2026-08-09 21:22,55,2026-08-09 22:22,+05:30,
T1-01008,R-08,08,2026-08-09 17:37,40,2026-08-09 18:16,+05:30,
T1-01009,R-09,09,2026-08-03 19:18,50,2026-08-03 20:18,+05:30,
T1-01010,R-09,09,2026-08-03 16:44,40,2026-08-03 17:24,+05:30,
T1-01011,R-09,09,2026-08-03 16:49,55,2026-08-03 17:46,+05:30,
T1-01012,R-09,09,2026-08-03 07:11,45,2026-08-03 07:58,+05:30,
T1-01013,R-09,09,2026-08-03 21:09,40,2026-08-03 21:56,+05:30,
T1-01014,R-09,09,2026-08-03 08:44,50,2026-08-03 09:31,+05:30,
T1-01015,R-09,09,2026-08-03 11:38,35,2026-08-03 12:14,+05:30,
T1-01016,R-09,09,2026-08-03 20:12,55,2026-08-03 21:15,+05:30,
T1-01017,R-09,09,2026-08-03 09:49,55,2026-08-03 10:48,+05:30,
T1-01018,R-09,09,2026-08-03 11:41,35,2026-08-03 12:13,+05:30,
T1-01019,R-09,09,2026-08-03 07:39,50,2026-08-03 08:36,+05:30,
T1-01020,R-09,09,2026-08-03 15:12,40,2026-08-03 16:04,+05:30,
T1-01021,R-09,09,2026-08-03 09:10,45,2026-08-03 09:57,+05:30,
T1-01022,R-09,09,2026-08-03 14:47,55,2026-08-03 15:49,+05:30,
T1-01023,R-09,09,2026-08-03 11:53,55,2026-08-03 12:53,+05:30,
T1-01024,R-09,09,2026-08-03 11:27,35,2026-08-03 12:06,+05:30,
T1-01025,R-09,09,2026-08-03 14:40,50,2026-08-03 15:26,+05:30,
T1-01026,R-09,09,2026-08-03 11:40,55,2026-08-03 12:31,+05:30,
T1-01027,R-09,09,2026-08-03 12:46,50,2026-08-03 13:42,+05:30,
T1-01028,R-09,09,2026-08-03 10:32,40,2026-08-03 11:16,+05:30,
T1-01029,R-09,09,2026-08-03 14:12,50,2026-08-03 15:03,+05:30,
T1-01030,R-09,09,2026-08-04 09:44,40,2026-08-04 10:29,+05:30,
T1-01031,R-09,09,2026-08-04 12:25,45,2026-08-04 13:18,+05:30,
T1-01032,R-09,09,2026-08-04 16:45,40,2026-08-04 17:27,+05:30,
T1-01033,R-09,09,2026-08-04 21:05,55,2026-08-04 22:03,+05:30,
T1-01034,R-09,09,2026-08-04 10:42,50,2026-08-04 11:35,+05:30,
T1-01035,R-09,09,2026-08-04 09:05,40,2026-08-04 09:48,+05:30,
T1-01036,R-09,09,2026-08-04 15:01,45,2026-08-04 15:40,+05:30,
T1-01037,R-09,09,2026-08-04 12:01,35,2026-08-04 12:37,+05:30,
T1-01038,R-09,09,2026-08-04 07:11,35,2026-08-04 07:52,+05:30,
T1-01039,R-09,09,2026-08-04 08:59,55,2026-08-04 09:59,+05:30,
T1-01040,R-09,09,2026-08-04 07:55,40,2026-08-04 08:42,+05:30,
T1-01041,R-09,09,2026-08-04 19:53,55,2026-08-04 20:51,+05:30,
T1-01042,R-09,09,2026-08-04 08:35,50,2026-08-04 09:34,+05:30,
T1-01043,R-09,09,2026-08-04 16:05,35,2026-08-04 16:46,+05:30,
T1-01044,R-09,09,2026-08-04 08:34,45,2026-08-04 09:23,+05:30,
T1-01045,R-09,09,2026-08-04 08:56,55,2026-08-04 09:50,+05:30,
T1-01046,R-09,09,2026-08-04 08:40,35,2026-08-04 09:16,+05:30,
T1-01047,R-09,09,2026-08-04 21:22,35,2026-08-04 22:03,+05:30,
T1-01048,R-09,09,2026-08-04 20:35,50,2026-08-04 21:32,+05:30,
T1-01049,R-09,09,2026-08-04 07:45,55,2026-08-04 08:36,+05:30,
T1-01050,R-09,09,2026-08-04 14:42,40,2026-08-04 15:31,+05:30,
T1-01051,R-09,09,2026-08-05 18:56,50,2026-08-05 19:49,+05:30,
T1-01052,R-09,09,2026-08-05 11:00,55,2026-08-05 11:53,+05:30,
T1-01053,R-09,09,2026-08-05 15:02,50,2026-08-05 15:53,+05:30,
T1-01054,R-09,09,2026-08-05 20:20,50,2026-08-05 21:10,+05:30,
T1-01055,R-09,09,2026-08-05 11:34,50,2026-08-05 12:21,+05:30,
T1-01056,R-09,09,2026-08-05 19:57,40,2026-08-05 20:37,+05:30,
T1-01057,R-09,09,2026-08-05 10:07,55,2026-08-05 11:13,+05:30,
T1-01058,R-09,09,2026-08-05 12:45,55,2026-08-05 13:48,+05:30,
T1-01059,R-09,09,2026-08-05 10:36,35,2026-08-05 11:19,+05:30,
T1-01060,R-09,09,2026-08-05 17:28,50,2026-08-05 18:22,+05:30,
T1-01061,R-09,09,2026-08-05 07:33,40,2026-08-05 08:13,+05:30,
T1-01062,R-09,09,2026-08-05 14:29,35,2026-08-05 14:59,+05:30,
T1-01063,R-09,09,2026-08-05 06:13,50,2026-08-05 07:06,+05:30,
T1-01064,R-09,09,2026-08-05 17:37,35,2026-08-05 18:07,+05:30,
T1-01065,R-09,09,2026-08-05 20:31,45,2026-08-05 21:16,+05:30,
T1-01066,R-09,09,2026-08-05 20:21,40,2026-08-05 21:05,+05:30,
T1-01067,R-09,09,2026-08-05 20:54,35,2026-08-05 21:29,+05:30,
T1-01068,R-09,09,2026-08-05 17:48,35,2026-08-05 18:26,+05:30,
T1-01069,R-09,09,2026-08-05 08:45,55,2026-08-05 09:40,+05:30,
T1-01070,R-09,09,2026-08-05 19:39,35,2026-08-05 20:24,+05:30,
T1-01071,R-09,09,2026-08-05 11:46,40,2026-08-05 12:34,+05:30,
T1-01072,R-09,09,2026-08-06 21:00,55,2026-08-06 22:00,+05:30,
T1-01073,R-09,09,2026-08-06 11:18,55,2026-08-06 12:14,+05:30,
T1-01074,R-09,09,2026-08-06 15:07,45,2026-08-06 15:52,+05:30,
T1-01075,R-09,09,2026-08-06 18:13,45,2026-08-06 19:02,+05:30,
T1-01076,R-09,09,2026-08-06 11:12,35,2026-08-06 11:47,+05:30,
T1-01077,R-09,09,2026-08-06 19:17,55,2026-08-06 20:13,+05:30,
T1-01078,R-09,09,2026-08-06 21:58,45,2026-08-06 22:46,+05:30,
T1-01079,R-09,09,2026-08-06 18:44,55,2026-08-06 19:36,+05:30,
T1-01080,R-09,09,2026-08-06 17:42,50,2026-08-06 18:36,+05:30,
T1-01081,R-09,09,2026-08-06 08:13,55,2026-08-06 09:11,+05:30,
T1-01082,R-09,09,2026-08-06 10:39,50,2026-08-06 11:32,+05:30,
T1-01083,R-09,09,2026-08-06 16:41,40,2026-08-06 17:26,+05:30,
T1-01084,R-09,09,2026-08-06 20:57,50,2026-08-06 21:39,+05:30,
T1-01085,R-09,09,2026-08-06 17:59,55,2026-08-06 18:59,+05:30,
T1-01086,R-09,09,2026-08-06 20:42,55,2026-08-06 21:28,+05:30,
T1-01087,R-09,09,2026-08-06 11:53,50,2026-08-06 12:40,+05:30,
T1-01088,R-09,09,2026-08-06 11:28,45,2026-08-06 12:19,+05:30,
T1-01089,R-09,09,2026-08-06 12:31,40,2026-08-06 13:18,+05:30,
T1-01090,R-09,09,2026-08-06 14:37,55,2026-08-06 15:36,+05:30,
T1-01091,R-09,09,2026-08-06 10:58,40,2026-08-06 11:34,+05:30,
T1-01092,R-09,09,2026-08-06 18:33,50,2026-08-06 19:27,+05:30,
T1-01093,R-09,09,2026-08-07 14:06,55,2026-08-07 15:03,+05:30,
T1-01094,R-09,09,2026-08-07 10:58,55,2026-08-07 11:52,+05:30,
T1-01095,R-09,09,2026-08-07 15:09,35,2026-08-07 15:44,+05:30,
T1-01096,R-09,09,2026-08-07 19:35,35,2026-08-07 20:15,+05:30,
T1-01097,R-09,09,2026-08-07 06:54,50,2026-08-07 07:50,+05:30,
T1-01098,R-09,09,2026-08-07 14:31,45,2026-08-07 15:19,+05:30,
T1-01099,R-09,09,2026-08-07 13:54,40,2026-08-07 14:40,+05:30,
T1-01100,R-09,09,2026-08-07 06:18,55,2026-08-07 07:15,+05:30,
T1-01101,R-09,09,2026-08-07 18:32,40,2026-08-07 19:12,+05:30,
T1-01102,R-09,09,2026-08-07 16:41,40,2026-08-07 17:17,+05:30,
T1-01103,R-09,09,2026-08-07 07:03,40,2026-08-07 07:43,+05:30,
T1-01104,R-09,09,2026-08-07 07:01,35,2026-08-07 07:37,+05:30,
T1-01105,R-09,09,2026-08-07 10:42,45,2026-08-07 11:22,+05:30,
T1-01106,R-09,09,2026-08-07 17:57,45,2026-08-07 18:44,+05:30,
T1-01107,R-09,09,2026-08-07 21:09,55,2026-08-07 21:57,+05:30,
T1-01108,R-09,09,2026-08-07 18:50,35,2026-08-07 19:27,+05:30,
T1-01109,R-09,09,2026-08-07 11:15,50,2026-08-07 12:08,+05:30,
T1-01110,R-09,09,2026-08-07 17:23,50,2026-08-07 18:09,+05:30,
T1-01111,R-09,09,2026-08-07 19:30,45,2026-08-07 19:25,+05:30,
T1-01112,R-09,09,2026-08-07 07:23,45,2026-08-07 08:18,+05:30,
T1-01113,R-09,09,2026-08-07 18:05,35,2026-08-07 18:53,+05:30,
T1-01114,R-09,09,2026-08-08 13:57,55,2026-08-08 14:50,+05:30,
T1-01115,R-09,09,2026-08-08 14:09,40,2026-08-08 14:49,+05:30,
T1-01116,R-09,09,2026-08-08 11:41,50,2026-08-08 12:30,+05:30,
T1-01117,R-09,09,2026-08-08 17:57,40,2026-08-08 18:37,+05:30,
T1-01118,R-09,09,2026-08-08 21:28,50,2026-08-08 22:21,+05:30,
T1-01119,R-09,09,2026-08-08 06:38,35,2026-08-08 07:14,+05:30,
T1-01120,R-09,09,2026-08-08 07:28,55,2026-08-08 08:26,+05:30,
T1-01121,R-09,09,2026-08-08 18:33,35,2026-08-08 19:11,+05:30,
T1-01122,R-09,09,2026-08-08 06:17,35,2026-08-08 06:57,+05:30,
T1-01123,R-09,09,2026-08-08 10:04,35,2026-08-08 10:43,+05:30,
T1-01124,R-09,09,2026-08-08 08:03,45,2026-08-08 08:49,+05:30,
T1-01125,R-09,09,2026-08-08 16:54,40,2026-08-08 17:37,+05:30,
T1-01126,R-09,09,2026-08-08 19:17,45,2026-08-08 20:08,+05:30,
T1-01127,R-09,09,2026-08-08 07:56,45,2026-08-08 08:39,+05:30,
T1-01128,R-09,09,2026-08-08 06:53,40,2026-08-08 07:33,+05:30,
T1-01129,R-09,09,2026-08-08 07:51,40,2026-08-08 08:32,+05:30,
T1-01130,R-09,09,2026-08-08 11:09,35,2026-08-08 11:39,+05:30,
T1-01131,R-09,09,2026-08-08 06:35,55,2026-08-08 07:31,+05:30,
T1-01132,R-09,09,2026-08-08 06:50,35,2026-08-08 07:31,+05:30,
T1-01133,R-09,09,2026-08-08 09:47,40,2026-08-08 10:44,+05:30,
T1-01134,R-09,09,2026-08-08 21:03,50,2026-08-08 21:59,+05:30,
T1-01135,R-09,09,2026-08-09 20:59,40,2026-08-09 21:41,+05:30,
T1-01136,R-09,09,2026-08-09 15:16,45,2026-08-09 16:02,+05:30,
T1-01137,R-09,09,2026-08-09 06:31,45,2026-08-09 07:11,+05:30,
T1-01138,R-09,09,2026-08-09 15:04,50,2026-08-09 15:57,+05:30,
T1-01139,R-09,09,2026-08-09 09:08,55,2026-08-09 10:10,+05:30,
T1-01140,R-09,09,2026-08-09 06:55,40,2026-08-09 07:35,+05:30,
T1-01141,R-09,09,2026-08-09 16:05,55,2026-08-09 17:09,+05:30,
T1-01142,R-09,09,2026-08-09 09:36,45,2026-08-09 10:18,+05:30,
T1-01143,R-09,09,2026-08-09 12:05,45,2026-08-09 12:52,+05:30,
T1-01144,R-09,09,2026-08-09 20:26,40,2026-08-09 21:05,+05:30,
T1-01145,R-09,09,2026-08-09 21:55,45,2026-08-09 22:42,+05:30,
T1-01146,R-09,09,2026-08-09 14:45,55,2026-08-09 15:36,+05:30,
T1-01147,R-09,09,2026-08-09 19:03,50,2026-08-09 19:52,+05:30,
T1-01148,R-09,09,2026-08-09 18:51,50,2026-08-09 19:43,+05:30,
T1-01149,R-09,09,2026-08-09 10:02,40,2026-08-09 10:48,+05:30,
T1-01150,R-09,09,2026-08-09 08:12,35,2026-08-09 08:49,+05:30,
T1-01151,R-09,09,2026-08-09 13:46,55,2026-08-09 14:40,+05:30,
T1-01152,R-09,09,2026-08-09 10:23,45,2026-08-09 11:12,+05:30,
T1-01153,R-09,09,2026-08-09 21:37,50,2026-08-09 22:30,+05:30,
T1-01154,R-09,09,2026-08-09 18:52,40,2026-08-09 19:32,+05:30,
T1-01155,R-09,09,2026-08-09 18:24,45,2026-08-09 19:13,+05:30,
T1-01156,R-10,10,2026-08-03 18:32,45,2026-08-03 19:20,+05:30,
T1-01157,R-10,10,2026-08-03 20:11,40,2026-08-03 20:53,+05:30,
T1-01158,R-10,10,2026-08-03 18:30,50,2026-08-03 19:24,+05:30,
T1-01159,R-10,10,2026-08-03 10:00,45,2026-08-03 10:47,+05:30,
T1-01160,R-10,10,2026-08-03 14:42,35,2026-08-03 15:21,+05:30,
T1-01161,R-10,10,2026-08-03 16:53,35,2026-08-03 17:32,+05:30,
T1-01162,R-10,10,2026-08-03 20:19,45,2026-08-03 21:07,+05:30,
T1-01163,R-10,10,2026-08-03 08:54,50,2026-08-03 09:46,+05:30,
T1-01164,R-10,10,2026-08-03 18:01,55,2026-08-03 18:55,+05:30,
T1-01165,R-10,10,2026-08-03 08:53,40,2026-08-03 09:28,+05:30,
T1-01166,R-10,10,2026-08-03 11:58,50,2026-08-03 12:45,+05:30,
T1-01167,R-10,10,2026-08-03 17:24,50,2026-08-03 18:10,+05:30,
T1-01168,R-10,10,2026-08-03 16:14,45,2026-08-03 17:05,+05:30,
T1-01169,R-10,10,2026-08-03 15:42,50,2026-08-03 16:36,+05:30,
T1-01170,R-10,10,2026-08-03 09:31,55,2026-08-03 10:32,+05:30,
T1-01171,R-10,10,2026-08-03 17:11,50,2026-08-03 17:54,+05:30,
T1-01172,R-10,10,2026-08-03 18:08,40,2026-08-03 18:55,+05:30,
T1-01173,R-10,10,2026-08-03 21:43,40,2026-08-03 22:19,+05:30,
T1-01174,R-10,10,2026-08-04 13:47,35,2026-08-04 14:22,+05:30,
T1-01175,R-10,10,2026-08-04 13:21,40,2026-08-04 13:56,+05:30,
T1-01176,R-10,10,2026-08-04 10:00,40,2026-08-04 10:42,+05:30,
T1-01177,R-10,10,2026-08-04 06:34,55,2026-08-04 07:29,+05:30,
T1-01178,R-10,10,2026-08-04 13:49,45,2026-08-04 14:32,+05:30,
T1-01179,R-10,10,2026-08-04 11:07,50,2026-08-04 11:52,+05:30,
T1-01180,R-10,10,2026-08-04 21:03,40,2026-08-04 21:41,+05:30,
T1-01181,R-10,10,2026-08-04 12:22,50,2026-08-04 13:11,+05:30,
T1-01182,R-10,10,2026-08-04 17:54,55,2026-08-04 18:49,+05:30,
T1-01183,R-10,10,2026-08-04 06:53,45,2026-08-04 07:46,+05:30,
T1-01184,R-10,10,2026-08-04 06:15,35,2026-08-04 06:51,+05:30,
T1-01185,R-10,10,2026-08-04 15:11,45,2026-08-04 15:59,+05:30,
T1-01186,R-10,10,2026-08-04 06:53,45,2026-08-04 07:39,+05:30,
T1-01187,R-10,10,2026-08-04 14:45,35,2026-08-04 15:19,+05:30,
T1-01188,R-10,10,2026-08-04 17:23,45,2026-08-04 18:08,+05:30,
T1-01189,R-10,10,2026-08-04 09:45,50,2026-08-04 10:33,+05:30,
T1-01190,R-10,10,2026-08-04 07:09,45,2026-08-04 07:51,+05:30,
T1-01191,R-10,10,2026-08-04 12:09,55,2026-08-04 13:08,+05:30,
T1-01192,R-10,10,2026-08-05 20:02,45,2026-08-05 20:55,+05:30,
T1-01193,R-10,10,2026-08-05 19:22,35,2026-08-05 19:54,+05:30,
T1-01194,R-10,10,2026-08-05 18:37,40,2026-08-05 19:11,+05:30,
T1-01195,R-10,10,2026-08-05 09:41,50,2026-08-05 10:28,+05:30,
T1-01196,R-10,10,2026-08-05 07:26,35,2026-08-05 08:09,+05:30,
T1-01197,R-10,10,2026-08-05 21:11,50,2026-08-05 22:04,+05:30,
T1-01198,R-10,10,2026-08-05 16:58,55,2026-08-05 17:50,+05:30,
T1-01199,R-10,10,2026-08-05 11:48,40,2026-08-05 12:27,+05:30,
T1-01200,R-10,10,2026-08-05 10:24,35,2026-08-05 10:58,+05:30,
T1-01201,R-10,10,2026-08-05 18:42,55,2026-08-05 19:40,+05:30,
T1-01202,R-10,10,2026-08-05 13:45,40,2026-08-05 14:23,+05:30,
T1-01203,R-10,10,2026-08-05 18:07,40,2026-08-05 18:45,+05:30,
T1-01204,R-10,10,2026-08-05 21:53,55,2026-08-05 22:57,+05:30,
T1-01205,R-10,10,2026-08-05 12:13,50,2026-08-05 13:12,+05:30,
T1-01206,R-10,10,2026-08-05 14:42,35,2026-08-05 15:15,+05:30,
T1-01207,R-10,10,2026-08-05 21:44,40,2026-08-05 22:33,+05:30,
T1-01208,R-10,10,2026-08-05 08:38,50,2026-08-05 09:29,+05:30,
T1-01209,R-10,10,2026-08-05 18:21,45,2026-08-05 19:03,+05:30,
T1-01210,R-10,10,2026-08-06 07:09,35,2026-08-06 07:44,+05:30,
T1-01211,R-10,10,2026-08-06 12:06,35,2026-08-06 12:32,+05:30,
T1-01212,R-10,10,2026-08-06 21:52,55,2026-08-06 22:53,+05:30,
T1-01213,R-10,10,2026-08-06 13:27,40,2026-08-06 14:10,+05:30,
T1-01214,R-10,10,2026-08-06 08:47,40,2026-08-06 09:25,+05:30,
T1-01215,R-10,10,2026-08-06 12:40,45,2026-08-06 13:24,+05:30,
T1-01216,R-10,10,2026-08-06 13:02,50,2026-08-06 13:51,+05:30,
T1-01217,R-10,10,2026-08-06 07:00,35,2026-08-06 07:35,+05:30,
T1-01218,R-10,10,2026-08-06 06:12,50,2026-08-06 07:02,+05:30,
T1-01219,R-10,10,2026-08-06 13:16,45,2026-08-06 14:04,+05:30,
T1-01220,R-10,10,2026-08-06 16:21,35,2026-08-06 16:56,+05:30,
T1-01221,R-10,10,2026-08-06 12:53,40,2026-08-06 13:33,+05:30,
T1-01222,R-10,10,2026-08-06 16:54,50,2026-08-06 17:42,+05:30,
T1-01223,R-10,10,2026-08-06 11:16,40,2026-08-06 12:00,+05:30,
T1-01224,R-10,10,2026-08-06 13:55,35,2026-08-06 14:20,+05:30,
T1-01225,R-10,10,2026-08-06 16:46,35,2026-08-06 17:23,+05:30,
T1-01226,R-10,10,2026-08-06 13:46,50,2026-08-06 14:40,+05:30,
T1-01227,R-10,10,2026-08-06 15:26,45,2026-08-06 16:15,+05:30,
T1-01228,R-10,10,2026-08-07 12:10,55,2026-08-07 13:00,+05:30,
T1-01229,R-10,10,2026-08-07 20:00,50,2026-08-07 20:51,+05:30,
T1-01230,R-10,10,2026-08-07 18:53,55,2026-08-07 19:49,+05:30,
T1-01231,R-10,10,2026-08-07 12:25,50,2026-08-07 13:20,+05:30,
T1-01232,R-10,10,2026-08-07 08:59,55,2026-08-07 09:55,+05:30,
T1-01233,R-10,10,2026-08-07 11:58,50,2026-08-07 12:49,+05:30,
T1-01234,R-10,10,2026-08-07 11:10,35,2026-08-07 11:46,+05:30,
T1-01235,R-10,10,2026-08-07 17:30,40,2026-08-07 18:03,+05:30,
T1-01236,R-10,10,2026-08-07 07:29,40,2026-08-07 08:11,+05:30,
T1-01237,R-10,10,2026-08-07 21:04,45,2026-08-07 21:51,+05:30,
T1-01238,R-10,10,2026-08-07 08:11,35,2026-08-07 08:54,+05:30,
T1-01239,R-10,10,2026-08-07 09:51,40,2026-08-07 10:36,+05:30,
T1-01240,R-10,10,2026-08-07 21:52,35,2026-08-07 22:29,+05:30,
T1-01241,R-10,10,2026-08-07 21:36,55,2026-08-07 22:28,+05:30,
T1-01242,R-10,10,2026-08-07 10:44,40,2026-08-07 11:24,+05:30,
T1-01243,R-10,10,2026-08-07 19:02,45,2026-08-07 19:50,+05:30,
T1-01244,R-10,10,2026-08-07 08:37,50,2026-08-07 09:32,+05:30,
T1-01245,R-10,10,2026-08-07 12:56,55,2026-08-07 13:52,+05:30,
T1-01246,R-10,10,2026-08-08 19:46,45,2026-08-08 20:34,+05:30,
T1-01247,R-10,10,2026-08-08 19:31,50,2026-08-08 20:19,+05:30,
T1-01248,R-10,10,2026-08-08 06:48,55,2026-08-08 07:54,+05:30,
T1-01249,R-10,10,2026-08-08 18:21,55,2026-08-08 19:17,+05:30,
T1-01250,R-10,10,2026-08-08 12:20,50,2026-08-08 13:14,+05:30,
T1-01251,R-10,10,2026-08-08 21:34,40,2026-08-08 22:15,+05:30,
T1-01252,R-10,10,2026-08-08 11:37,55,2026-08-08 12:43,+05:30,
T1-01253,R-10,10,2026-08-08 12:10,45,2026-08-08 13:00,+05:30,
T1-01254,R-10,10,2026-08-08 08:07,45,2026-08-08 08:48,+05:30,
T1-01255,R-10,10,2026-08-08 06:18,55,2026-08-08 07:04,+05:30,
T1-01256,R-10,10,2026-08-08 18:29,55,2026-08-08 19:26,+05:30,
T1-01257,R-10,10,2026-08-08 14:12,55,2026-08-08 15:07,+05:30,
T1-01258,R-10,10,2026-08-08 13:44,35,2026-08-08 14:26,+05:30,
T1-01259,R-10,10,2026-08-08 15:08,55,2026-08-08 15:59,+05:30,
T1-01260,R-10,10,2026-08-08 08:01,35,2026-08-08 08:38,+05:30,
T1-01261,R-10,10,2026-08-08 16:07,50,2026-08-08 16:57,+05:30,
T1-01262,R-10,10,2026-08-08 06:30,50,2026-08-08 07:21,+05:30,
T1-01263,R-10,10,2026-08-08 20:47,40,2026-08-08 21:27,+05:30,
T1-01264,R-10,10,2026-08-09 14:11,55,2026-08-09 15:08,+05:30,
T1-01265,R-10,10,2026-08-09 07:37,40,2026-08-09 08:19,+05:30,
T1-01266,R-10,10,2026-08-09 17:32,50,2026-08-09 18:19,+05:30,
T1-01267,R-10,10,2026-08-09 11:42,50,2026-08-09 12:27,+05:30,
T1-01268,R-10,10,2026-08-09 10:29,35,2026-08-09 11:06,+05:30,
T1-01269,R-10,10,2026-08-09 09:24,35,2026-08-09 10:02,+05:30,
T1-01270,R-10,10,2026-08-09 11:51,35,2026-08-09 12:34,+05:30,
T1-01271,R-10,10,2026-08-09 14:03,50,2026-08-09 14:59,+05:30,
T1-01272,R-10,10,2026-08-09 14:06,50,2026-08-09 15:00,+05:30,
T1-01273,R-10,10,2026-08-09 07:57,55,2026-08-09 08:55,+05:30,
T1-01274,R-10,10,2026-08-09 13:51,35,2026-08-09 14:24,+05:30,
T1-01275,R-10,10,2026-08-09 20:30,35,2026-08-09 21:00,+05:30,
T1-01276,R-10,10,2026-08-09 10:27,40,2026-08-09 11:07,+05:30,
T1-01277,R-10,10,2026-08-09 11:06,40,2026-08-09 11:45,+05:30,
T1-01278,R-10,10,2026-08-09 07:44,35,2026-08-09 08:23,+05:30,
T1-01279,R-10,10,2026-08-09 20:37,55,2026-08-09 21:38,+05:30,
T1-01280,R-10,10,2026-08-09 18:56,50,2026-08-09 19:54,+05:30,
T1-01281,R-10,10,2026-08-09 20:51,40,2026-08-09 21:36,+05:30,
T1-01282,R-11,11,2026-08-03 09:34,45,2026-08-03 10:16,+05:30,
T1-01283,R-11,11,2026-08-03 19:00,40,2026-08-03 19:42,+05:30,
T1-01284,R-11,11,2026-08-03 07:11,55,2026-08-03 08:19,+05:30,
T1-01285,R-11,11,2026-08-03 19:14,50,2026-08-03 20:00,+05:30,
T1-01286,R-11,11,2026-08-03 12:59,50,2026-08-03 13:51,+05:30,
T1-01287,R-11,11,2026-08-03 16:50,35,2026-08-03 17:27,+05:30,
T1-01288,R-11,11,2026-08-03 06:09,50,2026-08-03 07:03,+05:30,
T1-01289,R-11,11,2026-08-03 08:19,50,2026-08-03 09:07,+05:30,
T1-01290,R-11,11,2026-08-03 21:50,35,2026-08-03 22:34,+05:30,
T1-01291,R-11,11,2026-08-03 07:31,35,2026-08-03 08:08,+05:30,
T1-01292,R-11,11,2026-08-03 10:41,45,2026-08-03 11:23,+05:30,
T1-01293,R-11,11,2026-08-03 08:18,50,2026-08-03 09:14,+05:30,
T1-01294,R-11,11,2026-08-03 12:27,40,2026-08-03 13:14,+05:30,
T1-01295,R-11,11,2026-08-03 09:29,35,2026-08-03 10:06,+05:30,
T1-01296,R-11,11,2026-08-03 14:11,50,2026-08-03 15:05,+05:30,
T1-01297,R-11,11,2026-08-03 17:36,40,2026-08-03 18:18,+05:30,
T1-01298,R-11,11,2026-08-03 18:48,40,2026-08-03 19:31,+05:30,
T1-01299,R-11,11,2026-08-03 06:00,45,2026-08-03 06:58,+05:30,
T1-01300,R-11,11,2026-08-03 11:54,55,2026-08-03 12:50,+05:30,
T1-01301,R-11,11,2026-08-03 12:43,55,2026-08-03 13:44,+05:30,
T1-01302,R-11,11,2026-08-04 06:03,55,2026-08-04 06:56,+05:30,
T1-01303,R-11,11,2026-08-04 07:22,35,2026-08-04 07:17,+05:30,
T1-01304,R-11,11,2026-08-04 10:12,40,2026-08-04 10:54,+05:30,
T1-01305,R-11,11,2026-08-04 08:56,40,2026-08-04 09:38,+05:30,
T1-01306,R-11,11,2026-08-04 17:40,45,2026-08-04 18:26,+05:30,
T1-01307,R-11,11,2026-08-04 18:04,35,2026-08-04 18:44,+05:30,
T1-01308,R-11,11,2026-08-04 10:20,35,2026-08-04 10:54,+05:30,
T1-01309,R-11,11,2026-08-04 18:04,55,2026-08-04 19:08,+05:30,
T1-01310,R-11,11,2026-08-04 19:02,35,2026-08-04 19:37,+05:30,
T1-01311,R-11,11,2026-08-04 10:20,55,2026-08-04 11:17,+05:30,
T1-01312,R-11,11,2026-08-04 07:41,45,2026-08-04 08:23,+05:30,
T1-01313,R-11,11,2026-08-04 11:18,40,2026-08-04 12:00,+05:30,
T1-01314,R-11,11,2026-08-04 06:57,40,2026-08-04 07:40,+05:30,
T1-01315,R-11,11,2026-08-04 09:40,40,2026-08-04 10:20,+05:30,
T1-01316,R-11,11,2026-08-04 15:38,40,2026-08-04 16:17,+05:30,
T1-01317,R-11,11,2026-08-04 19:25,35,2026-08-04 19:59,+05:30,
T1-01318,R-11,11,2026-08-04 20:05,35,2026-08-04 20:50,+05:30,
T1-01319,R-11,11,2026-08-04 19:15,35,2026-08-04 19:47,+05:30,
T1-01320,R-11,11,2026-08-04 10:44,35,2026-08-04 11:28,+05:30,
T1-01321,R-11,11,2026-08-04 19:47,45,2026-08-04 20:37,+05:30,
T1-01322,R-11,11,2026-08-05 11:35,40,2026-08-05 12:19,+05:30,
T1-01323,R-11,11,2026-08-05 09:50,40,2026-08-05 10:26,+05:30,
T1-01324,R-11,11,2026-08-05 18:24,55,2026-08-05 19:23,+05:30,
T1-01325,R-11,11,2026-08-05 14:10,45,2026-08-05 14:54,+05:30,
T1-01326,R-11,11,2026-08-05 12:18,40,2026-08-05 13:02,+05:30,
T1-01327,R-11,11,2026-08-05 10:18,50,2026-08-05 11:06,+05:30,
T1-01328,R-11,11,2026-08-05 20:26,35,2026-08-05 21:04,+05:30,
T1-01329,R-11,11,2026-08-05 10:57,40,2026-08-05 11:34,+05:30,
T1-01330,R-11,11,2026-08-05 12:46,40,2026-08-05 13:32,+05:30,
T1-01331,R-11,11,2026-08-05 10:09,45,2026-08-05 10:54,+05:30,
T1-01332,R-11,11,2026-08-05 13:35,45,2026-08-05 14:25,+05:30,
T1-01333,R-11,11,2026-08-05 16:57,55,2026-08-05 17:49,+05:30,
T1-01334,R-11,11,2026-08-05 08:44,40,2026-08-05 09:26,+05:30,
T1-01335,R-11,11,2026-08-05 19:37,40,2026-08-05 20:18,+05:30,
T1-01336,R-11,11,2026-08-05 11:58,45,2026-08-05 12:41,+05:30,
T1-01337,R-11,11,2026-08-05 12:58,55,2026-08-05 13:57,+05:30,
T1-01338,R-11,11,2026-08-05 20:39,55,2026-08-05 21:34,+05:30,
T1-01339,R-11,11,2026-08-05 06:50,35,2026-08-05 07:30,+05:30,
T1-01340,R-11,11,2026-08-05 21:25,45,2026-08-05 22:13,+05:30,
T1-01341,R-11,11,2026-08-05 17:33,50,2026-08-05 18:23,+05:30,
T1-01342,R-11,11,2026-08-06 15:22,45,2026-08-06 16:07,+05:30,
T1-01343,R-11,11,2026-08-06 17:27,45,2026-08-06 18:15,+05:30,
T1-01344,R-11,11,2026-08-06 20:32,35,2026-08-06 21:14,+05:30,
T1-01345,R-11,11,2026-08-06 07:56,45,2026-08-06 08:43,+05:30,
T1-01346,R-11,11,2026-08-06 21:03,40,2026-08-06 21:41,+05:30,
T1-01347,R-11,11,2026-08-06 07:32,50,2026-08-06 08:28,+05:30,
T1-01348,R-11,11,2026-08-06 19:43,45,2026-08-06 20:36,+05:30,
T1-01349,R-11,11,2026-08-06 07:51,40,2026-08-06 08:35,+05:30,
T1-01350,R-11,11,2026-08-06 13:51,50,2026-08-06 14:43,+05:30,
T1-01351,R-11,11,2026-08-06 18:52,55,2026-08-06 19:49,+05:30,
T1-01352,R-11,11,2026-08-06 16:33,35,2026-08-06 17:04,+05:30,
T1-01353,R-11,11,2026-08-06 20:31,55,2026-08-06 21:29,+05:30,
T1-01354,R-11,11,2026-08-06 19:30,55,2026-08-06 20:40,+05:30,
T1-01355,R-11,11,2026-08-06 11:31,55,2026-08-06 12:31,+05:30,
T1-01356,R-11,11,2026-08-06 12:33,45,2026-08-06 13:16,+05:30,
T1-01357,R-11,11,2026-08-06 13:53,35,2026-08-06 14:37,+05:30,
T1-01358,R-11,11,2026-08-06 06:39,50,2026-08-06 07:32,+05:30,
T1-01359,R-11,11,2026-08-06 21:38,35,2026-08-06 22:16,+05:30,
T1-01360,R-11,11,2026-08-06 17:22,40,2026-08-06 18:00,+05:30,
T1-01361,R-11,11,2026-08-06 14:09,55,2026-08-06 15:06,+05:30,
T1-01362,R-11,11,2026-08-07 14:38,50,2026-08-07 15:24,+05:30,
T1-01363,R-11,11,2026-08-07 13:57,45,2026-08-07 14:48,+05:30,
T1-01364,R-11,11,2026-08-07 12:38,45,2026-08-07 13:25,+05:30,
T1-01365,R-11,11,2026-08-07 08:37,45,2026-08-07 09:22,+05:30,
T1-01366,R-11,11,2026-08-07 12:27,50,2026-08-07 13:16,+05:30,
T1-01367,R-11,11,2026-08-07 08:56,50,2026-08-07 09:54,+05:30,
T1-01368,R-11,11,2026-08-07 09:35,55,2026-08-07 10:32,+05:30,
T1-01369,R-11,11,2026-08-07 07:55,35,2026-08-07 08:23,+05:30,
T1-01370,R-11,11,2026-08-07 08:58,45,2026-08-07 09:41,+05:30,
T1-01371,R-11,11,2026-08-07 10:40,50,2026-08-07 11:31,+05:30,
T1-01372,R-11,11,2026-08-07 10:28,35,2026-08-07 08:60,+05:30,
T1-01373,R-11,11,2026-08-07 13:20,40,2026-08-07 14:13,+05:30,
T1-01374,R-11,11,2026-08-07 14:32,55,2026-08-07 15:31,+05:30,
T1-01375,R-11,11,2026-08-07 18:08,45,2026-08-07 18:58,+05:30,
T1-01376,R-11,11,2026-08-07 12:31,45,2026-08-07 13:23,+05:30,
T1-01377,R-11,11,2026-08-07 20:27,55,2026-08-07 21:24,+05:30,
T1-01378,R-11,11,2026-08-07 20:08,45,2026-08-07 20:56,+05:30,
T1-01379,R-11,11,2026-08-07 19:45,50,2026-08-07 20:40,+05:30,
T1-01380,R-11,11,2026-08-07 13:20,40,2026-08-07 13:56,+05:30,
T1-01381,R-11,11,2026-08-07 12:55,40,2026-08-07 13:34,+05:30,
T1-01382,R-11,11,2026-08-08 09:28,55,2026-08-08 10:18,+05:30,
T1-01383,R-11,11,2026-08-08 15:59,50,2026-08-08 16:46,+05:30,
T1-01384,R-11,11,2026-08-08 16:07,35,2026-08-08 16:46,+05:30,
T1-01385,R-11,11,2026-08-08 18:03,45,2026-08-08 18:48,+05:30,
T1-01386,R-11,11,2026-08-08 08:08,35,2026-08-08 08:47,+05:30,
T1-01387,R-11,11,2026-08-08 10:16,40,2026-08-08 10:55,+05:30,
T1-01388,R-11,11,2026-08-08 18:21,55,2026-08-08 19:13,+05:30,
T1-01389,R-11,11,2026-08-08 08:12,55,2026-08-08 09:11,+05:30,
T1-01390,R-11,11,2026-08-08 08:29,55,2026-08-08 09:23,+05:30,
T1-01391,R-11,11,2026-08-08 06:41,50,2026-08-08 07:32,+05:30,
T1-01392,R-11,11,2026-08-08 07:01,40,2026-08-08 07:43,+05:30,
T1-01393,R-11,11,2026-08-08 12:48,55,2026-08-08 13:46,+05:30,
T1-01394,R-11,11,2026-08-08 20:44,35,2026-08-08 21:23,+05:30,
T1-01395,R-11,11,2026-08-08 09:18,45,2026-08-08 09:59,+05:30,
T1-01396,R-11,11,2026-08-08 20:41,40,2026-08-08 21:23,+05:30,
T1-01397,R-11,11,2026-08-08 10:41,35,2026-08-08 11:26,+05:30,
T1-01398,R-11,11,2026-08-08 16:29,55,2026-08-08 17:29,+05:30,
T1-01399,R-11,11,2026-08-08 19:57,40,2026-08-08 20:42,+05:30,
T1-01400,R-11,11,2026-08-08 13:47,55,2026-08-08 14:50,+05:30,
T1-01401,R-11,11,2026-08-08 21:13,35,2026-08-08 21:50,+05:30,
T1-01402,R-11,11,2026-08-09 07:12,55,2026-08-09 08:08,+05:30,
T1-01403,R-11,11,2026-08-09 21:17,40,2026-08-09 21:57,+05:30,
T1-01404,R-11,11,2026-08-09 21:24,50,2026-08-09 22:15,+05:30,
T1-01405,R-11,11,2026-08-09 11:44,55,2026-08-09 12:41,+05:30,
T1-01406,R-11,11,2026-08-09 10:01,55,2026-08-09 10:58,+05:30,
T1-01407,R-11,11,2026-08-09 12:32,40,2026-08-09 13:16,+05:30,
T1-01408,R-11,11,2026-08-09 17:35,45,2026-08-09 18:24,+05:30,
T1-01409,R-11,11,2026-08-09 13:36,45,2026-08-09 14:22,+05:30,
T1-01410,R-11,11,2026-08-09 10:55,35,2026-08-09 11:30,+05:30,
T1-01411,R-11,11,2026-08-09 10:48,35,2026-08-09 11:23,+05:30,
T1-01412,R-11,11,2026-08-09 11:25,55,2026-08-09 12:26,+05:30,
T1-01413,R-11,11,2026-08-09 18:32,50,2026-08-09 19:26,+05:30,
T1-01414,R-11,11,2026-08-09 13:26,50,2026-08-09 14:17,+05:30,
T1-01415,R-11,11,2026-08-09 20:33,35,2026-08-09 21:05,+05:30,
T1-01416,R-11,11,2026-08-09 11:22,55,2026-08-09 12:20,+05:30,
T1-01417,R-11,11,2026-08-09 10:22,55,2026-08-09 11:20,+05:30,
T1-01418,R-11,11,2026-08-09 17:35,50,2026-08-09 18:26,+05:30,
T1-01419,R-11,11,2026-08-09 06:47,50,2026-08-09 06:42,+05:30,
T1-01420,R-11,11,2026-08-09 06:34,50,2026-08-09 07:32,+05:30,
T1-01421,R-11,11,2026-08-09 06:28,55,2026-08-09 07:24,+05:30,
T1-01422,R-12,12,2026-08-03 18:52,45,2026-08-03 19:39,+05:30,
T1-01423,R-12,12,2026-08-03 07:31,55,2026-08-03 08:27,+05:30,
T1-01424,R-12,12,2026-08-03 15:17,35,2026-08-03 16:01,+05:30,
T1-01425,R-12,12,2026-08-03 11:50,35,2026-08-03 12:28,+05:30,
T1-01426,R-12,12,2026-08-03 19:05,55,2026-08-03 19:58,+05:30,
T1-01427,R-12,12,2026-08-03 13:58,45,2026-08-03 14:44,+05:30,
T1-01428,R-12,12,2026-08-03 14:21,50,2026-08-03 15:12,+05:30,
T1-01429,R-12,12,2026-08-03 10:30,55,2026-08-03 11:26,+05:30,
T1-01430,R-12,12,2026-08-03 21:44,55,2026-08-03 22:41,+05:30,
T1-01431,R-12,12,2026-08-03 18:54,45,2026-08-03 19:39,+05:30,
T1-01432,R-12,12,2026-08-03 13:46,55,2026-08-03 14:45,+05:30,
T1-01433,R-12,12,2026-08-03 12:50,55,2026-08-03 13:46,+05:30,
T1-01434,R-12,12,2026-08-03 07:07,45,2026-08-03 07:59,+05:30,
T1-01435,R-12,12,2026-08-03 12:27,35,2026-08-03 13:01,+05:30,
T1-01436,R-12,12,2026-08-03 15:19,45,2026-08-03 16:07,+05:30,
T1-01437,R-12,12,2026-08-03 18:03,35,2026-08-03 18:45,+05:30,
T1-01438,R-12,12,2026-08-04 07:37,35,2026-08-04 08:08,+05:30,
T1-01439,R-12,12,2026-08-04 08:16,45,2026-08-04 09:03,+05:30,
T1-01440,R-12,12,2026-08-04 13:46,50,2026-08-04 14:40,+05:30,
T1-01441,R-12,12,2026-08-04 06:18,45,2026-08-04 07:00,+05:30,
T1-01442,R-12,12,2026-08-04 12:45,55,2026-08-04 13:42,+05:30,
T1-01443,R-12,12,2026-08-04 17:11,50,2026-08-04 17:58,+05:30,
T1-01444,R-12,12,2026-08-04 20:35,45,2026-08-04 21:26,+05:30,
T1-01445,R-12,12,2026-08-04 20:53,50,2026-08-04 21:39,+05:30,
T1-01446,R-12,12,2026-08-04 10:28,45,2026-08-04 11:18,+05:30,
T1-01447,R-12,12,2026-08-04 21:29,35,2026-08-04 22:02,+05:30,
T1-01448,R-12,12,2026-08-04 10:22,55,2026-08-04 11:15,+05:30,
T1-01449,R-12,12,2026-08-04 08:54,55,2026-08-04 09:46,+05:30,
T1-01450,R-12,12,2026-08-04 09:20,55,2026-08-04 10:13,+05:30,
T1-01451,R-12,12,2026-08-04 21:01,50,2026-08-04 21:48,+05:30,
T1-01452,R-12,12,2026-08-04 12:06,35,2026-08-04 12:42,+05:30,
T1-01453,R-12,12,2026-08-04 06:51,35,2026-08-04 07:30,+05:30,
T1-01454,R-12,12,2026-08-05 19:40,40,2026-08-05 20:25,+05:30,
T1-01455,R-12,12,2026-08-05 10:03,35,2026-08-05 10:44,+05:30,
T1-01456,R-12,12,2026-08-05 20:59,55,2026-08-05 21:56,+05:30,
T1-01457,R-12,12,2026-08-05 07:55,45,2026-08-05 08:45,+05:30,
T1-01458,R-12,12,2026-08-05 17:38,40,2026-08-05 18:17,+05:30,
T1-01459,R-12,12,2026-08-05 18:48,55,2026-08-05 19:53,+05:30,
T1-01460,R-12,12,2026-08-05 12:20,55,2026-08-05 13:22,+05:30,
T1-01461,R-12,12,2026-08-05 17:17,40,2026-08-05 17:59,+05:30,
T1-01462,R-12,12,2026-08-05 15:58,50,2026-08-05 16:49,+05:30,
T1-01463,R-12,12,2026-08-05 18:39,35,2026-08-05 19:12,+05:30,
T1-01464,R-12,12,2026-08-05 12:43,50,2026-08-05 13:36,+05:30,
T1-01465,R-12,12,2026-08-05 08:24,50,2026-08-05 09:12,+05:30,
T1-01466,R-12,12,2026-08-05 17:41,50,2026-08-05 18:34,+05:30,
T1-01467,R-12,12,2026-08-05 20:48,55,2026-08-05 21:48,+05:30,
T1-01468,R-12,12,2026-08-05 07:44,50,2026-08-05 08:37,+05:30,
T1-01469,R-12,12,2026-08-05 20:35,45,2026-08-05 21:22,+05:30,
T1-01470,R-12,12,2026-08-06 12:50,45,2026-08-06 13:38,+05:30,
T1-01471,R-12,12,2026-08-06 13:15,55,2026-08-06 14:08,+05:30,
T1-01472,R-12,12,2026-08-06 19:48,55,2026-08-06 20:49,+05:30,
T1-01473,R-12,12,2026-08-06 16:00,40,2026-08-06 16:35,+05:30,
T1-01474,R-12,12,2026-08-06 18:47,35,2026-08-06 19:25,+05:30,
T1-01475,R-12,12,2026-08-06 14:19,55,2026-08-06 15:17,+05:30,
T1-01476,R-12,12,2026-08-06 13:40,50,2026-08-06 14:43,+05:30,
T1-01477,R-12,12,2026-08-06 17:53,50,2026-08-06 18:49,+05:30,
T1-01478,R-12,12,2026-08-06 11:09,45,2026-08-06 11:58,+05:30,
T1-01479,R-12,12,2026-08-06 17:21,35,2026-08-06 18:00,+05:30,
T1-01480,R-12,12,2026-08-06 19:18,40,2026-08-06 20:01,+05:30,
T1-01481,R-12,12,2026-08-06 20:48,55,2026-08-06 21:48,+05:30,
T1-01482,R-12,12,2026-08-06 12:01,35,2026-08-06 12:37,+05:30,
T1-01483,R-12,12,2026-08-06 18:19,45,2026-08-06 19:03,+05:30,
T1-01484,R-12,12,2026-08-06 21:48,50,2026-08-06 22:37,+05:30,
T1-01485,R-12,12,2026-08-06 16:21,40,2026-08-06 17:01,+05:30,
T1-01486,R-12,12,2026-08-07 20:43,35,2026-08-07 21:21,+05:30,
T1-01487,R-12,12,2026-08-07 11:38,55,2026-08-07 12:37,+05:30,
T1-01488,R-12,12,2026-08-07 10:12,50,2026-08-07 11:00,+05:30,
T1-01489,R-12,12,2026-08-07 20:49,40,2026-08-07 21:31,+05:30,
T1-01490,R-12,12,2026-08-07 09:47,40,2026-08-07 10:22,+05:30,
T1-01491,R-12,12,2026-08-07 16:16,35,2026-08-07 16:46,+05:30,
T1-01492,R-12,12,2026-08-07 18:54,35,2026-08-07 19:33,+05:30,
T1-01493,R-12,12,2026-08-07 07:42,45,2026-08-07 08:30,+05:30,
T1-01494,R-12,12,2026-08-07 12:57,55,2026-08-07 13:50,+05:30,
T1-01495,R-12,12,2026-08-07 11:01,55,2026-08-07 11:56,+05:30,
T1-01496,R-12,12,2026-08-07 21:10,50,2026-08-07 21:58,+05:30,
T1-01497,R-12,12,2026-08-07 20:41,35,2026-08-07 21:20,+05:30,
T1-01498,R-12,12,2026-08-07 14:10,35,2026-08-07 14:44,+05:30,
T1-01499,R-12,12,2026-08-07 07:25,35,2026-08-07 08:07,+05:30,
T1-01500,R-12,12,2026-08-07 12:34,35,2026-08-07 13:08,+05:30,
T1-01501,R-12,12,2026-08-07 18:31,50,2026-08-07 19:23,+05:30,
T1-01502,R-12,12,2026-08-08 15:08,45,2026-08-08 16:05,+05:30,
T1-01503,R-12,12,2026-08-08 13:33,45,2026-08-08 14:22,+05:30,
T1-01504,R-12,12,2026-08-08 08:21,40,2026-08-08 09:01,+05:30,
T1-01505,R-12,12,2026-08-08 14:29,35,2026-08-08 15:02,+05:30,
T1-01506,R-12,12,2026-08-08 19:36,40,2026-08-08 20:18,+05:30,
T1-01507,R-12,12,2026-08-08 07:33,50,2026-08-08 08:25,+05:30,
T1-01508,R-12,12,2026-08-08 06:27,35,2026-08-08 06:59,+05:30,
T1-01509,R-12,12,2026-08-08 06:08,45,2026-08-08 06:57,+05:30,
T1-01510,R-12,12,2026-08-08 07:04,45,2026-08-08 07:47,+05:30,
T1-01511,R-12,12,2026-08-08 15:23,50,2026-08-08 16:15,+05:30,
T1-01512,R-12,12,2026-08-08 15:42,45,2026-08-08 16:27,+05:30,
T1-01513,R-12,12,2026-08-08 06:07,35,2026-08-08 06:43,+05:30,
T1-01514,R-12,12,2026-08-08 12:15,55,2026-08-08 13:17,+05:30,
T1-01515,R-12,12,2026-08-08 16:38,50,2026-08-08 17:24,+05:30,
T1-01516,R-12,12,2026-08-08 17:38,40,2026-08-08 18:19,+05:30,
T1-01517,R-12,12,2026-08-08 10:37,45,2026-08-08 11:21,+05:30,
T1-01518,R-12,12,2026-08-09 12:26,35,2026-08-09 13:06,+05:30,
T1-01519,R-12,12,2026-08-09 06:08,40,2026-08-09 06:43,+05:30,
T1-01520,R-12,12,2026-08-09 12:30,55,2026-08-09 13:29,+05:30,
T1-01521,R-12,12,2026-08-09 15:32,50,2026-08-09 16:25,+05:30,
T1-01522,R-12,12,2026-08-09 16:01,45,2026-08-09 16:55,+05:30,
T1-01523,R-12,12,2026-08-09 20:43,50,2026-08-09 21:36,+05:30,
T1-01524,R-12,12,2026-08-09 14:26,35,2026-08-09 15:01,+05:30,
T1-01525,R-12,12,2026-08-09 16:28,40,2026-08-09 17:07,+05:30,
T1-01526,R-12,12,2026-08-09 07:53,50,2026-08-09 08:42,+05:30,
T1-01527,R-12,12,2026-08-09 19:26,45,2026-08-09 20:12,+05:30,
T1-01528,R-12,12,2026-08-09 13:53,45,2026-08-09 14:36,+05:30,
T1-01529,R-12,12,2026-08-09 09:17,40,2026-08-09 09:58,+05:30,
T1-01530,R-12,12,2026-08-09 18:49,35,2026-08-09 19:34,+05:30,
T1-01531,R-12,12,2026-08-09 16:26,55,2026-08-09 17:25,+05:30,
T1-01532,R-12,12,2026-08-09 17:01,35,2026-08-09 17:38,+05:30,
T1-01533,R-12,12,2026-08-09 09:23,50,2026-08-09 10:18,+05:30,
T1-01534,R-13,13,2026-08-03 08:47,45,2026-08-03 09:38,+05:30,
T1-01535,R-13,13,2026-08-03 08:31,45,2026-08-03 09:13,+05:30,
T1-01536,R-13,13,2026-08-03 13:07,55,2026-08-03 14:00,+05:30,
T1-01537,R-13,13,2026-08-03 20:36,45,2026-08-03 21:24,+05:30,
T1-01538,R-13,13,2026-08-03 21:10,35,2026-08-03 21:43,+05:30,
T1-01539,R-13,13,2026-08-03 16:12,40,2026-08-03 16:54,+05:30,
T1-01540,R-13,13,2026-08-03 17:45,45,2026-08-03 18:19,+05:30,
T1-01541,R-13,13,2026-08-03 06:32,35,2026-08-03 07:09,+05:30,
T1-01542,R-13,13,2026-08-03 18:33,45,2026-08-03 19:23,+05:30,
T1-01543,R-13,13,2026-08-03 10:37,35,2026-08-03 11:17,+05:30,
T1-01544,R-13,13,2026-08-03 15:13,50,2026-08-03 15:56,+05:30,
T1-01545,R-13,13,2026-08-03 13:36,35,2026-08-03 14:09,+05:30,
T1-01546,R-13,13,2026-08-03 11:15,50,2026-08-03 12:06,+05:30,
T1-01547,R-13,13,2026-08-03 11:51,35,2026-08-03 12:20,+05:30,
T1-01548,R-13,13,2026-08-03 06:47,45,2026-08-03 07:34,+05:30,
T1-01549,R-13,13,2026-08-03 21:10,35,2026-08-03 21:42,+05:30,
T1-01550,R-13,13,2026-08-03 17:59,40,2026-08-03 18:46,+05:30,
T1-01551,R-13,13,2026-08-03 17:00,45,2026-08-03 17:42,+05:30,
T1-01552,R-13,13,2026-08-03 21:58,55,2026-08-03 22:49,+05:30,
T1-01553,R-13,13,2026-08-04 14:10,40,2026-08-04 14:47,+05:30,
T1-01554,R-13,13,2026-08-04 12:06,35,2026-08-04 12:37,+05:30,
T1-01555,R-13,13,2026-08-04 11:10,50,2026-08-04 12:02,+05:30,
T1-01556,R-13,13,2026-08-04 19:28,45,2026-08-04 20:10,+05:30,
T1-01557,R-13,13,2026-08-04 14:18,40,2026-08-04 15:00,+05:30,
T1-01558,R-13,13,2026-08-04 10:27,45,2026-08-04 11:12,+05:30,
T1-01559,R-13,13,2026-08-04 09:56,50,2026-08-04 10:45,+05:30,
T1-01560,R-13,13,2026-08-04 15:42,35,2026-08-04 16:11,+05:30,
T1-01561,R-13,13,2026-08-04 12:18,45,2026-08-04 12:59,+05:30,
T1-01562,R-13,13,2026-08-04 19:39,45,2026-08-04 20:23,+05:30,
T1-01563,R-13,13,2026-08-04 10:38,45,2026-08-04 11:21,+05:30,
T1-01564,R-13,13,2026-08-04 13:50,40,2026-08-04 14:20,+05:30,
T1-01565,R-13,13,2026-08-04 16:32,40,2026-08-04 17:13,+05:30,
T1-01566,R-13,13,2026-08-04 06:52,50,2026-08-04 07:46,+05:30,
T1-01567,R-13,13,2026-08-04 14:29,55,2026-08-04 15:21,+05:30,
T1-01568,R-13,13,2026-08-04 11:28,55,2026-08-04 12:24,+05:30,
T1-01569,R-13,13,2026-08-04 07:59,55,2026-08-04 08:46,+05:30,
T1-01570,R-13,13,2026-08-04 13:35,55,2026-08-04 14:22,+05:30,
T1-01571,R-13,13,2026-08-04 15:52,40,2026-08-04 16:33,+05:30,
T1-01572,R-13,13,2026-08-05 08:20,45,2026-08-05 09:11,+05:30,
T1-01573,R-13,13,2026-08-05 20:46,55,2026-08-05 21:37,+05:30,
T1-01574,R-13,13,2026-08-05 17:17,35,2026-08-05 17:51,+05:30,
T1-01575,R-13,13,2026-08-05 08:19,50,2026-08-05 09:16,+05:30,
T1-01576,R-13,13,2026-08-05 17:07,40,2026-08-05 17:47,+05:30,
T1-01577,R-13,13,2026-08-05 12:52,35,2026-08-05 13:27,+05:30,
T1-01578,R-13,13,2026-08-05 18:08,40,2026-08-05 18:51,+05:30,
T1-01579,R-13,13,2026-08-05 06:36,40,2026-08-05 07:15,+05:30,
T1-01580,R-13,13,2026-08-05 14:04,40,2026-08-05 14:38,+05:30,
T1-01581,R-13,13,2026-08-05 18:26,50,2026-08-05 19:18,+05:30,
T1-01582,R-13,13,2026-08-05 15:51,45,2026-08-05 16:34,+05:30,
T1-01583,R-13,13,2026-08-05 18:15,35,2026-08-05 18:50,+05:30,
T1-01584,R-13,13,2026-08-05 20:20,35,2026-08-05 20:52,+05:30,
T1-01585,R-13,13,2026-08-05 18:24,40,2026-08-05 19:03,+05:30,
T1-01586,R-13,13,2026-08-05 13:45,35,2026-08-05 14:15,+05:30,
T1-01587,R-13,13,2026-08-05 10:54,50,2026-08-05 11:43,+05:30,
T1-01588,R-13,13,2026-08-05 12:44,35,2026-08-05 13:18,+05:30,
T1-01589,R-13,13,2026-08-05 16:00,35,2026-08-05 16:33,+05:30,
T1-01590,R-13,13,2026-08-05 10:37,35,2026-08-05 11:22,+05:30,
T1-01591,R-13,13,2026-08-06 15:48,45,2026-08-06 16:32,+05:30,
T1-01592,R-13,13,2026-08-06 12:35,45,2026-08-06 13:25,+05:30,
T1-01593,R-13,13,2026-08-06 06:02,35,2026-08-06 06:42,+05:30,
T1-01594,R-13,13,2026-08-06 06:31,55,2026-08-06 07:22,+05:30,
T1-01595,R-13,13,2026-08-06 18:29,40,2026-08-06 19:09,+05:30,
T1-01596,R-13,13,2026-08-06 21:46,45,2026-08-06 22:31,+05:30,
T1-01597,R-13,13,2026-08-06 11:26,35,2026-08-06 11:54,+05:30,
T1-01598,R-13,13,2026-08-06 16:33,40,2026-08-06 17:21,+05:30,
T1-01599,R-13,13,2026-08-06 08:38,50,2026-08-06 09:22,+05:30,
T1-01600,R-13,13,2026-08-06 12:31,55,2026-08-06 13:17,+05:30,
T1-01601,R-13,13,2026-08-06 19:00,50,2026-08-06 19:51,+05:30,
T1-01602,R-13,13,2026-08-06 06:02,50,2026-08-06 06:53,+05:30,
T1-01603,R-13,13,2026-08-06 14:30,40,2026-08-06 15:08,+05:30,
T1-01604,R-13,13,2026-08-06 18:42,45,2026-08-06 19:24,+05:30,
T1-01605,R-13,13,2026-08-06 10:37,40,2026-08-06 11:17,+05:30,
T1-01606,R-13,13,2026-08-06 19:14,35,2026-08-06 19:46,+05:30,
T1-01607,R-13,13,2026-08-06 07:17,55,2026-08-06 08:16,+05:30,
T1-01608,R-13,13,2026-08-06 14:25,55,2026-08-06 15:19,+05:30,
T1-01609,R-13,13,2026-08-06 15:35,35,2026-08-06 16:13,+05:30,
T1-01610,R-13,13,2026-08-07 12:47,45,2026-08-07 13:31,+05:30,
T1-01611,R-13,13,2026-08-07 18:05,55,2026-08-07 18:54,+05:30,
T1-01612,R-13,13,2026-08-07 08:35,35,2026-08-07 09:11,+05:30,
T1-01613,R-13,13,2026-08-07 10:56,45,2026-08-07 11:46,+05:30,
T1-01614,R-13,13,2026-08-07 12:22,50,2026-08-07 13:13,+05:30,
T1-01615,R-13,13,2026-08-07 18:05,50,2026-08-07 18:56,+05:30,
T1-01616,R-13,13,2026-08-07 21:13,55,2026-08-07 22:01,+05:30,
T1-01617,R-13,13,2026-08-07 14:36,50,2026-08-07 15:30,+05:30,
T1-01618,R-13,13,2026-08-07 11:24,40,2026-08-07 12:08,+05:30,
T1-01619,R-13,13,2026-08-07 08:22,50,2026-08-07 09:15,+05:30,
T1-01620,R-13,13,2026-08-07 21:41,55,2026-08-07 22:34,+05:30,
T1-01621,R-13,13,2026-08-07 08:31,45,2026-08-07 09:14,+05:30,
T1-01622,R-13,13,2026-08-07 06:04,35,2026-08-07 06:33,+05:30,
T1-01623,R-13,13,2026-08-07 11:39,50,2026-08-07 12:27,+05:30,
T1-01624,R-13,13,2026-08-07 14:15,55,2026-08-07 15:13,+05:30,
T1-01625,R-13,13,2026-08-07 14:46,55,2026-08-07 15:34,+05:30,
T1-01626,R-13,13,2026-08-07 11:09,40,2026-08-07 11:41,+05:30,
T1-01627,R-13,13,2026-08-07 14:32,35,2026-08-07 15:04,+05:30,
T1-01628,R-13,13,2026-08-07 06:49,50,2026-08-07 07:45,+05:30,
T1-01629,R-13,13,2026-08-08 21:39,45,2026-08-08 22:25,+05:30,
T1-01630,R-13,13,2026-08-08 09:41,45,2026-08-08 10:24,+05:30,
T1-01631,R-13,13,2026-08-08 20:00,45,2026-08-08 20:49,+05:30,
T1-01632,R-13,13,2026-08-08 06:53,55,2026-08-08 07:46,+05:30,
T1-01633,R-13,13,2026-08-08 06:27,40,2026-08-08 07:10,+05:30,
T1-01634,R-13,13,2026-08-08 08:05,40,2026-08-08 08:41,+05:30,
T1-01635,R-13,13,2026-08-08 20:45,45,2026-08-08 21:22,+05:30,
T1-01636,R-13,13,2026-08-08 09:27,55,2026-08-08 10:23,+05:30,
T1-01637,R-13,13,2026-08-08 14:05,40,2026-08-08 14:42,+05:30,
T1-01638,R-13,13,2026-08-08 14:22,40,2026-08-08 15:07,+05:30,
T1-01639,R-13,13,2026-08-08 18:36,50,2026-08-08 19:25,+05:30,
T1-01640,R-13,13,2026-08-08 11:53,40,2026-08-08 12:39,+05:30,
T1-01641,R-13,13,2026-08-08 09:58,50,2026-08-08 10:39,+05:30,
T1-01642,R-13,13,2026-08-08 09:51,45,2026-08-08 10:36,+05:30,
T1-01643,R-13,13,2026-08-08 07:07,40,2026-08-08 07:45,+05:30,
T1-01644,R-13,13,2026-08-08 17:42,55,2026-08-08 18:30,+05:30,
T1-01645,R-13,13,2026-08-08 20:11,50,2026-08-08 20:52,+05:30,
T1-01646,R-13,13,2026-08-08 21:02,35,2026-08-08 21:36,+05:30,
T1-01647,R-13,13,2026-08-08 08:44,40,2026-08-08 09:27,+05:30,
T1-01648,R-13,13,2026-08-09 19:31,40,2026-08-09 20:14,+05:30,
T1-01649,R-13,13,2026-08-09 14:40,35,2026-08-09 15:17,+05:30,
T1-01650,R-13,13,2026-08-09 15:02,45,2026-08-09 15:41,+05:30,
T1-01651,R-13,13,2026-08-09 17:44,50,2026-08-09 18:27,+05:30,
T1-01652,R-13,13,2026-08-09 12:37,50,2026-08-09 13:20,+05:30,
T1-01653,R-13,13,2026-08-09 14:17,45,2026-08-09 14:59,+05:30,
T1-01654,R-13,13,2026-08-09 17:06,45,2026-08-09 17:51,+05:30,
T1-01655,R-13,13,2026-08-09 12:57,40,2026-08-09 13:38,+05:30,
T1-01656,R-13,13,2026-08-09 08:55,50,2026-08-09 09:42,+05:30,
T1-01657,R-13,13,2026-08-09 13:06,45,2026-08-09 13:49,+05:30,
T1-01658,R-13,13,2026-08-09 11:43,45,2026-08-09 12:28,+05:30,
T1-01659,R-13,13,2026-08-09 14:44,45,2026-08-09 15:29,+05:30,
T1-01660,R-13,13,2026-08-09 19:54,45,2026-08-09 20:39,+05:30,
T1-01661,R-13,13,2026-08-09 12:49,50,2026-08-09 13:41,+05:30,
T1-01662,R-13,13,2026-08-09 18:37,45,2026-08-09 19:16,+05:30,
T1-01663,R-13,13,2026-08-09 21:02,55,2026-08-09 21:57,+05:30,
T1-01664,R-13,13,2026-08-09 18:32,40,2026-08-09 19:13,+05:30,
T1-01665,R-13,13,2026-08-09 06:02,55,2026-08-09 06:57,+05:30,
T1-01666,R-13,13,2026-08-09 09:30,45,2026-08-09 10:17,+05:30,
T1-01667,R-14,14,2026-08-03 17:43,45,2026-08-03 18:35,+05:30,
T1-01668,R-14,14,2026-08-03 07:48,50,2026-08-03 08:54,+05:30,
T1-01669,R-14,14,2026-08-03 19:13,40,2026-08-03 20:05,+05:30,
T1-01670,R-14,14,2026-08-03 12:19,45,2026-08-03 13:08,+05:30,
T1-01671,R-14,14,2026-08-03 06:35,50,2026-08-03 07:33,+05:30,
T1-01672,R-14,14,2026-08-03 06:00,45,2026-08-03 06:53,+05:30,
T1-01673,R-14,14,2026-08-03 20:34,50,2026-08-03 21:34,+05:30,
T1-01674,R-14,14,2026-08-03 17:28,50,2026-08-03 18:22,+05:30,
T1-01675,R-14,14,2026-08-03 14:26,45,2026-08-03 15:15,+05:30,
T1-01676,R-14,14,2026-08-03 18:44,45,2026-08-03 19:44,+05:30,
T1-01677,R-14,14,2026-08-03 14:07,35,2026-08-03 14:54,+05:30,
T1-01678,R-14,14,2026-08-03 09:59,45,2026-08-03 11:01,+05:30,
T1-01679,R-14,14,2026-08-03 07:14,55,2026-08-03 08:12,+05:30,
T1-01680,R-14,14,2026-08-03 12:47,55,2026-08-03 13:49,+05:30,
T1-01681,R-14,14,2026-08-03 08:03,35,2026-08-03 08:42,+05:30,
T1-01682,R-14,14,2026-08-03 10:39,45,2026-08-03 11:30,+05:30,
T1-01683,R-14,14,2026-08-03 13:12,35,2026-08-03 13:54,+05:30,
T1-01684,R-14,14,2026-08-04 13:52,40,2026-08-04 14:40,+05:30,
T1-01685,R-14,14,2026-08-04 09:54,40,2026-08-04 10:43,+05:30,
T1-01686,R-14,14,2026-08-04 16:23,40,2026-08-04 17:12,+05:30,
T1-01687,R-14,14,2026-08-04 08:48,40,2026-08-04 09:33,+05:30,
T1-01688,R-14,14,2026-08-04 09:44,50,2026-08-04 10:46,+05:30,
T1-01689,R-14,14,2026-08-04 15:14,40,2026-08-04 16:05,+05:30,
T1-01690,R-14,14,2026-08-04 11:37,45,2026-08-04 12:32,+05:30,
T1-01691,R-14,14,2026-08-04 08:55,40,2026-08-04 08:50,+05:30,
T1-01692,R-14,14,2026-08-04 15:55,45,2026-08-04 16:46,+05:30,
T1-01693,R-14,14,2026-08-04 21:38,55,2026-08-04 22:37,+05:30,
T1-01694,R-14,14,2026-08-04 09:11,55,2026-08-04 10:12,+05:30,
T1-01695,R-14,14,2026-08-04 15:06,35,2026-08-04 15:49,+05:30,
T1-01696,R-14,14,2026-08-04 13:27,40,2026-08-04 14:15,+05:30,
T1-01697,R-14,14,2026-08-04 18:17,45,2026-08-04 19:16,+05:30,
T1-01698,R-14,14,2026-08-04 09:08,55,2026-08-04 10:13,+05:30,
T1-01699,R-14,14,2026-08-04 10:34,50,2026-08-04 11:34,+05:30,
T1-01700,R-14,14,2026-08-04 21:43,50,2026-08-04 22:37,+05:30,
T1-01701,R-14,14,2026-08-05 19:01,45,2026-08-05 19:54,+05:30,
T1-01702,R-14,14,2026-08-05 11:27,40,2026-08-05 12:12,+05:30,
T1-01703,R-14,14,2026-08-05 11:31,45,2026-08-05 12:33,+05:30,
T1-01704,R-14,14,2026-08-05 20:52,55,2026-08-05 21:49,+05:30,
T1-01705,R-14,14,2026-08-05 15:09,35,2026-08-05 15:54,+05:30,
T1-01706,R-14,14,2026-08-05 07:42,45,2026-08-05 08:37,+05:30,
T1-01707,R-14,14,2026-08-05 13:53,50,2026-08-05 14:52,+05:30,
T1-01708,R-14,14,2026-08-05 14:44,45,2026-08-05 15:29,+05:30,
T1-01709,R-14,14,2026-08-05 18:29,35,2026-08-05 19:18,+05:30,
T1-01710,R-14,14,2026-08-05 19:19,35,2026-08-05 20:02,+05:30,
T1-01711,R-14,14,2026-08-05 08:39,35,2026-08-05 09:24,+05:30,
T1-01712,R-14,14,2026-08-05 19:18,35,2026-08-05 19:58,+05:30,
T1-01713,R-14,14,2026-08-05 10:57,35,2026-08-05 11:42,+05:30,
T1-01714,R-14,14,2026-08-05 15:30,35,2026-08-05 16:05,+05:30,
T1-01715,R-14,14,2026-08-05 07:42,50,2026-08-05 08:41,+05:30,
T1-01716,R-14,14,2026-08-05 09:28,35,2026-08-05 10:20,+05:30,
T1-01717,R-14,14,2026-08-05 17:49,50,2026-08-05 18:45,+05:30,
T1-01718,R-14,14,2026-08-06 12:15,45,2026-08-06 13:06,+05:30,
T1-01719,R-14,14,2026-08-06 07:13,55,2026-08-06 08:11,+05:30,
T1-01720,R-14,14,2026-08-06 15:34,55,2026-08-06 16:34,+05:30,
T1-01721,R-14,14,2026-08-06 19:03,35,2026-08-06 19:51,+05:30,
T1-01722,R-14,14,2026-08-06 17:16,45,2026-08-06 18:04,+05:30,
T1-01723,R-14,14,2026-08-06 14:36,40,2026-08-06 15:22,+05:30,
T1-01724,R-14,14,2026-08-06 17:41,35,2026-08-06 18:20,+05:30,
T1-01725,R-14,14,2026-08-06 11:44,50,2026-08-06 12:37,+05:30,
T1-01726,R-14,14,2026-08-06 10:11,55,2026-08-06 11:13,+05:30,
T1-01727,R-14,14,2026-08-06 08:03,40,2026-08-06 08:46,+05:30,
T1-01728,R-14,14,2026-08-06 14:50,35,2026-08-06 15:25,+05:30,
T1-01729,R-14,14,2026-08-06 18:30,55,2026-08-06 19:33,+05:30,
T1-01730,R-14,14,2026-08-06 11:17,35,2026-08-06 12:05,+05:30,
T1-01731,R-14,14,2026-08-06 16:16,50,2026-08-06 17:19,+05:30,
T1-01732,R-14,14,2026-08-06 07:24,40,2026-08-06 08:10,+05:30,
T1-01733,R-14,14,2026-08-06 06:03,55,2026-08-06 07:08,+05:30,
T1-01734,R-14,14,2026-08-06 19:41,50,2026-08-06 20:39,+05:30,
T1-01735,R-14,14,2026-08-07 21:14,55,2026-08-07 22:19,+05:30,
T1-01736,R-14,14,2026-08-07 15:43,45,2026-08-07 16:32,+05:30,
T1-01737,R-14,14,2026-08-07 07:51,55,2026-08-07 08:57,+05:30,
T1-01738,R-14,14,2026-08-07 13:42,55,2026-08-07 14:39,+05:30,
T1-01739,R-14,14,2026-08-07 10:20,45,2026-08-07 11:16,+05:30,
T1-01740,R-14,14,2026-08-07 09:09,50,2026-08-07 10:10,+05:30,
T1-01741,R-14,14,2026-08-07 06:54,35,2026-08-07 07:39,+05:30,
T1-01742,R-14,14,2026-08-07 11:42,45,2026-08-07 12:34,+05:30,
T1-01743,R-14,14,2026-08-07 17:42,50,2026-08-07 18:41,+05:30,
T1-01744,R-14,14,2026-08-07 08:25,55,2026-08-07 09:25,+05:30,
T1-01745,R-14,14,2026-08-07 17:13,55,2026-08-07 18:10,+05:30,
T1-01746,R-14,14,2026-08-07 09:42,35,2026-08-07 10:23,+05:30,
T1-01747,R-14,14,2026-08-07 21:25,35,2026-08-07 22:09,+05:30,
T1-01748,R-14,14,2026-08-07 16:27,45,2026-08-07 17:19,+05:30,
T1-01749,R-14,14,2026-08-07 18:14,50,2026-08-07 19:15,+05:30,
T1-01750,R-14,14,2026-08-07 14:37,55,2026-08-07 15:42,+05:30,
T1-01751,R-14,14,2026-08-07 07:28,50,2026-08-07 08:34,+05:30,
T1-01752,R-14,14,2026-08-08 09:33,35,2026-08-08 10:22,+05:30,
T1-01753,R-14,14,2026-08-08 20:35,40,2026-08-08 21:25,+05:30,
T1-01754,R-14,14,2026-08-08 09:13,45,2026-08-08 10:05,+05:30,
T1-01755,R-14,14,2026-08-08 19:26,50,2026-08-08 20:23,+05:30,
T1-01756,R-14,14,2026-08-08 07:32,50,2026-08-08 08:30,+05:30,
T1-01757,R-14,14,2026-08-08 16:59,55,2026-08-08 17:58,+05:30,
T1-01758,R-14,14,2026-08-08 18:37,50,2026-08-08 19:32,+05:30,
T1-01759,R-14,14,2026-08-08 15:20,50,2026-08-08 16:17,+05:30,
T1-01760,R-14,14,2026-08-08 08:25,55,2026-08-08 09:30,+05:30,
T1-01761,R-14,14,2026-08-08 21:52,35,2026-08-08 22:32,+05:30,
T1-01762,R-14,14,2026-08-08 08:48,35,2026-08-08 09:28,+05:30,
T1-01763,R-14,14,2026-08-08 06:11,50,2026-08-08 07:03,+05:30,
T1-01764,R-14,14,2026-08-08 16:02,40,2026-08-08 16:47,+05:30,
T1-01765,R-14,14,2026-08-08 11:55,40,2026-08-08 12:42,+05:30,
T1-01766,R-14,14,2026-08-08 06:17,40,2026-08-08 07:09,+05:30,
T1-01767,R-14,14,2026-08-08 11:11,35,2026-08-08 11:49,+05:30,
T1-01768,R-14,14,2026-08-08 14:24,50,2026-08-08 15:14,+05:30,
T1-01769,R-14,14,2026-08-09 11:16,50,2026-08-09 12:16,+05:30,
T1-01770,R-14,14,2026-08-09 18:52,40,2026-08-09 19:38,+05:30,
T1-01771,R-14,14,2026-08-09 13:04,45,2026-08-09 13:57,+05:30,
T1-01772,R-14,14,2026-08-09 10:19,50,2026-08-09 11:13,+05:30,
T1-01773,R-14,14,2026-08-09 08:15,50,2026-08-09 09:11,+05:30,
T1-01774,R-14,14,2026-08-09 07:30,40,2026-08-09 08:16,+05:30,
T1-01775,R-14,14,2026-08-09 15:54,45,2026-08-09 16:55,+05:30,
T1-01776,R-14,14,2026-08-09 21:47,35,2026-08-09 22:30,+05:30,
T1-01777,R-14,14,2026-08-09 11:45,45,2026-08-09 12:41,+05:30,
T1-01778,R-14,14,2026-08-09 14:36,55,2026-08-09 15:48,+05:30,
T1-01779,R-14,14,2026-08-09 09:47,55,2026-08-09 10:54,+05:30,
T1-01780,R-14,14,2026-08-09 17:12,50,2026-08-09 18:11,+05:30,
T1-01781,R-14,14,2026-08-09 10:25,35,2026-08-09 11:09,+05:30,
T1-01782,R-14,14,2026-08-09 07:02,55,2026-08-09 08:08,+05:30,
T1-01783,R-14,14,2026-08-09 19:36,55,2026-08-09 20:39,+05:30,
T1-01784,R-14,14,2026-08-09 18:11,50,2026-08-09 19:19,+05:30,
T1-01785,R-14,14,2026-08-09 14:42,40,2026-08-09 15:34,+05:30,
T1-01786,R-15,15,2026-08-03 08:05,35,2026-08-03 08:42,+05:30,
T1-01787,R-15,15,2026-08-03 10:47,45,2026-08-03 11:30,+05:30,
T1-01788,R-15,15,2026-08-03 18:32,35,2026-08-03 19:11,+05:30,
T1-01789,R-15,15,2026-08-03 17:55,45,2026-08-03 18:44,+05:30,
T1-01790,R-15,15,2026-08-03 10:23,55,2026-08-03 11:28,+05:30,
T1-01791,R-15,15,2026-08-03 09:40,40,2026-08-03 10:27,+05:30,
T1-01792,R-15,15,2026-08-03 09:48,45,2026-08-03 10:39,+05:30,
T1-01793,R-15,15,2026-08-03 18:38,40,2026-08-03 19:25,+05:30,
T1-01794,R-15,15,2026-08-03 21:42,55,2026-08-03 22:41,+05:30,
T1-01795,R-15,15,2026-08-03 12:29,40,2026-08-03 13:13,+05:30,
T1-01796,R-15,15,2026-08-03 15:31,40,2026-08-03 16:17,+05:30,
T1-01797,R-15,15,2026-08-03 11:43,40,2026-08-03 12:28,+05:30,
T1-01798,R-15,15,2026-08-03 11:49,55,2026-08-03 12:52,+05:30,
T1-01799,R-15,15,2026-08-03 21:29,55,2026-08-03 22:30,+05:30,
T1-01800,R-15,15,2026-08-03 15:47,40,2026-08-03 16:23,+05:30,
T1-01801,R-15,15,2026-08-03 10:47,50,2026-08-03 11:44,+05:30,
T1-01802,R-15,15,2026-08-03 07:23,55,2026-08-03 08:24,+05:30,
T1-01803,R-15,15,2026-08-04 07:47,45,2026-08-04 08:44,+05:30,
T1-01804,R-15,15,2026-08-04 13:11,50,2026-08-04 14:09,+05:30,
T1-01805,R-15,15,2026-08-04 06:47,50,2026-08-04 07:38,+05:30,
T1-01806,R-15,15,2026-08-04 11:41,50,2026-08-04 12:33,+05:30,
T1-01807,R-15,15,2026-08-04 18:33,50,2026-08-04 19:26,+05:30,
T1-01808,R-15,15,2026-08-04 19:18,55,2026-08-04 20:15,+05:30,
T1-01809,R-15,15,2026-08-04 10:58,40,2026-08-04 11:41,+05:30,
T1-01810,R-15,15,2026-08-04 17:10,35,2026-08-04 17:53,+05:30,
T1-01811,R-15,15,2026-08-04 18:04,35,2026-08-04 18:44,+05:30,
T1-01812,R-15,15,2026-08-04 06:03,45,2026-08-04 06:50,+05:30,
T1-01813,R-15,15,2026-08-04 13:56,35,2026-08-04 14:33,+05:30,
T1-01814,R-15,15,2026-08-04 18:59,50,2026-08-04 19:50,+05:30,
T1-01815,R-15,15,2026-08-04 20:55,35,2026-08-04 21:31,+05:30,
T1-01816,R-15,15,2026-08-04 16:19,50,2026-08-04 17:06,+05:30,
T1-01817,R-15,15,2026-08-04 07:30,55,2026-08-04 08:29,+05:30,
T1-01818,R-15,15,2026-08-04 12:36,45,2026-08-04 13:24,+05:30,
T1-01819,R-15,15,2026-08-04 20:30,40,2026-08-04 21:14,+05:30,
T1-01820,R-15,15,2026-08-05 13:45,40,2026-08-05 14:28,+05:30,
T1-01821,R-15,15,2026-08-05 07:57,45,2026-08-05 08:40,+05:30,
T1-01822,R-15,15,2026-08-05 15:25,50,2026-08-05 16:18,+05:30,
T1-01823,R-15,15,2026-08-05 19:39,50,2026-08-05 20:28,+05:30,
T1-01824,R-15,15,2026-08-05 06:48,35,2026-08-05 07:24,+05:30,
T1-01825,R-15,15,2026-08-05 21:12,50,2026-08-05 22:07,+05:30,
T1-01826,R-15,15,2026-08-05 14:07,50,2026-08-05 15:00,+05:30,
T1-01827,R-15,15,2026-08-05 16:53,55,2026-08-05 17:46,+05:30,
T1-01828,R-15,15,2026-08-05 15:36,45,2026-08-05 16:17,+05:30,
T1-01829,R-15,15,2026-08-05 12:22,35,2026-08-05 13:00,+05:30,
T1-01830,R-15,15,2026-08-05 07:52,35,2026-08-05 08:30,+05:30,
T1-01831,R-15,15,2026-08-05 14:01,50,2026-08-05 14:53,+05:30,
T1-01832,R-15,15,2026-08-05 18:48,45,2026-08-05 19:37,+05:30,
T1-01833,R-15,15,2026-08-05 11:49,45,2026-08-05 12:31,+05:30,
T1-01834,R-15,15,2026-08-05 14:44,40,2026-08-05 15:25,+05:30,
T1-01835,R-15,15,2026-08-05 14:35,55,2026-08-05 15:40,+05:30,
T1-01836,R-15,15,2026-08-05 09:05,55,2026-08-05 10:03,+05:30,
T1-01837,R-15,15,2026-08-06 10:40,45,2026-08-06 11:25,+05:30,
T1-01838,R-15,15,2026-08-06 20:01,45,2026-08-06 20:42,+05:30,
T1-01839,R-15,15,2026-08-06 15:07,40,2026-08-06 15:48,+05:30,
T1-01840,R-15,15,2026-08-06 16:20,45,2026-08-06 17:05,+05:30,
T1-01841,R-15,15,2026-08-06 19:41,35,2026-08-06 20:11,+05:30,
T1-01842,R-15,15,2026-08-06 20:57,45,2026-08-06 21:52,+05:30,
T1-01843,R-15,15,2026-08-06 16:07,45,2026-08-06 16:51,+05:30,
T1-01844,R-15,15,2026-08-06 15:46,35,2026-08-06 16:22,+05:30,
T1-01845,R-15,15,2026-08-06 21:19,35,2026-08-06 21:53,+05:30,
T1-01846,R-15,15,2026-08-06 16:35,40,2026-08-06 17:18,+05:30,
T1-01847,R-15,15,2026-08-06 20:42,45,2026-08-06 21:28,+05:30,
T1-01848,R-15,15,2026-08-06 18:18,55,2026-08-06 19:13,+05:30,
T1-01849,R-15,15,2026-08-06 13:13,50,2026-08-06 14:06,+05:30,
T1-01850,R-15,15,2026-08-06 10:44,50,2026-08-06 11:44,+05:30,
T1-01851,R-15,15,2026-08-06 21:26,35,2026-08-06 22:07,+05:30,
T1-01852,R-15,15,2026-08-06 17:29,55,2026-08-06 18:18,+05:30,
T1-01853,R-15,15,2026-08-06 11:00,45,2026-08-06 11:46,+05:30,
T1-01854,R-15,15,2026-08-07 07:58,55,2026-08-07 08:53,+05:30,
T1-01855,R-15,15,2026-08-07 14:32,35,2026-08-07 15:12,+05:30,
T1-01856,R-15,15,2026-08-07 17:17,55,2026-08-07 18:20,+05:30,
T1-01857,R-15,15,2026-08-07 08:24,55,2026-08-07 09:14,+05:30,
T1-01858,R-15,15,2026-08-07 15:54,35,2026-08-07 16:28,+05:30,
T1-01859,R-15,15,2026-08-07 12:51,40,2026-08-07 13:34,+05:30,
T1-01860,R-15,15,2026-08-07 20:25,50,2026-08-07 21:18,+05:30,
T1-01861,R-15,15,2026-08-07 06:04,45,2026-08-07 06:51,+05:30,
T1-01862,R-15,15,2026-08-07 20:57,40,2026-08-07 21:33,+05:30,
T1-01863,R-15,15,2026-08-07 12:59,55,2026-08-07 13:59,+05:30,
T1-01864,R-15,15,2026-08-07 21:38,40,2026-08-07 22:18,+05:30,
T1-01865,R-15,15,2026-08-07 07:44,45,2026-08-07 08:34,+05:30,
T1-01866,R-15,15,2026-08-07 06:09,35,2026-08-07 06:44,+05:30,
T1-01867,R-15,15,2026-08-07 15:49,55,2026-08-07 16:45,+05:30,
T1-01868,R-15,15,2026-08-07 17:08,35,2026-08-07 17:43,+05:30,
T1-01869,R-15,15,2026-08-07 14:16,50,2026-08-07 15:08,+05:30,
T1-01870,R-15,15,2026-08-07 16:16,40,2026-08-07 17:00,+05:30,
T1-01871,R-15,15,2026-08-08 15:41,45,2026-08-08 16:30,+05:30,
T1-01872,R-15,15,2026-08-08 17:08,45,2026-08-08 17:52,+05:30,
T1-01873,R-15,15,2026-08-08 15:40,45,2026-08-08 16:28,+05:30,
T1-01874,R-15,15,2026-08-08 15:06,45,2026-08-08 15:54,+05:30,
T1-01875,R-15,15,2026-08-08 09:45,50,2026-08-08 10:40,+05:30,
T1-01876,R-15,15,2026-08-08 07:00,55,2026-08-08 07:53,+05:30,
T1-01877,R-15,15,2026-08-08 20:39,50,2026-08-08 21:31,+05:30,
T1-01878,R-15,15,2026-08-08 16:18,50,2026-08-08 17:19,+05:30,
T1-01879,R-15,15,2026-08-08 21:23,40,2026-08-08 22:06,+05:30,
T1-01880,R-15,15,2026-08-08 07:30,45,2026-08-08 08:19,+05:30,
T1-01881,R-15,15,2026-08-08 14:34,45,2026-08-08 15:20,+05:30,
T1-01882,R-15,15,2026-08-08 07:02,35,2026-08-08 07:48,+05:30,
T1-01883,R-15,15,2026-08-08 06:22,45,2026-08-08 07:10,+05:30,
T1-01884,R-15,15,2026-08-08 21:49,45,2026-08-08 22:45,+05:30,
T1-01885,R-15,15,2026-08-08 12:38,55,2026-08-08 13:39,+05:30,
T1-01886,R-15,15,2026-08-08 21:12,50,2026-08-08 22:05,+05:30,
T1-01887,R-15,15,2026-08-08 20:03,55,2026-08-08 21:05,+05:30,
T1-01888,R-15,15,2026-08-09 07:03,55,2026-08-09 08:00,+05:30,
T1-01889,R-15,15,2026-08-09 06:05,40,2026-08-09 06:45,+05:30,
T1-01890,R-15,15,2026-08-09 07:52,40,2026-08-09 08:29,+05:30,
T1-01891,R-15,15,2026-08-09 08:08,50,2026-08-09 09:03,+05:30,
T1-01892,R-15,15,2026-08-09 07:47,40,2026-08-09 08:29,+05:30,
T1-01893,R-15,15,2026-08-09 08:12,35,2026-08-09 08:53,+05:30,
T1-01894,R-15,15,2026-08-09 19:13,40,2026-08-09 19:58,+05:30,
T1-01895,R-15,15,2026-08-09 16:31,35,2026-08-09 17:08,+05:30,
T1-01896,R-15,15,2026-08-09 21:14,55,2026-08-09 22:03,+05:30,
T1-01897,R-15,15,2026-08-09 15:43,45,2026-08-09 16:26,+05:30,
T1-01898,R-15,15,2026-08-09 09:07,45,2026-08-09 09:59,+05:30,
T1-01899,R-15,15,2026-08-09 21:40,55,2026-08-09 22:32,+05:30,
T1-01900,R-15,15,2026-08-09 15:11,45,2026-08-09 15:59,+05:30,
T1-01901,R-15,15,2026-08-09 19:08,50,2026-08-09 20:06,+05:30,
T1-01902,R-15,15,2026-08-09 18:29,55,2026-08-09 19:21,+05:30,
T1-01903,R-15,15,2026-08-09 14:52,40,2026-08-09 15:36,+05:30,
T1-01904,R-15,15,2026-08-09 13:32,40,2026-08-09 14:15,+05:30,
T1-01905,R-16,16,2026-08-03 12:29,40,2026-08-03 13:07,+05:30,
T1-01906,R-16,16,2026-08-03 14:48,35,2026-08-03 15:25,+05:30,
T1-01907,R-16,16,2026-08-03 16:04,50,2026-08-03 16:52,+05:30,
T1-01908,R-16,16,2026-08-03 14:04,50,2026-08-03 14:48,+05:30,
T1-01909,R-16,16,2026-08-03 21:33,55,2026-08-03 22:23,+05:30,
T1-01910,R-16,16,2026-08-03 08:11,35,2026-08-03 08:47,+05:30,
T1-01911,R-16,16,2026-08-03 19:13,35,2026-08-03 19:44,+05:30,
T1-01912,R-16,16,2026-08-03 13:28,55,2026-08-03 14:21,+05:30,
T1-01913,R-16,16,2026-08-03 12:14,40,2026-08-03 12:55,+05:30,
T1-01914,R-16,16,2026-08-03 06:22,50,2026-08-03 07:10,+05:30,
T1-01915,R-16,16,2026-08-03 06:45,40,2026-08-03 07:28,+05:30,
T1-01916,R-16,16,2026-08-03 16:10,55,2026-08-03 17:01,+05:30,
T1-01917,R-16,16,2026-08-03 06:56,35,2026-08-03 07:36,+05:30,
T1-01918,R-16,16,2026-08-03 09:56,50,2026-08-03 10:51,+05:30,
T1-01919,R-16,16,2026-08-03 15:21,40,2026-08-03 16:03,+05:30,
T1-01920,R-16,16,2026-08-03 19:19,35,2026-08-03 19:58,+05:30,
T1-01921,R-16,16,2026-08-03 21:21,55,2026-08-03 22:07,+05:30,
T1-01922,R-16,16,2026-08-03 19:50,40,2026-08-03 20:38,+05:30,
T1-01923,R-16,16,2026-08-03 18:31,55,2026-08-03 19:30,+05:30,
T1-01924,R-16,16,2026-08-03 15:41,55,2026-08-03 16:33,+05:30,
T1-01925,R-16,16,2026-08-03 16:27,40,2026-08-03 17:12,+05:30,
T1-01926,R-16,16,2026-08-04 20:48,40,2026-08-04 21:27,+05:30,
T1-01927,R-16,16,2026-08-04 16:25,45,2026-08-04 17:14,+05:30,
T1-01928,R-16,16,2026-08-04 09:18,55,2026-08-04 10:13,+05:30,
T1-01929,R-16,16,2026-08-04 09:27,50,2026-08-04 10:22,+05:30,
T1-01930,R-16,16,2026-08-04 10:47,55,2026-08-04 11:44,+05:30,
T1-01931,R-16,16,2026-08-04 21:33,45,2026-08-04 22:18,+05:30,
T1-01932,R-16,16,2026-08-04 15:33,55,2026-08-04 16:32,+05:30,
T1-01933,R-16,16,2026-08-04 17:53,35,2026-08-04 18:25,+05:30,
T1-01934,R-16,16,2026-08-04 15:01,50,2026-08-04 15:45,+05:30,
T1-01935,R-16,16,2026-08-04 16:29,55,2026-08-04 17:21,+05:30,
T1-01936,R-16,16,2026-08-04 15:51,45,2026-08-04 16:33,+05:30,
T1-01937,R-16,16,2026-08-04 11:14,50,2026-08-04 12:08,+05:30,
T1-01938,R-16,16,2026-08-04 09:11,55,2026-08-04 10:08,+05:30,
T1-01939,R-16,16,2026-08-04 13:02,55,2026-08-04 14:01,+05:30,
T1-01940,R-16,16,2026-08-04 07:38,55,2026-08-04 08:34,+05:30,
T1-01941,R-16,16,2026-08-04 21:44,35,2026-08-04 22:16,+05:30,
T1-01942,R-16,16,2026-08-04 12:23,55,2026-08-04 13:23,+05:30,
T1-01943,R-16,16,2026-08-04 08:12,45,2026-08-04 08:59,+05:30,
T1-01944,R-16,16,2026-08-04 11:18,40,2026-08-04 12:03,+05:30,
T1-01945,R-16,16,2026-08-04 12:37,50,2026-08-04 13:28,+05:30,
T1-01946,R-16,16,2026-08-04 17:32,40,2026-08-04 18:08,+05:30,
T1-01947,R-16,16,2026-08-05 16:51,55,2026-08-05 17:46,+05:30,
T1-01948,R-16,16,2026-08-05 16:39,45,2026-08-05 17:27,+05:30,
T1-01949,R-16,16,2026-08-05 09:30,55,2026-08-05 10:17,+05:30,
T1-01950,R-16,16,2026-08-05 13:16,45,2026-08-05 14:00,+05:30,
T1-01951,R-16,16,2026-08-05 11:17,50,2026-08-05 12:00,+05:30,
T1-01952,R-16,16,2026-08-05 15:27,40,2026-08-05 16:05,+05:30,
T1-01953,R-16,16,2026-08-05 17:09,55,2026-08-05 17:56,+05:30,
T1-01954,R-16,16,2026-08-05 07:59,40,2026-08-05 08:35,+05:30,
T1-01955,R-16,16,2026-08-05 20:57,55,2026-08-05 21:46,+05:30,
T1-01956,R-16,16,2026-08-05 17:36,50,2026-08-05 18:22,+05:30,
T1-01957,R-16,16,2026-08-05 15:21,40,2026-08-05 16:00,+05:30,
T1-01958,R-16,16,2026-08-05 20:56,40,2026-08-05 21:30,+05:30,
T1-01959,R-16,16,2026-08-05 14:20,35,2026-08-05 14:57,+05:30,
T1-01960,R-16,16,2026-08-05 10:29,55,2026-08-05 11:23,+05:30,
T1-01961,R-16,16,2026-08-05 17:01,55,2026-08-05 17:57,+05:30,
T1-01962,R-16,16,2026-08-05 12:29,50,2026-08-05 13:16,+05:30,
T1-01963,R-16,16,2026-08-05 07:12,40,2026-08-05 07:52,+05:30,
T1-01964,R-16,16,2026-08-05 10:53,40,2026-08-05 11:31,+05:30,
T1-01965,R-16,16,2026-08-05 08:54,40,2026-08-05 09:37,+05:30,
T1-01966,R-16,16,2026-08-05 06:09,50,2026-08-05 07:00,+05:30,
T1-01967,R-16,16,2026-08-05 13:49,55,2026-08-05 14:52,+05:30,
T1-01968,R-16,16,2026-08-06 14:15,50,2026-08-06 15:13,+05:30,
T1-01969,R-16,16,2026-08-06 15:52,50,2026-08-06 16:43,+05:30,
T1-01970,R-16,16,2026-08-06 14:27,40,2026-08-06 15:09,+05:30,
T1-01971,R-16,16,2026-08-06 08:21,45,2026-08-06 09:05,+05:30,
T1-01972,R-16,16,2026-08-06 13:55,40,2026-08-06 14:39,+05:30,
T1-01973,R-16,16,2026-08-06 16:54,40,2026-08-06 17:33,+05:30,
T1-01974,R-16,16,2026-08-06 20:53,55,2026-08-06 21:48,+05:30,
T1-01975,R-16,16,2026-08-06 20:20,35,2026-08-06 20:53,+05:30,
T1-01976,R-16,16,2026-08-06 16:57,45,2026-08-06 17:48,+05:30,
T1-01977,R-16,16,2026-08-06 12:36,45,2026-08-06 13:21,+05:30,
T1-01978,R-16,16,2026-08-06 11:29,55,2026-08-06 12:23,+05:30,
T1-01979,R-16,16,2026-08-06 16:22,40,2026-08-06 17:00,+05:30,
T1-01980,R-16,16,2026-08-06 08:26,45,2026-08-06 09:14,+05:30,
T1-01981,R-16,16,2026-08-06 15:45,50,2026-08-06 16:34,+05:30,
T1-01982,R-16,16,2026-08-06 06:41,45,2026-08-06 07:30,+05:30,
T1-01983,R-16,16,2026-08-06 20:03,35,2026-08-06 20:41,+05:30,
T1-01984,R-16,16,2026-08-06 20:15,35,2026-08-06 20:51,+05:30,
T1-01985,R-16,16,2026-08-06 16:04,50,2026-08-06 16:54,+05:30,
T1-01986,R-16,16,2026-08-06 19:40,35,2026-08-06 20:17,+05:30,
T1-01987,R-16,16,2026-08-06 12:07,50,2026-08-06 12:57,+05:30,
T1-01988,R-16,16,2026-08-06 13:08,40,2026-08-06 13:46,+05:30,
T1-01989,R-16,16,2026-08-07 12:25,55,2026-08-07 13:19,+05:30,
T1-01990,R-16,16,2026-08-07 15:20,50,2026-08-07 16:11,+05:30,
T1-01991,R-16,16,2026-08-07 12:56,40,2026-08-07 13:36,+05:30,
T1-01992,R-16,16,2026-08-07 19:45,40,2026-08-07 20:23,+05:30,
T1-01993,R-16,16,2026-08-07 09:52,45,2026-08-07 10:33,+05:30,
T1-01994,R-16,16,2026-08-07 13:35,50,2026-08-07 14:33,+05:30,
T1-01995,R-16,16,2026-08-07 12:54,50,2026-08-07 13:43,+05:30,
T1-01996,R-16,16,2026-08-07 13:20,35,2026-08-07 13:51,+05:30,
T1-01997,R-16,16,2026-08-07 11:37,35,2026-08-07 12:10,+05:30,
T1-01998,R-16,16,2026-08-07 18:37,50,2026-08-07 19:21,+05:30,
T1-01999,R-16,16,2026-08-07 14:10,35,2026-08-07 14:46,+05:30,
T1-02000,R-16,16,2026-08-07 12:02,35,2026-08-07 12:31,+05:30,
T1-02001,R-16,16,2026-08-07 19:37,45,2026-08-07 20:23,+05:30,
T1-02002,R-16,16,2026-08-07 12:20,40,2026-08-07 12:58,+05:30,
T1-02003,R-16,16,2026-08-07 21:19,55,2026-08-07 22:14,+05:30,
T1-02004,R-16,16,2026-08-07 15:16,35,2026-08-07 15:49,+05:30,
T1-02005,R-16,16,2026-08-07 18:08,35,2026-08-07 18:39,+05:30,
T1-02006,R-16,16,2026-08-07 13:11,35,2026-08-07 13:48,+05:30,
T1-02007,R-16,16,2026-08-07 09:45,45,2026-08-07 10:32,+05:30,
T1-02008,R-16,16,2026-08-07 13:11,40,2026-08-07 13:50,+05:30,
T1-02009,R-16,16,2026-08-07 13:07,45,2026-08-07 13:49,+05:30,
T1-02010,R-16,16,2026-08-08 15:55,40,2026-08-08 16:39,+05:30,
T1-02011,R-16,16,2026-08-08 15:32,50,2026-08-08 16:22,+05:30,
T1-02012,R-16,16,2026-08-08 10:42,40,2026-08-08 11:22,+05:30,
T1-02013,R-16,16,2026-08-08 21:25,50,2026-08-08 22:10,+05:30,
T1-02014,R-16,16,2026-08-08 16:30,35,2026-08-08 17:02,+05:30,
T1-02015,R-16,16,2026-08-08 16:24,45,2026-08-08 17:07,+05:30,
T1-02016,R-16,16,2026-08-08 21:01,45,2026-08-08 21:48,+05:30,
T1-02017,R-16,16,2026-08-08 09:40,35,2026-08-08 10:11,+05:30,
T1-02018,R-16,16,2026-08-08 10:40,35,2026-08-08 11:15,+05:30,
T1-02019,R-16,16,2026-08-08 12:29,45,2026-08-08 13:10,+05:30,
T1-02020,R-16,16,2026-08-08 19:34,45,2026-08-08 20:25,+05:30,
T1-02021,R-16,16,2026-08-08 21:21,35,2026-08-08 21:54,+05:30,
T1-02022,R-16,16,2026-08-08 07:13,45,2026-08-08 07:58,+05:30,
T1-02023,R-16,16,2026-08-08 18:14,35,2026-08-08 18:38,+05:30,
T1-02024,R-16,16,2026-08-08 18:52,50,2026-08-08 19:43,+05:30,
T1-02025,R-16,16,2026-08-08 21:17,40,2026-08-08 22:06,+05:30,
T1-02026,R-16,16,2026-08-08 08:49,35,2026-08-08 09:28,+05:30,
T1-02027,R-16,16,2026-08-08 20:07,40,2026-08-08 20:51,+05:30,
T1-02028,R-16,16,2026-08-08 19:32,45,2026-08-08 20:15,+05:30,
T1-02029,R-16,16,2026-08-08 14:13,35,2026-08-08 14:46,+05:30,
T1-02030,R-16,16,2026-08-08 13:04,35,2026-08-08 13:37,+05:30,
T1-02031,R-16,16,2026-08-09 13:03,40,2026-08-09 13:47,+05:30,
T1-02032,R-16,16,2026-08-09 13:53,35,2026-08-09 14:26,+05:30,
T1-02033,R-16,16,2026-08-09 08:24,55,2026-08-09 09:18,+05:30,
T1-02034,R-16,16,2026-08-09 20:18,50,2026-08-09 08:60,+05:30,
T1-02035,R-16,16,2026-08-09 16:44,35,2026-08-09 17:22,+05:30,
T1-02036,R-16,16,2026-08-09 18:58,55,2026-08-09 19:49,+05:30,
T1-02037,R-16,16,2026-08-09 15:08,45,2026-08-09 15:47,+05:30,
T1-02038,R-16,16,2026-08-09 18:00,55,2026-08-09 18:56,+05:30,
T1-02039,R-16,16,2026-08-09 14:13,45,2026-08-09 14:49,+05:30,
T1-02040,R-16,16,2026-08-09 12:47,35,2026-08-09 13:27,+05:30,
T1-02041,R-16,16,2026-08-09 18:16,45,2026-08-09 19:02,+05:30,
T1-02042,R-16,16,2026-08-09 16:02,55,2026-08-09 16:54,+05:30,
T1-02043,R-16,16,2026-08-09 07:53,55,2026-08-09 08:51,+05:30,
T1-02044,R-16,16,2026-08-09 21:11,40,2026-08-09 21:54,+05:30,
T1-02045,R-16,16,2026-08-09 14:36,50,2026-08-09 15:26,+05:30,
T1-02046,R-16,16,2026-08-09 07:18,55,2026-08-09 08:11,+05:30,
T1-02047,R-16,16,2026-08-09 07:39,35,2026-08-09 08:12,+05:30,
T1-02048,R-16,16,2026-08-09 12:22,55,2026-08-09 13:18,+05:30,
T1-02049,R-16,16,2026-08-09 07:27,40,2026-08-09 08:10,+05:30,
T1-02050,R-16,16,2026-08-09 10:04,40,2026-08-09 10:42,+05:30,
T1-02051,R-16,16,2026-08-09 19:13,45,2026-08-09 20:01,+05:30,
T1-02052,R-17,17,2026-08-03 12:44,35,2026-08-03 13:25,+05:30,
T1-02053,R-17,17,2026-08-03 12:12,35,2026-08-03 12:46,+05:30,
T1-02054,R-17,17,2026-08-03 08:11,40,2026-08-03 08:48,+05:30,
T1-02055,R-17,17,2026-08-03 08:53,50,2026-08-03 09:47,+05:30,
T1-02056,R-17,17,2026-08-03 16:48,40,2026-08-03 17:29,+05:30,
T1-02057,R-17,17,2026-08-03 20:34,40,2026-08-03 21:24,+05:30,
T1-02058,R-17,17,2026-08-03 09:35,45,2026-08-03 10:26,+05:30,
T1-02059,R-17,17,2026-08-03 11:44,50,2026-08-03 12:36,+05:30,
T1-02060,R-17,17,2026-08-03 10:54,35,2026-08-03 11:33,+05:30,
T1-02061,R-17,17,2026-08-03 19:58,40,2026-08-03 20:33,+05:30,
T1-02062,R-17,17,2026-08-03 06:35,55,2026-08-03 07:32,+05:30,
T1-02063,R-17,17,2026-08-03 14:28,55,2026-08-03 15:31,+05:30,
T1-02064,R-17,17,2026-08-03 07:54,35,2026-08-03 08:32,+05:30,
T1-02065,R-17,17,2026-08-03 21:27,40,2026-08-03 22:14,+05:30,
T1-02066,R-17,17,2026-08-03 17:56,55,2026-08-03 18:51,+05:30,
T1-02067,R-17,17,2026-08-03 15:19,50,2026-08-03 16:17,+05:30,
T1-02068,R-17,17,2026-08-03 12:51,50,2026-08-03 13:45,+05:30,
T1-02069,R-17,17,2026-08-03 13:20,45,2026-08-03 14:09,+05:30,
T1-02070,R-17,17,2026-08-03 14:40,35,2026-08-03 15:14,+05:30,
T1-02071,R-17,17,2026-08-03 07:43,50,2026-08-03 08:33,+05:30,
T1-02072,R-17,17,2026-08-03 17:35,45,2026-08-03 18:27,+05:30,
T1-02073,R-17,17,2026-08-04 17:52,55,2026-08-04 18:54,+05:30,
T1-02074,R-17,17,2026-08-04 11:53,45,2026-08-04 12:39,+05:30,
T1-02075,R-17,17,2026-08-04 10:28,50,2026-08-04 11:18,+05:30,
T1-02076,R-17,17,2026-08-04 20:32,35,2026-08-04 21:12,+05:30,
T1-02077,R-17,17,2026-08-04 21:30,55,2026-08-04 22:29,+05:30,
T1-02078,R-17,17,2026-08-04 09:08,55,2026-08-04 10:00,+05:30,
T1-02079,R-17,17,2026-08-04 15:10,35,2026-08-04 15:50,+05:30,
T1-02080,R-17,17,2026-08-04 11:50,45,2026-08-04 12:38,+05:30,
T1-02081,R-17,17,2026-08-04 09:58,50,2026-08-04 10:52,+05:30,
T1-02082,R-17,17,2026-08-04 21:28,45,2026-08-04 22:12,+05:30,
T1-02083,R-17,17,2026-08-04 12:03,40,2026-08-04 12:38,+05:30,
T1-02084,R-17,17,2026-08-04 21:19,45,2026-08-04 22:14,+05:30,
T1-02085,R-17,17,2026-08-04 11:24,55,2026-08-04 12:17,+05:30,
T1-02086,R-17,17,2026-08-04 21:39,40,2026-08-04 22:24,+05:30,
T1-02087,R-17,17,2026-08-04 08:05,55,2026-08-04 09:07,+05:30,
T1-02088,R-17,17,2026-08-04 11:13,55,2026-08-04 12:05,+05:30,
T1-02089,R-17,17,2026-08-04 12:32,50,2026-08-04 13:24,+05:30,
T1-02090,R-17,17,2026-08-04 08:39,45,2026-08-04 09:27,+05:30,
T1-02091,R-17,17,2026-08-04 15:52,55,2026-08-04 16:48,+05:30,
T1-02092,R-17,17,2026-08-04 11:24,35,2026-08-04 12:00,+05:30,
T1-02093,R-17,17,2026-08-04 06:34,45,2026-08-04 07:18,+05:30,
T1-02094,R-17,17,2026-08-05 06:48,45,2026-08-05 07:37,+05:30,
T1-02095,R-17,17,2026-08-05 06:46,50,2026-08-05 07:40,+05:30,
T1-02096,R-17,17,2026-08-05 16:06,50,2026-08-05 16:58,+05:30,
T1-02097,R-17,17,2026-08-05 16:48,35,2026-08-05 17:30,+05:30,
T1-02098,R-17,17,2026-08-05 16:23,50,2026-08-05 17:13,+05:30,
T1-02099,R-17,17,2026-08-05 09:48,40,2026-08-05 10:31,+05:30,
T1-02100,R-17,17,2026-08-05 11:07,45,2026-08-05 11:51,+05:30,
T1-02101,R-17,17,2026-08-05 08:44,55,2026-08-05 09:38,+05:30,
T1-02102,R-17,17,2026-08-05 19:20,45,2026-08-05 20:07,+05:30,
T1-02103,R-17,17,2026-08-05 13:36,45,2026-08-05 14:25,+05:30,
T1-02104,R-17,17,2026-08-05 11:38,55,2026-08-05 12:33,+05:30,
T1-02105,R-17,17,2026-08-05 08:17,55,2026-08-05 09:19,+05:30,
T1-02106,R-17,17,2026-08-05 13:01,55,2026-08-05 13:58,+05:30,
T1-02107,R-17,17,2026-08-05 20:35,35,2026-08-05 21:11,+05:30,
T1-02108,R-17,17,2026-08-05 21:03,35,2026-08-05 21:36,+05:30,
T1-02109,R-17,17,2026-08-05 06:50,50,2026-08-05 07:43,+05:30,
T1-02110,R-17,17,2026-08-05 10:06,45,2026-08-05 10:51,+05:30,
T1-02111,R-17,17,2026-08-05 17:19,55,2026-08-05 18:14,+05:30,
T1-02112,R-17,17,2026-08-05 08:16,55,2026-08-05 09:17,+05:30,
T1-02113,R-17,17,2026-08-05 17:17,40,2026-08-05 18:07,+05:30,
T1-02114,R-17,17,2026-08-05 10:19,55,2026-08-05 11:20,+05:30,
T1-02115,R-17,17,2026-08-06 14:12,45,2026-08-06 15:03,+05:30,
T1-02116,R-17,17,2026-08-06 17:02,50,2026-08-06 17:49,+05:30,
T1-02117,R-17,17,2026-08-06 07:37,35,2026-08-06 08:19,+05:30,
T1-02118,R-17,17,2026-08-06 10:25,45,2026-08-06 11:13,+05:30,
T1-02119,R-17,17,2026-08-06 12:54,40,2026-08-06 13:36,+05:30,
T1-02120,R-17,17,2026-08-06 13:46,35,2026-08-06 14:31,+05:30,
T1-02121,R-17,17,2026-08-06 11:55,45,2026-08-06 12:40,+05:30,
T1-02122,R-17,17,2026-08-06 20:20,40,2026-08-06 21:05,+05:30,
T1-02123,R-17,17,2026-08-06 06:46,50,2026-08-06 07:34,+05:30,
T1-02124,R-17,17,2026-08-06 17:14,45,2026-08-06 18:00,+05:30,
T1-02125,R-17,17,2026-08-06 21:32,35,2026-08-06 22:07,+05:30,
T1-02126,R-17,17,2026-08-06 13:06,35,2026-08-06 13:44,+05:30,
T1-02127,R-17,17,2026-08-06 21:44,55,2026-08-06 22:41,+05:30,
T1-02128,R-17,17,2026-08-06 12:00,40,2026-08-06 12:44,+05:30,
T1-02129,R-17,17,2026-08-06 21:15,50,2026-08-06 22:04,+05:30,
T1-02130,R-17,17,2026-08-06 13:28,55,2026-08-06 14:26,+05:30,
T1-02131,R-17,17,2026-08-06 15:16,35,2026-08-06 15:52,+05:30,
T1-02132,R-17,17,2026-08-06 11:49,55,2026-08-06 12:49,+05:30,
T1-02133,R-17,17,2026-08-06 17:15,45,2026-08-06 18:10,+05:30,
T1-02134,R-17,17,2026-08-06 19:02,40,2026-08-06 19:47,+05:30,
T1-02135,R-17,17,2026-08-06 14:34,50,2026-08-06 15:27,+05:30,
T1-02136,R-17,17,2026-08-07 13:36,50,2026-08-07 14:33,+05:30,
T1-02137,R-17,17,2026-08-07 14:33,35,2026-08-07 15:19,+05:30,
T1-02138,R-17,17,2026-08-07 07:10,45,2026-08-07 07:54,+05:30,
T1-02139,R-17,17,2026-08-07 13:41,40,2026-08-07 14:35,+05:30,
T1-02140,R-17,17,2026-08-07 15:12,35,2026-08-07 15:49,+05:30,
T1-02141,R-17,17,2026-08-07 16:55,50,2026-08-07 17:46,+05:30,
T1-02142,R-17,17,2026-08-07 13:22,40,2026-08-07 14:13,+05:30,
T1-02143,R-17,17,2026-08-07 10:54,50,2026-08-07 11:49,+05:30,
T1-02144,R-17,17,2026-08-07 13:09,35,2026-08-07 13:46,+05:30,
T1-02145,R-17,17,2026-08-07 15:28,35,2026-08-07 16:09,+05:30,
T1-02146,R-17,17,2026-08-07 17:44,50,2026-08-07 18:36,+05:30,
T1-02147,R-17,17,2026-08-07 13:06,50,2026-08-07 14:02,+05:30,
T1-02148,R-17,17,2026-08-07 21:13,50,2026-08-07 22:03,+05:30,
T1-02149,R-17,17,2026-08-07 07:14,55,2026-08-07 08:13,+05:30,
T1-02150,R-17,17,2026-08-07 12:30,40,2026-08-07 13:17,+05:30,
T1-02151,R-17,17,2026-08-07 11:04,35,2026-08-07 11:47,+05:30,
T1-02152,R-17,17,2026-08-07 07:30,55,2026-08-07 08:36,+05:30,
T1-02153,R-17,17,2026-08-07 13:22,40,2026-08-07 14:10,+05:30,
T1-02154,R-17,17,2026-08-07 13:00,55,2026-08-07 13:51,+05:30,
T1-02155,R-17,17,2026-08-07 20:30,45,2026-08-07 21:21,+05:30,
T1-02156,R-17,17,2026-08-07 09:04,45,2026-08-07 09:50,+05:30,
T1-02157,R-17,17,2026-08-08 11:00,40,2026-08-08 11:41,+05:30,
T1-02158,R-17,17,2026-08-08 10:29,35,2026-08-08 11:03,+05:30,
T1-02159,R-17,17,2026-08-08 11:31,40,2026-08-08 12:08,+05:30,
T1-02160,R-17,17,2026-08-08 07:14,50,2026-08-08 08:07,+05:30,
T1-02161,R-17,17,2026-08-08 21:05,55,2026-08-08 22:01,+05:30,
T1-02162,R-17,17,2026-08-08 18:21,50,2026-08-08 19:13,+05:30,
T1-02163,R-17,17,2026-08-08 07:35,50,2026-08-08 08:36,+05:30,
T1-02164,R-17,17,2026-08-08 15:37,55,2026-08-08 16:38,+05:30,
T1-02165,R-17,17,2026-08-08 19:41,50,2026-08-08 20:28,+05:30,
T1-02166,R-17,17,2026-08-08 06:49,50,2026-08-08 07:42,+05:30,
T1-02167,R-17,17,2026-08-08 21:46,55,2026-08-08 22:52,+05:30,
T1-02168,R-17,17,2026-08-08 18:47,35,2026-08-08 19:20,+05:30,
T1-02169,R-17,17,2026-08-08 20:07,40,2026-08-08 20:47,+05:30,
T1-02170,R-17,17,2026-08-08 20:04,40,2026-08-08 20:43,+05:30,
T1-02171,R-17,17,2026-08-08 11:43,55,2026-08-08 12:41,+05:30,
T1-02172,R-17,17,2026-08-08 19:25,45,2026-08-08 20:20,+05:30,
T1-02173,R-17,17,2026-08-08 11:21,40,2026-08-08 11:58,+05:30,
T1-02174,R-17,17,2026-08-08 21:27,40,2026-08-08 22:18,+05:30,
T1-02175,R-17,17,2026-08-08 08:16,50,2026-08-08 08:59,+05:30,
T1-02176,R-17,17,2026-08-08 19:43,35,2026-08-08 20:20,+05:30,
T1-02177,R-17,17,2026-08-08 16:33,45,2026-08-08 17:16,+05:30,
T1-02178,R-17,17,2026-08-09 16:38,55,2026-08-09 17:31,+05:30,
T1-02179,R-17,17,2026-08-09 19:54,45,2026-08-09 20:47,+05:30,
T1-02180,R-17,17,2026-08-09 16:45,50,2026-08-09 17:31,+05:30,
T1-02181,R-17,17,2026-08-09 13:53,50,2026-08-09 14:41,+05:30,
T1-02182,R-17,17,2026-08-09 11:20,35,2026-08-09 11:50,+05:30,
T1-02183,R-17,17,2026-08-09 11:22,50,2026-08-09 12:10,+05:30,
T1-02184,R-17,17,2026-08-09 07:40,50,2026-08-09 08:31,+05:30,
T1-02185,R-17,17,2026-08-09 08:11,50,2026-08-09 09:02,+05:30,
T1-02186,R-17,17,2026-08-09 07:55,55,2026-08-09 08:56,+05:30,
T1-02187,R-17,17,2026-08-09 21:19,40,2026-08-09 22:08,+05:30,
T1-02188,R-17,17,2026-08-09 21:05,50,2026-08-09 21:59,+05:30,
T1-02189,R-17,17,2026-08-09 14:37,35,2026-08-09 15:16,+05:30,
T1-02190,R-17,17,2026-08-09 18:15,45,2026-08-09 18:59,+05:30,
T1-02191,R-17,17,2026-08-09 07:28,35,2026-08-09 08:05,+05:30,
T1-02192,R-17,17,2026-08-09 21:18,35,2026-08-09 22:00,+05:30,
T1-02193,R-17,17,2026-08-09 17:47,35,2026-08-09 18:27,+05:30,
T1-02194,R-17,17,2026-08-09 14:12,50,2026-08-09 15:06,+05:30,
T1-02195,R-17,17,2026-08-09 16:41,55,2026-08-09 17:41,+05:30,
T1-02196,R-17,17,2026-08-09 09:51,45,2026-08-09 10:44,+05:30,
T1-02197,R-17,17,2026-08-09 08:00,45,2026-08-09 08:53,+05:30,
T1-02198,R-17,17,2026-08-09 09:42,50,2026-08-09 10:35,+05:30,
T1-02199,R-18,18,2026-08-03 21:06,45,2026-08-03 21:57,+05:30,
T1-02200,R-18,18,2026-08-03 12:52,50,2026-08-03 13:47,+05:30,
T1-02201,R-18,18,2026-08-03 18:58,35,2026-08-03 19:35,+05:30,
T1-02202,R-18,18,2026-08-03 14:23,40,2026-08-03 15:01,+05:30,
T1-02203,R-18,18,2026-08-03 15:19,55,2026-08-03 16:13,+05:30,
T1-02204,R-18,18,2026-08-03 16:58,35,2026-08-03 17:29,+05:30,
T1-02205,R-18,18,2026-08-03 16:49,50,2026-08-03 17:48,+05:30,
T1-02206,R-18,18,2026-08-03 15:07,55,2026-08-03 16:09,+05:30,
T1-02207,R-18,18,2026-08-03 17:39,50,2026-08-03 18:27,+05:30,
T1-02208,R-18,18,2026-08-03 12:27,45,2026-08-03 13:14,+05:30,
T1-02209,R-18,18,2026-08-03 19:41,45,2026-08-03 20:22,+05:30,
T1-02210,R-18,18,2026-08-03 18:43,55,2026-08-03 19:41,+05:30,
T1-02211,R-18,18,2026-08-03 07:55,45,2026-08-03 08:48,+05:30,
T1-02212,R-18,18,2026-08-03 15:19,40,2026-08-03 16:00,+05:30,
T1-02213,R-18,18,2026-08-03 20:20,45,2026-08-03 21:00,+05:30,
T1-02214,R-18,18,2026-08-03 09:38,40,2026-08-03 10:25,+05:30,
T1-02215,R-18,18,2026-08-03 06:52,55,2026-08-03 07:48,+05:30,
T1-02216,R-18,18,2026-08-03 21:50,55,2026-08-03 22:49,+05:30,
T1-02217,R-18,18,2026-08-03 06:46,50,2026-08-03 07:35,+05:30,
T1-02218,R-18,18,2026-08-03 10:50,40,2026-08-03 11:35,+05:30,
T1-02219,R-18,18,2026-08-03 21:33,55,2026-08-03 22:29,+05:30,
T1-02220,R-18,18,2026-08-03 21:36,50,2026-08-03 22:25,+05:30,
T1-02221,R-18,18,2026-08-04 20:58,55,2026-08-04 21:58,+05:30,
T1-02222,R-18,18,2026-08-04 18:03,35,2026-08-04 18:41,+05:30,
T1-02223,R-18,18,2026-08-04 10:20,35,2026-08-04 10:52,+05:30,
T1-02224,R-18,18,2026-08-04 09:13,45,2026-08-04 10:01,+05:30,
T1-02225,R-18,18,2026-08-04 10:17,40,2026-08-04 11:08,+05:30,
T1-02226,R-18,18,2026-08-04 10:32,50,2026-08-04 11:27,+05:30,
T1-02227,R-18,18,2026-08-04 15:23,55,2026-08-04 16:10,+05:30,
T1-02228,R-18,18,2026-08-04 17:03,40,2026-08-04 17:49,+05:30,
T1-02229,R-18,18,2026-08-04 14:58,50,2026-08-04 15:51,+05:30,
T1-02230,R-18,18,2026-08-04 08:13,45,2026-08-04 08:57,+05:30,
T1-02231,R-18,18,2026-08-04 11:09,40,2026-08-04 11:45,+05:30,
T1-02232,R-18,18,2026-08-04 12:02,55,2026-08-04 13:10,+05:30,
T1-02233,R-18,18,2026-08-04 09:37,50,2026-08-04 10:25,+05:30,
T1-02234,R-18,18,2026-08-04 10:46,35,2026-08-04 11:26,+05:30,
T1-02235,R-18,18,2026-08-04 16:39,45,2026-08-04 17:33,+05:30,
T1-02236,R-18,18,2026-08-04 18:41,50,2026-08-04 19:31,+05:30,
T1-02237,R-18,18,2026-08-04 09:43,50,2026-08-04 10:42,+05:30,
T1-02238,R-18,18,2026-08-04 16:02,45,2026-08-04 16:52,+05:30,
T1-02239,R-18,18,2026-08-04 07:27,40,2026-08-04 08:13,+05:30,
T1-02240,R-18,18,2026-08-04 09:35,55,2026-08-04 10:35,+05:30,
T1-02241,R-18,18,2026-08-04 21:01,45,2026-08-04 21:46,+05:30,
T1-02242,R-18,18,2026-08-04 11:10,45,2026-08-04 11:56,+05:30,
T1-02243,R-18,18,2026-08-05 19:37,40,2026-08-05 20:15,+05:30,
T1-02244,R-18,18,2026-08-05 10:59,55,2026-08-05 11:57,+05:30,
T1-02245,R-18,18,2026-08-05 19:13,35,2026-08-05 19:52,+05:30,
T1-02246,R-18,18,2026-08-05 14:26,55,2026-08-05 15:17,+05:30,
T1-02247,R-18,18,2026-08-05 11:38,35,2026-08-05 12:22,+05:30,
T1-02248,R-18,18,2026-08-05 07:05,35,2026-08-05 07:39,+05:30,
T1-02249,R-18,18,2026-08-05 20:04,45,2026-08-05 20:47,+05:30,
T1-02250,R-18,18,2026-08-05 08:00,45,2026-08-05 08:44,+05:30,
T1-02251,R-18,18,2026-08-05 13:21,55,2026-08-05 14:14,+05:30,
T1-02252,R-18,18,2026-08-05 20:52,50,2026-08-05 21:43,+05:30,
T1-02253,R-18,18,2026-08-05 11:40,55,2026-08-05 12:32,+05:30,
T1-02254,R-18,18,2026-08-05 11:16,45,2026-08-05 12:03,+05:30,
T1-02255,R-18,18,2026-08-05 08:15,55,2026-08-05 09:06,+05:30,
T1-02256,R-18,18,2026-08-05 19:05,55,2026-08-05 20:07,+05:30,
T1-02257,R-18,18,2026-08-05 21:50,45,2026-08-05 22:43,+05:30,
T1-02258,R-18,18,2026-08-05 07:43,35,2026-08-05 08:23,+05:30,
T1-02259,R-18,18,2026-08-05 10:36,40,2026-08-05 11:22,+05:30,
T1-02260,R-18,18,2026-08-05 06:31,50,2026-08-05 07:22,+05:30,
T1-02261,R-18,18,2026-08-05 06:30,35,2026-08-05 07:07,+05:30,
T1-02262,R-18,18,2026-08-05 09:12,35,2026-08-05 09:51,+05:30,
T1-02263,R-18,18,2026-08-05 09:30,40,2026-08-05 10:12,+05:30,
T1-02264,R-18,18,2026-08-05 06:19,40,2026-08-05 06:58,+05:30,
T1-02265,R-18,18,2026-08-06 10:11,35,2026-08-06 10:50,+05:30,
T1-02266,R-18,18,2026-08-06 18:01,55,2026-08-06 18:57,+05:30,
T1-02267,R-18,18,2026-08-06 15:45,35,2026-08-06 16:22,+05:30,
T1-02268,R-18,18,2026-08-06 09:49,35,2026-08-06 10:28,+05:30,
T1-02269,R-18,18,2026-08-06 21:33,35,2026-08-06 22:01,+05:30,
T1-02270,R-18,18,2026-08-06 08:37,55,2026-08-06 09:34,+05:30,
T1-02271,R-18,18,2026-08-06 11:13,50,2026-08-06 12:00,+05:30,
T1-02272,R-18,18,2026-08-06 18:08,35,2026-08-06 18:44,+05:30,
T1-02273,R-18,18,2026-08-06 19:00,40,2026-08-06 19:37,+05:30,
T1-02274,R-18,18,2026-08-06 13:01,45,2026-08-06 13:45,+05:30,
T1-02275,R-18,18,2026-08-06 11:33,35,2026-08-06 12:06,+05:30,
T1-02276,R-18,18,2026-08-06 16:05,55,2026-08-06 17:02,+05:30,
T1-02277,R-18,18,2026-08-06 12:36,50,2026-08-06 13:33,+05:30,
T1-02278,R-18,18,2026-08-06 17:42,45,2026-08-06 18:23,+05:30,
T1-02279,R-18,18,2026-08-06 09:53,35,2026-08-06 10:32,+05:30,
T1-02280,R-18,18,2026-08-06 11:08,45,2026-08-06 11:59,+05:30,
T1-02281,R-18,18,2026-08-06 14:46,40,2026-08-06 15:33,+05:30,
T1-02282,R-18,18,2026-08-06 14:45,40,2026-08-06 15:29,+05:30,
T1-02283,R-18,18,2026-08-06 17:45,35,2026-08-06 18:20,+05:30,
T1-02284,R-18,18,2026-08-06 06:17,45,2026-08-06 07:10,+05:30,
T1-02285,R-18,18,2026-08-06 07:11,45,2026-08-06 07:59,+05:30,
T1-02286,R-18,18,2026-08-06 17:32,40,2026-08-06 18:06,+05:30,
T1-02287,R-18,18,2026-08-07 06:57,45,2026-08-07 07:50,+05:30,
T1-02288,R-18,18,2026-08-07 13:34,50,2026-08-07 14:27,+05:30,
T1-02289,R-18,18,2026-08-07 15:04,35,2026-08-07 15:39,+05:30,
T1-02290,R-18,18,2026-08-07 09:39,35,2026-08-07 10:15,+05:30,
T1-02291,R-18,18,2026-08-07 07:42,40,2026-08-07 08:28,+05:30,
T1-02292,R-18,18,2026-08-07 07:15,55,2026-08-07 08:04,+05:30,
T1-02293,R-18,18,2026-08-07 17:40,55,2026-08-07 18:42,+05:30,
T1-02294,R-18,18,2026-08-07 13:48,40,2026-08-07 14:27,+05:30,
T1-02295,R-18,18,2026-08-07 21:22,40,2026-08-07 22:08,+05:30,
T1-02296,R-18,18,2026-08-07 17:53,45,2026-08-07 18:41,+05:30,
T1-02297,R-18,18,2026-08-07 16:05,35,2026-08-07 16:46,+05:30,
T1-02298,R-18,18,2026-08-07 06:31,55,2026-08-07 07:30,+05:30,
T1-02299,R-18,18,2026-08-07 06:00,50,2026-08-07 06:51,+05:30,
T1-02300,R-18,18,2026-08-07 16:37,40,2026-08-07 17:17,+05:30,
T1-02301,R-18,18,2026-08-07 16:37,50,2026-08-07 17:26,+05:30,
T1-02302,R-18,18,2026-08-07 14:47,55,2026-08-07 15:45,+05:30,
T1-02303,R-18,18,2026-08-07 18:36,35,2026-08-07 19:12,+05:30,
T1-02304,R-18,18,2026-08-07 14:13,45,2026-08-07 14:58,+05:30,
T1-02305,R-18,18,2026-08-07 21:16,50,2026-08-07 22:11,+05:30,
T1-02306,R-18,18,2026-08-07 16:56,45,2026-08-07 17:40,+05:30,
T1-02307,R-18,18,2026-08-07 21:35,50,2026-08-07 22:25,+05:30,
T1-02308,R-18,18,2026-08-07 19:41,45,2026-08-07 20:32,+05:30,
T1-02309,R-18,18,2026-08-08 15:51,55,2026-08-08 16:48,+05:30,
T1-02310,R-18,18,2026-08-08 12:13,45,2026-08-08 13:01,+05:30,
T1-02311,R-18,18,2026-08-08 19:09,50,2026-08-08 20:07,+05:30,
T1-02312,R-18,18,2026-08-08 13:00,40,2026-08-08 13:42,+05:30,
T1-02313,R-18,18,2026-08-08 16:45,45,2026-08-08 17:40,+05:30,
T1-02314,R-18,18,2026-08-08 17:06,55,2026-08-08 18:00,+05:30,
T1-02315,R-18,18,2026-08-08 09:26,40,2026-08-08 10:03,+05:30,
T1-02316,R-18,18,2026-08-08 18:40,50,2026-08-08 19:27,+05:30,
T1-02317,R-18,18,2026-08-08 06:43,55,2026-08-08 07:42,+05:30,
T1-02318,R-18,18,2026-08-08 14:09,35,2026-08-08 14:43,+05:30,
T1-02319,R-18,18,2026-08-08 07:14,45,2026-08-08 08:02,+05:30,
T1-02320,R-18,18,2026-08-08 08:54,55,2026-08-08 09:51,+05:30,
T1-02321,R-18,18,2026-08-08 18:15,50,2026-08-08 19:05,+05:30,
T1-02322,R-18,18,2026-08-08 14:29,45,2026-08-08 15:12,+05:30,
T1-02323,R-18,18,2026-08-08 17:16,50,2026-08-08 18:06,+05:30,
T1-02324,R-18,18,2026-08-08 10:44,35,2026-08-08 11:19,+05:30,
T1-02325,R-18,18,2026-08-08 13:47,35,2026-08-08 14:23,+05:30,
T1-02326,R-18,18,2026-08-08 21:38,45,2026-08-08 22:24,+05:30,
T1-02327,R-18,18,2026-08-08 12:03,50,2026-08-08 12:52,+05:30,
T1-02328,R-18,18,2026-08-08 06:09,55,2026-08-08 07:03,+05:30,
T1-02329,R-18,18,2026-08-08 10:25,55,2026-08-08 11:16,+05:30,
T1-02330,R-18,18,2026-08-08 07:11,40,2026-08-08 07:54,+05:30,
T1-02331,R-18,18,2026-08-09 06:58,35,2026-08-09 07:28,+05:30,
T1-02332,R-18,18,2026-08-09 06:34,55,2026-08-09 07:33,+05:30,
T1-02333,R-18,18,2026-08-09 16:44,35,2026-08-09 17:24,+05:30,
T1-02334,R-18,18,2026-08-09 14:16,35,2026-08-09 14:50,+05:30,
T1-02335,R-18,18,2026-08-09 07:07,50,2026-08-09 08:00,+05:30,
T1-02336,R-18,18,2026-08-09 10:18,45,2026-08-09 11:08,+05:30,
T1-02337,R-18,18,2026-08-09 09:36,40,2026-08-09 10:10,+05:30,
T1-02338,R-18,18,2026-08-09 08:14,45,2026-08-09 09:12,+05:30,
T1-02339,R-18,18,2026-08-09 11:13,35,2026-08-09 11:51,+05:30,
T1-02340,R-18,18,2026-08-09 15:09,35,2026-08-09 15:44,+05:30,
T1-02341,R-18,18,2026-08-09 10:09,50,2026-08-09 11:05,+05:30,
T1-02342,R-18,18,2026-08-09 14:54,50,2026-08-09 15:50,+05:30,
T1-02343,R-18,18,2026-08-09 10:09,45,2026-08-09 10:57,+05:30,
T1-02344,R-18,18,2026-08-09 10:24,55,2026-08-09 11:24,+05:30,
T1-02345,R-18,18,2026-08-09 15:54,35,2026-08-09 16:31,+05:30,
T1-02346,R-18,18,2026-08-09 19:52,40,2026-08-09 20:40,+05:30,
T1-02347,R-18,18,2026-08-09 09:02,35,2026-08-09 09:44,+05:30,
T1-02348,R-18,18,2026-08-09 06:32,35,2026-08-09 07:09,+05:30,
T1-02349,R-18,18,2026-08-09 20:35,35,2026-08-09 21:11,+05:30,
T1-02350,R-18,18,2026-08-09 15:09,45,2026-08-09 15:51,+05:30,
T1-02351,R-18,18,2026-08-09 11:01,45,2026-08-09 11:48,+05:30,
T1-02352,R-18,18,2026-08-09 06:06,40,2026-08-09 06:49,+05:30,
T1-02353,R-19,19,2026-08-03 15:44,40,2026-08-03 16:29,+05:30,
T1-02354,R-19,19,2026-08-03 20:51,45,2026-08-03 21:38,+05:30,
T1-02355,R-19,19,2026-08-03 19:48,55,2026-08-03 20:43,+05:30,
T1-02356,R-19,19,2026-08-03 18:55,40,2026-08-03 19:38,+05:30,
T1-02357,R-19,19,2026-08-03 14:11,35,2026-08-03 14:45,+05:30,
T1-02358,R-19,19,2026-08-03 17:58,45,2026-08-03 18:39,+05:30,
T1-02359,R-19,19,2026-08-03 14:20,40,2026-08-03 14:59,+05:30,
T1-02360,R-19,19,2026-08-03 14:16,55,2026-08-03 15:07,+05:30,
T1-02361,R-19,19,2026-08-03 09:36,50,2026-08-03 10:30,+05:30,
T1-02362,R-19,19,2026-08-03 20:39,40,2026-08-03 21:21,+05:30,
T1-02363,R-19,19,2026-08-03 14:02,50,2026-08-03 14:48,+05:30,
T1-02364,R-19,19,2026-08-03 18:44,40,2026-08-03 19:25,+05:30,
T1-02365,R-19,19,2026-08-03 11:36,40,2026-08-03 12:19,+05:30,
T1-02366,R-19,19,2026-08-03 08:28,45,2026-08-03 09:11,+05:30,
T1-02367,R-19,19,2026-08-03 11:35,55,2026-08-03 12:30,+05:30,
T1-02368,R-19,19,2026-08-03 12:54,40,2026-08-03 13:38,+05:30,
T1-02369,R-19,19,2026-08-03 06:10,55,2026-08-03 07:03,+05:30,
T1-02370,R-19,19,2026-08-03 06:17,40,2026-08-03 06:57,+05:30,
T1-02371,R-19,19,2026-08-04 14:48,45,2026-08-04 15:36,+05:30,
T1-02372,R-19,19,2026-08-04 12:57,35,2026-08-04 13:26,+05:30,
T1-02373,R-19,19,2026-08-04 15:48,35,2026-08-04 16:22,+05:30,
T1-02374,R-19,19,2026-08-04 12:45,45,2026-08-04 13:30,+05:30,
T1-02375,R-19,19,2026-08-04 10:31,50,2026-08-04 11:29,+05:30,
T1-02376,R-19,19,2026-08-04 19:04,55,2026-08-04 19:58,+05:30,
T1-02377,R-19,19,2026-08-04 07:25,55,2026-08-04 08:29,+05:30,
T1-02378,R-19,19,2026-08-04 13:17,40,2026-08-04 13:58,+05:30,
T1-02379,R-19,19,2026-08-04 15:58,50,2026-08-04 16:42,+05:30,
T1-02380,R-19,19,2026-08-04 17:52,40,2026-08-04 18:43,+05:30,
T1-02381,R-19,19,2026-08-04 10:05,50,2026-08-04 10:58,+05:30,
T1-02382,R-19,19,2026-08-04 06:18,55,2026-08-04 07:14,+05:30,
T1-02383,R-19,19,2026-08-04 11:26,35,2026-08-04 11:57,+05:30,
T1-02384,R-19,19,2026-08-04 09:02,55,2026-08-04 09:59,+05:30,
T1-02385,R-19,19,2026-08-04 11:57,50,2026-08-04 12:53,+05:30,
T1-02386,R-19,19,2026-08-04 12:00,55,2026-08-04 13:04,+05:30,
T1-02387,R-19,19,2026-08-04 06:58,50,2026-08-04 07:49,+05:30,
T1-02388,R-19,19,2026-08-04 09:02,45,2026-08-04 09:46,+05:30,
T1-02389,R-19,19,2026-08-05 07:33,40,2026-08-05 08:19,+05:30,
T1-02390,R-19,19,2026-08-05 06:21,40,2026-08-05 07:00,+05:30,
T1-02391,R-19,19,2026-08-05 21:40,55,2026-08-05 22:40,+05:30,
T1-02392,R-19,19,2026-08-05 09:40,40,2026-08-05 10:25,+05:30,
T1-02393,R-19,19,2026-08-05 18:31,55,2026-08-05 19:29,+05:30,
T1-02394,R-19,19,2026-08-05 06:05,55,2026-08-05 07:11,+05:30,
T1-02395,R-19,19,2026-08-05 13:22,45,2026-08-05 14:11,+05:30,
T1-02396,R-19,19,2026-08-05 10:53,45,2026-08-05 11:44,+05:30,
T1-02397,R-19,19,2026-08-05 15:11,40,2026-08-05 16:01,+05:30,
T1-02398,R-19,19,2026-08-05 06:24,35,2026-08-05 07:00,+05:30,
T1-02399,R-19,19,2026-08-05 17:14,40,2026-08-05 17:58,+05:30,
T1-02400,R-19,19,2026-08-05 13:14,55,2026-08-05 14:06,+05:30,
T1-02401,R-19,19,2026-08-05 06:20,45,2026-08-05 07:10,+05:30,
T1-02402,R-19,19,2026-08-05 13:28,40,2026-08-05 14:12,+05:30,
T1-02403,R-19,19,2026-08-05 15:58,50,2026-08-05 16:50,+05:30,
T1-02404,R-19,19,2026-08-05 14:09,50,2026-08-05 15:04,+05:30,
T1-02405,R-19,19,2026-08-05 11:04,35,2026-08-05 11:40,+05:30,
T1-02406,R-19,19,2026-08-05 17:55,55,2026-08-05 18:58,+05:30,
T1-02407,R-19,19,2026-08-06 14:13,35,2026-08-06 14:48,+05:30,
T1-02408,R-19,19,2026-08-06 09:25,35,2026-08-06 10:02,+05:30,
T1-02409,R-19,19,2026-08-06 11:45,45,2026-08-06 12:40,+05:30,
T1-02410,R-19,19,2026-08-06 09:42,45,2026-08-06 10:31,+05:30,
T1-02411,R-19,19,2026-08-06 12:31,50,2026-08-06 13:20,+05:30,
T1-02412,R-19,19,2026-08-06 13:42,35,2026-08-06 14:20,+05:30,
T1-02413,R-19,19,2026-08-06 13:27,50,2026-08-06 14:20,+05:30,
T1-02414,R-19,19,2026-08-06 17:10,55,2026-08-06 18:00,+05:30,
T1-02415,R-19,19,2026-08-06 07:41,55,2026-08-06 08:42,+05:30,
T1-02416,R-19,19,2026-08-06 09:05,55,2026-08-06 09:59,+05:30,
T1-02417,R-19,19,2026-08-06 13:41,35,2026-08-06 14:24,+05:30,
T1-02418,R-19,19,2026-08-06 10:30,55,2026-08-06 11:30,+05:30,
T1-02419,R-19,19,2026-08-06 11:06,50,2026-08-06 11:58,+05:30,
T1-02420,R-19,19,2026-08-06 06:53,35,2026-08-06 07:27,+05:30,
T1-02421,R-19,19,2026-08-06 10:49,50,2026-08-06 11:38,+05:30,
T1-02422,R-19,19,2026-08-06 11:27,45,2026-08-06 12:17,+05:30,
T1-02423,R-19,19,2026-08-06 11:10,55,2026-08-06 12:05,+05:30,
T1-02424,R-19,19,2026-08-06 19:27,50,2026-08-06 20:21,+05:30,
T1-02425,R-19,19,2026-08-07 20:04,40,2026-08-07 20:54,+05:30,
T1-02426,R-19,19,2026-08-07 15:56,45,2026-08-07 16:40,+05:30,
T1-02427,R-19,19,2026-08-07 12:19,35,2026-08-07 12:48,+05:30,
T1-02428,R-19,19,2026-08-07 21:45,45,2026-08-07 22:35,+05:30,
T1-02429,R-19,19,2026-08-07 11:39,45,2026-08-07 12:25,+05:30,
T1-02430,R-19,19,2026-08-07 06:40,50,2026-08-07 07:30,+05:30,
T1-02431,R-19,19,2026-08-07 12:19,40,2026-08-07 12:58,+05:30,
T1-02432,R-19,19,2026-08-07 18:38,35,2026-08-07 19:16,+05:30,
T1-02433,R-19,19,2026-08-07 13:22,50,2026-08-07 14:12,+05:30,
T1-02434,R-19,19,2026-08-07 13:29,35,2026-08-07 14:07,+05:30,
T1-02435,R-19,19,2026-08-07 16:48,40,2026-08-07 17:25,+05:30,
T1-02436,R-19,19,2026-08-07 13:42,40,2026-08-07 14:22,+05:30,
T1-02437,R-19,19,2026-08-07 21:20,35,2026-08-07 21:59,+05:30,
T1-02438,R-19,19,2026-08-07 17:09,35,2026-08-07 17:46,+05:30,
T1-02439,R-19,19,2026-08-07 06:31,55,2026-08-07 07:32,+05:30,
T1-02440,R-19,19,2026-08-07 20:35,50,2026-08-07 21:29,+05:30,
T1-02441,R-19,19,2026-08-07 10:48,40,2026-08-07 11:32,+05:30,
T1-02442,R-19,19,2026-08-07 06:37,55,2026-08-07 07:32,+05:30,
T1-02443,R-19,19,2026-08-08 18:22,45,2026-08-08 19:10,+05:30,
T1-02444,R-19,19,2026-08-08 18:39,35,2026-08-08 19:11,+05:30,
T1-02445,R-19,19,2026-08-08 08:00,55,2026-08-08 08:50,+05:30,
T1-02446,R-19,19,2026-08-08 11:50,35,2026-08-08 12:27,+05:30,
T1-02447,R-19,19,2026-08-08 16:22,55,2026-08-08 17:20,+05:30,
T1-02448,R-19,19,2026-08-08 12:38,35,2026-08-08 13:15,+05:30,
T1-02449,R-19,19,2026-08-08 14:07,55,2026-08-08 15:04,+05:30,
T1-02450,R-19,19,2026-08-08 17:22,45,2026-08-08 18:10,+05:30,
T1-02451,R-19,19,2026-08-08 15:19,50,2026-08-08 16:08,+05:30,
T1-02452,R-19,19,2026-08-08 20:33,45,2026-08-08 21:23,+05:30,
T1-02453,R-19,19,2026-08-08 14:27,50,2026-08-08 15:19,+05:30,
T1-02454,R-19,19,2026-08-08 20:32,55,2026-08-08 21:29,+05:30,
T1-02455,R-19,19,2026-08-08 19:23,50,2026-08-08 20:20,+05:30,
T1-02456,R-19,19,2026-08-08 13:45,35,2026-08-08 14:21,+05:30,
T1-02457,R-19,19,2026-08-08 18:05,50,2026-08-08 18:55,+05:30,
T1-02458,R-19,19,2026-08-08 19:36,40,2026-08-08 20:17,+05:30,
T1-02459,R-19,19,2026-08-08 16:09,50,2026-08-08 17:03,+05:30,
T1-02460,R-19,19,2026-08-08 21:41,35,2026-08-08 22:21,+05:30,
T1-02461,R-19,19,2026-08-09 09:20,40,2026-08-09 10:04,+05:30,
T1-02462,R-19,19,2026-08-09 07:17,45,2026-08-09 08:09,+05:30,
T1-02463,R-19,19,2026-08-09 08:26,35,2026-08-09 09:05,+05:30,
T1-02464,R-19,19,2026-08-09 20:59,35,2026-08-09 21:40,+05:30,
T1-02465,R-19,19,2026-08-09 21:26,35,2026-08-09 22:08,+05:30,
T1-02466,R-19,19,2026-08-09 12:12,45,2026-08-09 13:05,+05:30,
T1-02467,R-19,19,2026-08-09 16:26,55,2026-08-09 17:26,+05:30,
T1-02468,R-19,19,2026-08-09 17:58,40,2026-08-09 18:36,+05:30,
T1-02469,R-19,19,2026-08-09 21:28,40,2026-08-09 22:14,+05:30,
T1-02470,R-19,19,2026-08-09 20:26,40,2026-08-09 08:60,+05:30,
T1-02471,R-19,19,2026-08-09 15:45,55,2026-08-09 16:45,+05:30,
T1-02472,R-19,19,2026-08-09 07:47,45,2026-08-09 08:39,+05:30,
T1-02473,R-19,19,2026-08-09 14:27,40,2026-08-09 15:12,+05:30,
T1-02474,R-19,19,2026-08-09 20:38,40,2026-08-09 21:24,+05:30,
T1-02475,R-19,19,2026-08-09 20:56,35,2026-08-09 21:34,+05:30,
T1-02476,R-19,19,2026-08-09 14:57,55,2026-08-09 15:44,+05:30,
T1-02477,R-19,19,2026-08-09 16:57,45,2026-08-09 17:46,+05:30,
T1-02478,R-19,19,2026-08-09 14:51,45,2026-08-09 15:36,+05:30,
T1-02479,R-20,20,2026-08-03 15:55,50,2026-08-03 16:42,+05:30,
T1-02480,R-20,20,2026-08-03 09:45,45,2026-08-03 10:32,+05:30,
T1-02481,R-20,20,2026-08-03 18:37,45,2026-08-03 19:15,+05:30,
T1-02482,R-20,20,2026-08-03 20:48,45,2026-08-03 21:23,+05:30,
T1-02483,R-20,20,2026-08-03 21:06,50,2026-08-03 22:01,+05:30,
T1-02484,R-20,20,2026-08-03 17:53,50,2026-08-03 18:54,+05:30,
T1-02485,R-20,20,2026-08-03 11:58,35,2026-08-03 12:32,+05:30,
T1-02486,R-20,20,2026-08-03 14:32,35,2026-08-03 15:09,+05:30,
T1-02487,R-20,20,2026-08-03 20:26,50,2026-08-03 21:18,+05:30,
T1-02488,R-20,20,2026-08-03 21:56,40,2026-08-03 21:51,+05:30,
T1-02489,R-20,20,2026-08-03 14:24,50,2026-08-03 15:09,+05:30,
T1-02490,R-20,20,2026-08-03 21:51,35,2026-08-03 22:30,+05:30,
T1-02491,R-20,20,2026-08-03 11:36,55,2026-08-03 12:31,+05:30,
T1-02492,R-20,20,2026-08-03 20:00,40,2026-08-03 20:49,+05:30,
T1-02493,R-20,20,2026-08-03 17:36,55,2026-08-03 18:35,+05:30,
T1-02494,R-20,20,2026-08-03 18:49,40,2026-08-03 19:30,+05:30,
T1-02495,R-20,20,2026-08-03 09:21,55,2026-08-03 10:21,+05:30,
T1-02496,R-20,20,2026-08-03 12:30,50,2026-08-03 13:23,+05:30,
T1-02497,R-20,20,2026-08-03 21:18,40,2026-08-03 22:01,+05:30,
T1-02498,R-20,20,2026-08-03 14:01,45,2026-08-03 14:49,+05:30,
T1-02499,R-20,20,2026-08-03 20:31,35,2026-08-03 21:07,+05:30,
T1-02500,R-20,20,2026-08-04 14:04,55,2026-08-04 15:04,+05:30,
T1-02501,R-20,20,2026-08-04 13:33,35,2026-08-04 14:21,+05:30,
T1-02502,R-20,20,2026-08-04 10:20,55,2026-08-04 11:18,+05:30,
T1-02503,R-20,20,2026-08-04 08:20,45,2026-08-04 09:06,+05:30,
T1-02504,R-20,20,2026-08-04 14:41,50,2026-08-04 15:29,+05:30,
T1-02505,R-20,20,2026-08-04 15:23,50,2026-08-04 16:14,+05:30,
T1-02506,R-20,20,2026-08-04 17:21,50,2026-08-04 18:08,+05:30,
T1-02507,R-20,20,2026-08-04 18:34,55,2026-08-04 19:40,+05:30,
T1-02508,R-20,20,2026-08-04 12:12,50,2026-08-04 13:01,+05:30,
T1-02509,R-20,20,2026-08-04 07:33,40,2026-08-04 08:15,+05:30,
T1-02510,R-20,20,2026-08-04 12:56,35,2026-08-04 13:32,+05:30,
T1-02511,R-20,20,2026-08-04 21:22,45,2026-08-04 22:11,+05:30,
T1-02512,R-20,20,2026-08-04 13:56,50,2026-08-04 14:46,+05:30,
T1-02513,R-20,20,2026-08-04 11:57,45,2026-08-04 12:35,+05:30,
T1-02514,R-20,20,2026-08-04 13:22,45,2026-08-04 14:07,+05:30,
T1-02515,R-20,20,2026-08-04 06:11,50,2026-08-04 07:01,+05:30,
T1-02516,R-20,20,2026-08-04 06:23,40,2026-08-04 06:57,+05:30,
T1-02517,R-20,20,2026-08-04 14:29,45,2026-08-04 15:11,+05:30,
T1-02518,R-20,20,2026-08-04 10:13,35,2026-08-04 10:50,+05:30,
T1-02519,R-20,20,2026-08-04 10:51,50,2026-08-04 11:40,+05:30,
T1-02520,R-20,20,2026-08-04 17:06,40,2026-08-04 17:50,+05:30,
T1-02521,R-20,20,2026-08-05 16:41,55,2026-08-05 17:38,+05:30,
T1-02522,R-20,20,2026-08-05 08:06,45,2026-08-05 08:59,+05:30,
T1-02523,R-20,20,2026-08-05 06:17,50,2026-08-05 07:05,+05:30,
T1-02524,R-20,20,2026-08-05 07:04,40,2026-08-05 07:36,+05:30,
T1-02525,R-20,20,2026-08-05 21:51,55,2026-08-05 22:48,+05:30,
T1-02526,R-20,20,2026-08-05 17:27,35,2026-08-05 18:12,+05:30,
T1-02527,R-20,20,2026-08-05 15:52,50,2026-08-05 16:43,+05:30,
T1-02528,R-20,20,2026-08-05 15:07,45,2026-08-05 15:57,+05:30,
T1-02529,R-20,20,2026-08-05 08:27,35,2026-08-05 09:06,+05:30,
T1-02530,R-20,20,2026-08-05 14:40,35,2026-08-05 15:14,+05:30,
T1-02531,R-20,20,2026-08-05 19:49,45,2026-08-05 20:34,+05:30,
T1-02532,R-20,20,2026-08-05 08:10,50,2026-08-05 09:00,+05:30,
T1-02533,R-20,20,2026-08-05 14:54,45,2026-08-05 15:40,+05:30,
T1-02534,R-20,20,2026-08-05 20:40,50,2026-08-05 21:38,+05:30,
T1-02535,R-20,20,2026-08-05 10:21,50,2026-08-05 11:09,+05:30,
T1-02536,R-20,20,2026-08-05 08:45,40,2026-08-05 09:25,+05:30,
T1-02537,R-20,20,2026-08-05 12:51,40,2026-08-05 13:32,+05:30,
T1-02538,R-20,20,2026-08-05 10:13,55,2026-08-05 11:09,+05:30,
T1-02539,R-20,20,2026-08-05 11:42,45,2026-08-05 12:29,+05:30,
T1-02540,R-20,20,2026-08-05 11:41,45,2026-08-05 12:32,+05:30,
T1-02541,R-20,20,2026-08-05 07:11,55,2026-08-05 08:09,+05:30,
T1-02542,R-20,20,2026-08-06 21:14,50,2026-08-06 22:10,+05:30,
T1-02543,R-20,20,2026-08-06 09:03,35,2026-08-06 09:40,+05:30,
T1-02544,R-20,20,2026-08-06 06:25,40,2026-08-06 07:07,+05:30,
T1-02545,R-20,20,2026-08-06 08:17,50,2026-08-06 09:10,+05:30,
T1-02546,R-20,20,2026-08-06 08:35,40,2026-08-06 09:20,+05:30,
T1-02547,R-20,20,2026-08-06 08:31,40,2026-08-06 09:09,+05:30,
T1-02548,R-20,20,2026-08-06 08:30,45,2026-08-06 09:23,+05:30,
T1-02549,R-20,20,2026-08-06 17:36,50,2026-08-06 18:27,+05:30,
T1-02550,R-20,20,2026-08-06 10:30,55,2026-08-06 11:29,+05:30,
T1-02551,R-20,20,2026-08-06 13:54,35,2026-08-06 14:34,+05:30,
T1-02552,R-20,20,2026-08-06 07:40,50,2026-08-06 08:36,+05:30,
T1-02553,R-20,20,2026-08-06 15:14,50,2026-08-06 16:04,+05:30,
T1-02554,R-20,20,2026-08-06 14:06,45,2026-08-06 14:54,+05:30,
T1-02555,R-20,20,2026-08-06 06:55,45,2026-08-06 07:40,+05:30,
T1-02556,R-20,20,2026-08-06 07:23,35,2026-08-06 08:04,+05:30,
T1-02557,R-20,20,2026-08-06 17:59,35,2026-08-06 18:40,+05:30,
T1-02558,R-20,20,2026-08-06 17:16,40,2026-08-06 17:53,+05:30,
T1-02559,R-20,20,2026-08-06 12:42,50,2026-08-06 13:39,+05:30,
T1-02560,R-20,20,2026-08-06 21:48,55,2026-08-06 22:45,+05:30,
T1-02561,R-20,20,2026-08-06 07:17,40,2026-08-06 07:59,+05:30,
T1-02562,R-20,20,2026-08-06 18:10,40,2026-08-06 18:52,+05:30,
T1-02563,R-20,20,2026-08-07 20:57,55,2026-08-07 21:57,+05:30,
T1-02564,R-20,20,2026-08-07 06:03,35,2026-08-07 06:40,+05:30,
T1-02565,R-20,20,2026-08-07 06:14,45,2026-08-07 07:03,+05:30,
T1-02566,R-20,20,2026-08-07 14:10,50,2026-08-07 15:12,+05:30,
T1-02567,R-20,20,2026-08-07 18:13,50,2026-08-07 19:02,+05:30,
T1-02568,R-20,20,2026-08-07 13:38,50,2026-08-07 14:32,+05:30,
T1-02569,R-20,20,2026-08-07 07:14,45,2026-08-07 08:06,+05:30,
T1-02570,R-20,20,2026-08-07 19:25,50,2026-08-07 20:20,+05:30,
T1-02571,R-20,20,2026-08-07 07:42,40,2026-08-07 08:24,+05:30,
T1-02572,R-20,20,2026-08-07 18:57,45,2026-08-07 19:50,+05:30,
T1-02573,R-20,20,2026-08-07 17:02,50,2026-08-07 17:56,+05:30,
T1-02574,R-20,20,2026-08-07 06:18,35,2026-08-07 06:56,+05:30,
T1-02575,R-20,20,2026-08-07 09:11,35,2026-08-07 09:49,+05:30,
T1-02576,R-20,20,2026-08-07 21:42,55,2026-08-07 22:31,+05:30,
T1-02577,R-20,20,2026-08-07 13:43,45,2026-08-07 14:32,+05:30,
T1-02578,R-20,20,2026-08-07 18:20,35,2026-08-07 18:53,+05:30,
T1-02579,R-20,20,2026-08-07 08:44,35,2026-08-07 09:22,+05:30,
T1-02580,R-20,20,2026-08-07 18:52,50,2026-08-07 19:44,+05:30,
T1-02581,R-20,20,2026-08-07 13:13,40,2026-08-07 13:57,+05:30,
T1-02582,R-20,20,2026-08-07 06:36,35,2026-08-07 07:13,+05:30,
T1-02583,R-20,20,2026-08-07 10:52,35,2026-08-07 11:25,+05:30,
T1-02584,R-20,20,2026-08-08 17:32,40,2026-08-08 18:22,+05:30,
T1-02585,R-20,20,2026-08-08 16:51,50,2026-08-08 08:60,+05:30,
T1-02586,R-20,20,2026-08-08 11:59,40,2026-08-08 12:37,+05:30,
T1-02587,R-20,20,2026-08-08 21:31,45,2026-08-08 22:18,+05:30,
T1-02588,R-20,20,2026-08-08 11:37,55,2026-08-08 12:26,+05:30,
T1-02589,R-20,20,2026-08-08 06:52,45,2026-08-08 07:43,+05:30,
T1-02590,R-20,20,2026-08-08 11:48,50,2026-08-08 12:34,+05:30,
T1-02591,R-20,20,2026-08-08 07:46,45,2026-08-08 08:27,+05:30,
T1-02592,R-20,20,2026-08-08 21:35,35,2026-08-08 22:10,+05:30,
T1-02593,R-20,20,2026-08-08 13:33,50,2026-08-08 14:29,+05:30,
T1-02594,R-20,20,2026-08-08 15:43,50,2026-08-08 16:33,+05:30,
T1-02595,R-20,20,2026-08-08 08:04,55,2026-08-08 08:56,+05:30,
T1-02596,R-20,20,2026-08-08 17:13,55,2026-08-08 18:11,+05:30,
T1-02597,R-20,20,2026-08-08 09:51,55,2026-08-08 10:47,+05:30,
T1-02598,R-20,20,2026-08-08 20:26,55,2026-08-08 21:21,+05:30,
T1-02599,R-20,20,2026-08-08 07:09,35,2026-08-08 07:44,+05:30,
T1-02600,R-20,20,2026-08-08 21:54,40,2026-08-08 22:39,+05:30,
T1-02601,R-20,20,2026-08-08 08:40,35,2026-08-08 09:20,+05:30,
T1-02602,R-20,20,2026-08-08 06:54,55,2026-08-08 07:49,+05:30,
T1-02603,R-20,20,2026-08-08 18:02,40,2026-08-08 18:43,+05:30,
T1-02604,R-20,20,2026-08-08 10:31,45,2026-08-08 11:28,+05:30,
T1-02605,R-20,20,2026-08-09 15:13,35,2026-08-09 15:54,+05:30,
T1-02606,R-20,20,2026-08-09 14:27,50,2026-08-09 15:21,+05:30,
T1-02607,R-20,20,2026-08-09 06:42,35,2026-08-09 07:16,+05:30,
T1-02608,R-20,20,2026-08-09 18:00,55,2026-08-09 18:54,+05:30,
T1-02609,R-20,20,2026-08-09 16:31,45,2026-08-09 17:14,+05:30,
T1-02610,R-20,20,2026-08-09 09:08,35,2026-08-09 09:39,+05:30,
T1-02611,R-20,20,2026-08-09 16:25,55,2026-08-09 17:26,+05:30,
T1-02612,R-20,20,2026-08-09 11:07,50,2026-08-09 11:51,+05:30,
T1-02613,R-20,20,2026-08-09 14:05,50,2026-08-09 14:58,+05:30,
T1-02614,R-20,20,2026-08-09 11:20,55,2026-08-09 12:11,+05:30,
T1-02615,R-20,20,2026-08-09 18:13,55,2026-08-09 19:11,+05:30,
T1-02616,R-20,20,2026-08-09 08:48,35,2026-08-09 09:23,+05:30,
T1-02617,R-20,20,2026-08-09 10:25,50,2026-08-09 11:16,+05:30,
T1-02618,R-20,20,2026-08-09 13:57,35,2026-08-09 14:37,+05:30,
T1-02619,R-20,20,2026-08-09 20:46,45,2026-08-09 21:36,+05:30,
T1-02620,R-20,20,2026-08-09 10:19,35,2026-08-09 10:54,+05:30,
T1-02621,R-20,20,2026-08-09 12:29,35,2026-08-09 13:13,+05:30,
T1-02622,R-20,20,2026-08-09 07:33,40,2026-08-09 08:17,+05:30,
T1-02623,R-20,20,2026-08-09 10:33,40,2026-08-09 11:14,+05:30,
T1-02624,R-20,20,2026-08-09 16:42,45,2026-08-09 17:26,+05:30,
T1-02625,R-20,20,2026-08-09 09:24,35,2026-08-09 10:03,+05:30,
T1-02626,R-21,21,2026-08-03 06:47,55,2026-08-03 07:40,+05:30,
T1-02627,R-21,21,2026-08-03 15:39,45,2026-08-03 16:32,+05:30,
T1-02628,R-21,21,2026-08-03 21:32,35,2026-08-03 22:07,+05:30,
T1-02629,R-21,21,2026-08-03 16:19,45,2026-08-03 16:58,+05:30,
T1-02630,R-21,21,2026-08-03 09:23,50,2026-08-03 10:17,+05:30,
T1-02631,R-21,21,2026-08-03 17:24,55,2026-08-03 18:17,+05:30,
T1-02632,R-21,21,2026-08-03 10:58,55,2026-08-03 11:53,+05:30,
T1-02633,R-21,21,2026-08-03 15:18,45,2026-08-03 15:57,+05:30,
T1-02634,R-21,21,2026-08-03 09:18,40,2026-08-03 10:01,+05:30,
T1-02635,R-21,21,2026-08-03 18:11,50,2026-08-03 19:01,+05:30,
T1-02636,R-21,21,2026-08-03 11:44,35,2026-08-03 12:13,+05:30,
T1-02637,R-21,21,2026-08-03 07:40,50,2026-08-03 08:31,+05:30,
T1-02638,R-21,21,2026-08-03 17:02,55,2026-08-03 17:56,+05:30,
T1-02639,R-21,21,2026-08-03 07:32,55,2026-08-03 08:33,+05:30,
T1-02640,R-21,21,2026-08-03 20:00,55,2026-08-03 20:56,+05:30,
T1-02641,R-21,21,2026-08-03 16:40,40,2026-08-03 17:28,+05:30,
T1-02642,R-21,21,2026-08-03 10:49,40,2026-08-03 11:33,+05:30,
T1-02643,R-21,21,2026-08-03 12:01,45,2026-08-03 12:43,+05:30,
T1-02644,R-21,21,2026-08-04 16:28,45,2026-08-04 17:16,+05:30,
T1-02645,R-21,21,2026-08-04 20:05,45,2026-08-04 20:54,+05:30,
T1-02646,R-21,21,2026-08-04 11:37,40,2026-08-04 12:22,+05:30,
T1-02647,R-21,21,2026-08-04 13:15,40,2026-08-04 13:48,+05:30,
T1-02648,R-21,21,2026-08-04 21:15,55,2026-08-04 22:18,+05:30,
T1-02649,R-21,21,2026-08-04 17:25,35,2026-08-04 18:00,+05:30,
T1-02650,R-21,21,2026-08-04 12:30,50,2026-08-04 13:23,+05:30,
T1-02651,R-21,21,2026-08-04 13:32,35,2026-08-04 14:10,+05:30,
T1-02652,R-21,21,2026-08-04 20:11,50,2026-08-04 21:07,+05:30,
T1-02653,R-21,21,2026-08-04 16:38,55,2026-08-04 17:33,+05:30,
T1-02654,R-21,21,2026-08-04 13:47,40,2026-08-04 14:34,+05:30,
T1-02655,R-21,21,2026-08-04 08:49,45,2026-08-04 09:32,+05:30,
T1-02656,R-21,21,2026-08-04 19:58,45,2026-08-04 20:48,+05:30,
T1-02657,R-21,21,2026-08-04 15:15,55,2026-08-04 16:13,+05:30,
T1-02658,R-21,21,2026-08-04 20:02,50,2026-08-04 20:53,+05:30,
T1-02659,R-21,21,2026-08-04 16:23,40,2026-08-04 16:52,+05:30,
T1-02660,R-21,21,2026-08-04 12:53,45,2026-08-04 13:41,+05:30,
T1-02661,R-21,21,2026-08-04 11:54,50,2026-08-04 12:51,+05:30,
T1-02662,R-21,21,2026-08-05 18:51,50,2026-08-05 19:42,+05:30,
T1-02663,R-21,21,2026-08-05 20:07,45,2026-08-05 20:53,+05:30,
T1-02664,R-21,21,2026-08-05 21:07,45,2026-08-05 21:49,+05:30,
T1-02665,R-21,21,2026-08-05 11:13,35,2026-08-05 11:52,+05:30,
T1-02666,R-21,21,2026-08-05 16:10,55,2026-08-05 17:13,+05:30,
T1-02667,R-21,21,2026-08-05 19:28,50,2026-08-05 20:25,+05:30,
T1-02668,R-21,21,2026-08-05 06:48,35,2026-08-05 07:15,+05:30,
T1-02669,R-21,21,2026-08-05 15:00,45,2026-08-05 15:47,+05:30,
T1-02670,R-21,21,2026-08-05 16:25,55,2026-08-05 17:20,+05:30,
T1-02671,R-21,21,2026-08-05 09:36,55,2026-08-05 10:35,+05:30,
T1-02672,R-21,21,2026-08-05 13:45,35,2026-08-05 14:19,+05:30,
T1-02673,R-21,21,2026-08-05 07:05,45,2026-08-05 07:52,+05:30,
T1-02674,R-21,21,2026-08-05 18:13,40,2026-08-05 18:54,+05:30,
T1-02675,R-21,21,2026-08-05 12:13,45,2026-08-05 13:02,+05:30,
T1-02676,R-21,21,2026-08-05 13:36,40,2026-08-05 14:19,+05:30,
T1-02677,R-21,21,2026-08-05 20:11,55,2026-08-05 21:02,+05:30,
T1-02678,R-21,21,2026-08-05 07:12,45,2026-08-05 08:01,+05:30,
T1-02679,R-21,21,2026-08-05 13:41,50,2026-08-05 14:34,+05:30,
T1-02680,R-21,21,2026-08-06 20:04,45,2026-08-06 20:55,+05:30,
T1-02681,R-21,21,2026-08-06 10:49,35,2026-08-06 11:31,+05:30,
T1-02682,R-21,21,2026-08-06 11:21,50,2026-08-06 12:11,+05:30,
T1-02683,R-21,21,2026-08-06 10:57,35,2026-08-06 11:32,+05:30,
T1-02684,R-21,21,2026-08-06 11:09,50,2026-08-06 12:03,+05:30,
T1-02685,R-21,21,2026-08-06 13:43,40,2026-08-06 14:26,+05:30,
T1-02686,R-21,21,2026-08-06 08:35,45,2026-08-06 09:27,+05:30,
T1-02687,R-21,21,2026-08-06 14:11,45,2026-08-06 14:56,+05:30,
T1-02688,R-21,21,2026-08-06 07:17,40,2026-08-06 07:57,+05:30,
T1-02689,R-21,21,2026-08-06 13:06,45,2026-08-06 13:58,+05:30,
T1-02690,R-21,21,2026-08-06 20:57,35,2026-08-06 21:37,+05:30,
T1-02691,R-21,21,2026-08-06 09:35,45,2026-08-06 10:21,+05:30,
T1-02692,R-21,21,2026-08-06 16:23,40,2026-08-06 17:04,+05:30,
T1-02693,R-21,21,2026-08-06 17:03,35,2026-08-06 17:40,+05:30,
T1-02694,R-21,21,2026-08-06 07:51,45,2026-08-06 08:41,+05:30,
T1-02695,R-21,21,2026-08-06 16:19,45,2026-08-06 17:12,+05:30,
T1-02696,R-21,21,2026-08-06 09:11,45,2026-08-06 09:50,+05:30,
T1-02697,R-21,21,2026-08-06 21:10,45,2026-08-06 21:05,+05:30,
T1-02698,R-21,21,2026-08-07 14:22,45,2026-08-07 15:07,+05:30,
T1-02699,R-21,21,2026-08-07 06:37,35,2026-08-07 07:15,+05:30,
T1-02700,R-21,21,2026-08-07 17:15,35,2026-08-07 17:56,+05:30,
T1-02701,R-21,21,2026-08-07 15:01,35,2026-08-07 15:37,+05:30,
T1-02702,R-21,21,2026-08-07 12:17,45,2026-08-07 13:06,+05:30,
T1-02703,R-21,21,2026-08-07 06:27,45,2026-08-07 07:18,+05:30,
T1-02704,R-21,21,2026-08-07 10:53,45,2026-08-07 11:36,+05:30,
T1-02705,R-21,21,2026-08-07 07:47,40,2026-08-07 08:22,+05:30,
T1-02706,R-21,21,2026-08-07 08:39,40,2026-08-07 09:24,+05:30,
T1-02707,R-21,21,2026-08-07 20:27,35,2026-08-07 21:00,+05:30,
T1-02708,R-21,21,2026-08-07 21:10,40,2026-08-07 21:47,+05:30,
T1-02709,R-21,21,2026-08-07 07:14,35,2026-08-07 07:55,+05:30,
T1-02710,R-21,21,2026-08-07 21:36,40,2026-08-07 22:11,+05:30,
T1-02711,R-21,21,2026-08-07 09:23,35,2026-08-07 09:58,+05:30,
T1-02712,R-21,21,2026-08-07 21:53,50,2026-08-07 22:46,+05:30,
T1-02713,R-21,21,2026-08-07 10:48,40,2026-08-07 11:30,+05:30,
T1-02714,R-21,21,2026-08-07 19:15,55,2026-08-07 20:11,+05:30,
T1-02715,R-21,21,2026-08-07 07:02,55,2026-08-07 07:55,+05:30,
T1-02716,R-21,21,2026-08-08 06:25,35,2026-08-08 07:05,+05:30,
T1-02717,R-21,21,2026-08-08 19:22,50,2026-08-08 20:10,+05:30,
T1-02718,R-21,21,2026-08-08 20:17,50,2026-08-08 21:11,+05:30,
T1-02719,R-21,21,2026-08-08 18:59,45,2026-08-08 19:53,+05:30,
T1-02720,R-21,21,2026-08-08 14:42,55,2026-08-08 15:42,+05:30,
T1-02721,R-21,21,2026-08-08 18:40,40,2026-08-08 19:28,+05:30,
T1-02722,R-21,21,2026-08-08 16:23,55,2026-08-08 17:27,+05:30,
T1-02723,R-21,21,2026-08-08 09:11,50,2026-08-08 10:04,+05:30,
T1-02724,R-21,21,2026-08-08 19:18,40,2026-08-08 20:05,+05:30,
T1-02725,R-21,21,2026-08-08 06:23,40,2026-08-08 06:59,+05:30,
T1-02726,R-21,21,2026-08-08 12:16,50,2026-08-08 13:12,+05:30,
T1-02727,R-21,21,2026-08-08 17:18,50,2026-08-08 18:16,+05:30,
T1-02728,R-21,21,2026-08-08 17:48,55,2026-08-08 18:43,+05:30,
T1-02729,R-21,21,2026-08-08 08:42,55,2026-08-08 09:38,+05:30,
T1-02730,R-21,21,2026-08-08 06:18,55,2026-08-08 06:13,+05:30,
T1-02731,R-21,21,2026-08-08 12:12,55,2026-08-08 13:10,+05:30,
T1-02732,R-21,21,2026-08-08 16:49,45,2026-08-08 17:37,+05:30,
T1-02733,R-21,21,2026-08-08 06:22,50,2026-08-08 07:09,+05:30,
T1-02734,R-21,21,2026-08-09 14:48,35,2026-08-09 15:22,+05:30,
T1-02735,R-21,21,2026-08-09 17:50,50,2026-08-09 18:41,+05:30,
T1-02736,R-21,21,2026-08-09 07:24,40,2026-08-09 08:03,+05:30,
T1-02737,R-21,21,2026-08-09 09:30,35,2026-08-09 10:05,+05:30,
T1-02738,R-21,21,2026-08-09 15:22,35,2026-08-09 15:54,+05:30,
T1-02739,R-21,21,2026-08-09 21:05,45,2026-08-09 21:54,+05:30,
T1-02740,R-21,21,2026-08-09 14:52,40,2026-08-09 15:39,+05:30,
T1-02741,R-21,21,2026-08-09 21:42,35,2026-08-09 22:19,+05:30,
T1-02742,R-21,21,2026-08-09 10:47,35,2026-08-09 11:19,+05:30,
T1-02743,R-21,21,2026-08-09 09:16,55,2026-08-09 10:16,+05:30,
T1-02744,R-21,21,2026-08-09 09:30,50,2026-08-09 10:20,+05:30,
T1-02745,R-21,21,2026-08-09 19:12,40,2026-08-09 19:54,+05:30,
T1-02746,R-21,21,2026-08-09 16:52,50,2026-08-09 17:49,+05:30,
T1-02747,R-21,21,2026-08-09 13:56,45,2026-08-09 14:39,+05:30,
T1-02748,R-21,21,2026-08-09 14:13,50,2026-08-09 15:09,+05:30,
T1-02749,R-21,21,2026-08-09 19:53,55,2026-08-09 20:43,+05:30,
T1-02750,R-21,21,2026-08-09 16:31,50,2026-08-09 17:24,+05:30,
T1-02751,R-21,21,2026-08-09 06:56,35,2026-08-09 07:30,+05:30,
T1-02752,R-22,22,2026-08-03 12:01,40,2026-08-03 12:35,+05:30,
T1-02753,R-22,22,2026-08-03 14:51,55,2026-08-03 15:52,+05:30,
T1-02754,R-22,22,2026-08-03 14:59,35,2026-08-03 15:31,+05:30,
T1-02755,R-22,22,2026-08-03 08:24,40,2026-08-03 09:09,+05:30,
T1-02756,R-22,22,2026-08-03 18:13,45,2026-08-03 18:48,+05:30,
T1-02757,R-22,22,2026-08-03 10:39,35,2026-08-03 11:15,+05:30,
T1-02758,R-22,22,2026-08-03 18:33,55,2026-08-03 19:32,+05:30,
T1-02759,R-22,22,2026-08-03 15:27,55,2026-08-03 16:22,+05:30,
T1-02760,R-22,22,2026-08-03 16:02,40,2026-08-03 16:44,+05:30,
T1-02761,R-22,22,2026-08-03 20:43,55,2026-08-03 21:40,+05:30,
T1-02762,R-22,22,2026-08-03 12:26,50,2026-08-03 13:10,+05:30,
T1-02763,R-22,22,2026-08-03 15:16,45,2026-08-03 16:05,+05:30,
T1-02764,R-22,22,2026-08-03 21:03,55,2026-08-03 21:59,+05:30,
T1-02765,R-22,22,2026-08-03 06:36,45,2026-08-03 07:17,+05:30,
T1-02766,R-22,22,2026-08-03 15:14,50,2026-08-03 16:04,+05:30,
T1-02767,R-22,22,2026-08-03 20:34,55,2026-08-03 21:36,+05:30,
T1-02768,R-22,22,2026-08-04 13:38,45,2026-08-04 14:27,+05:30,
T1-02769,R-22,22,2026-08-04 16:25,55,2026-08-04 17:18,+05:30,
T1-02770,R-22,22,2026-08-04 16:57,55,2026-08-04 17:51,+05:30,
T1-02771,R-22,22,2026-08-04 14:10,50,2026-08-04 15:03,+05:30,
T1-02772,R-22,22,2026-08-04 10:58,55,2026-08-04 11:53,+05:30,
T1-02773,R-22,22,2026-08-04 12:23,55,2026-08-04 13:20,+05:30,
T1-02774,R-22,22,2026-08-04 12:19,35,2026-08-04 12:55,+05:30,
T1-02775,R-22,22,2026-08-04 07:16,40,2026-08-04 07:59,+05:30,
T1-02776,R-22,22,2026-08-04 18:49,35,2026-08-04 19:21,+05:30,
T1-02777,R-22,22,2026-08-04 06:24,35,2026-08-04 07:02,+05:30,
T1-02778,R-22,22,2026-08-04 06:59,55,2026-08-04 07:56,+05:30,
T1-02779,R-22,22,2026-08-04 19:21,55,2026-08-04 20:14,+05:30,
T1-02780,R-22,22,2026-08-04 07:54,45,2026-08-04 08:34,+05:30,
T1-02781,R-22,22,2026-08-04 18:57,45,2026-08-04 19:48,+05:30,
T1-02782,R-22,22,2026-08-04 09:51,55,2026-08-04 10:50,+05:30,
T1-02783,R-22,22,2026-08-04 21:07,40,2026-08-04 21:47,+05:30,
T1-02784,R-22,22,2026-08-05 17:59,45,2026-08-05 18:37,+05:30,
T1-02785,R-22,22,2026-08-05 16:10,40,2026-08-05 16:54,+05:30,
T1-02786,R-22,22,2026-08-05 17:52,35,2026-08-05 18:30,+05:30,
T1-02787,R-22,22,2026-08-05 15:04,55,2026-08-05 16:02,+05:30,
T1-02788,R-22,22,2026-08-05 08:15,50,2026-08-05 09:08,+05:30,
T1-02789,R-22,22,2026-08-05 21:58,55,2026-08-05 23:04,+05:30,
T1-02790,R-22,22,2026-08-05 09:03,55,2026-08-05 10:01,+05:30,
T1-02791,R-22,22,2026-08-05 21:59,40,2026-08-05 22:41,+05:30,
T1-02792,R-22,22,2026-08-05 21:31,55,2026-08-05 22:28,+05:30,
T1-02793,R-22,22,2026-08-05 11:45,45,2026-08-05 12:30,+05:30,
T1-02794,R-22,22,2026-08-05 09:44,55,2026-08-05 10:45,+05:30,
T1-02795,R-22,22,2026-08-05 19:53,35,2026-08-05 20:32,+05:30,
T1-02796,R-22,22,2026-08-05 15:54,45,2026-08-05 16:40,+05:30,
T1-02797,R-22,22,2026-08-05 07:42,50,2026-08-05 08:35,+05:30,
T1-02798,R-22,22,2026-08-05 20:21,55,2026-08-05 21:27,+05:30,
T1-02799,R-22,22,2026-08-05 09:05,50,2026-08-05 09:52,+05:30,
T1-02800,R-22,22,2026-08-06 20:02,50,2026-08-06 20:57,+05:30,
T1-02801,R-22,22,2026-08-06 18:20,50,2026-08-06 19:09,+05:30,
T1-02802,R-22,22,2026-08-06 13:44,45,2026-08-06 14:25,+05:30,
T1-02803,R-22,22,2026-08-06 14:39,55,2026-08-06 15:41,+05:30,
T1-02804,R-22,22,2026-08-06 12:54,55,2026-08-06 13:55,+05:30,
T1-02805,R-22,22,2026-08-06 12:21,40,2026-08-06 13:01,+05:30,
T1-02806,R-22,22,2026-08-06 18:28,40,2026-08-06 19:15,+05:30,
T1-02807,R-22,22,2026-08-06 21:24,35,2026-08-06 21:59,+05:30,
T1-02808,R-22,22,2026-08-06 11:55,55,2026-08-06 12:56,+05:30,
T1-02809,R-22,22,2026-08-06 19:56,45,2026-08-06 20:43,+05:30,
T1-02810,R-22,22,2026-08-06 17:02,50,2026-08-06 18:00,+05:30,
T1-02811,R-22,22,2026-08-06 14:24,50,2026-08-06 15:16,+05:30,
T1-02812,R-22,22,2026-08-06 11:40,50,2026-08-06 12:35,+05:30,
T1-02813,R-22,22,2026-08-06 14:04,40,2026-08-06 14:49,+05:30,
T1-02814,R-22,22,2026-08-06 12:24,55,2026-08-06 13:17,+05:30,
T1-02815,R-22,22,2026-08-06 17:13,40,2026-08-06 17:49,+05:30,
T1-02816,R-22,22,2026-08-07 20:47,40,2026-08-07 21:32,+05:30,
T1-02817,R-22,22,2026-08-07 11:39,55,2026-08-07 12:31,+05:30,
T1-02818,R-22,22,2026-08-07 16:00,50,2026-08-07 16:48,+05:30,
T1-02819,R-22,22,2026-08-07 21:04,45,2026-08-07 21:51,+05:30,
T1-02820,R-22,22,2026-08-07 12:53,45,2026-08-07 13:44,+05:30,
T1-02821,R-22,22,2026-08-07 08:12,50,2026-08-07 09:03,+05:30,
T1-02822,R-22,22,2026-08-07 20:43,55,2026-08-07 21:36,+05:30,
T1-02823,R-22,22,2026-08-07 07:35,50,2026-08-07 08:36,+05:30,
T1-02824,R-22,22,2026-08-07 13:02,35,2026-08-07 13:42,+05:30,
T1-02825,R-22,22,2026-08-07 15:32,55,2026-08-07 16:29,+05:30,
T1-02826,R-22,22,2026-08-07 11:05,55,2026-08-07 12:06,+05:30,
T1-02827,R-22,22,2026-08-07 17:14,45,2026-08-07 17:55,+05:30,
T1-02828,R-22,22,2026-08-07 09:42,50,2026-08-07 10:34,+05:30,
T1-02829,R-22,22,2026-08-07 18:01,35,2026-08-07 18:38,+05:30,
T1-02830,R-22,22,2026-08-07 13:18,50,2026-08-07 14:04,+05:30,
T1-02831,R-22,22,2026-08-07 09:43,50,2026-08-07 10:37,+05:30,
T1-02832,R-22,22,2026-08-08 21:10,55,2026-08-08 22:05,+05:30,
T1-02833,R-22,22,2026-08-08 17:03,55,2026-08-08 18:00,+05:30,
T1-02834,R-22,22,2026-08-08 10:34,45,2026-08-08 11:23,+05:30,
T1-02835,R-22,22,2026-08-08 18:57,40,2026-08-08 19:45,+05:30,
T1-02836,R-22,22,2026-08-08 13:37,45,2026-08-08 14:18,+05:30,
T1-02837,R-22,22,2026-08-08 07:51,45,2026-08-08 08:38,+05:30,
T1-02838,R-22,22,2026-08-08 07:20,50,2026-08-08 08:18,+05:30,
T1-02839,R-22,22,2026-08-08 20:26,50,2026-08-08 21:16,+05:30,
T1-02840,R-22,22,2026-08-08 14:40,50,2026-08-08 15:37,+05:30,
T1-02841,R-22,22,2026-08-08 19:30,55,2026-08-08 20:23,+05:30,
T1-02842,R-22,22,2026-08-08 13:30,50,2026-08-08 14:23,+05:30,
T1-02843,R-22,22,2026-08-08 18:05,55,2026-08-08 19:04,+05:30,
T1-02844,R-22,22,2026-08-08 14:58,35,2026-08-08 15:34,+05:30,
T1-02845,R-22,22,2026-08-08 08:22,40,2026-08-08 09:04,+05:30,
T1-02846,R-22,22,2026-08-08 07:13,35,2026-08-08 07:52,+05:30,
T1-02847,R-22,22,2026-08-08 16:46,50,2026-08-08 17:37,+05:30,
T1-02848,R-22,22,2026-08-09 16:44,50,2026-08-09 17:28,+05:30,
T1-02849,R-22,22,2026-08-09 07:56,40,2026-08-09 08:36,+05:30,
T1-02850,R-22,22,2026-08-09 17:44,35,2026-08-09 18:24,+05:30,
T1-02851,R-22,22,2026-08-09 07:03,50,2026-08-09 07:54,+05:30,
T1-02852,R-22,22,2026-08-09 10:11,45,2026-08-09 10:57,+05:30,
T1-02853,R-22,22,2026-08-09 16:13,55,2026-08-09 17:10,+05:30,
T1-02854,R-22,22,2026-08-09 21:24,35,2026-08-09 22:01,+05:30,
T1-02855,R-22,22,2026-08-09 17:25,55,2026-08-09 18:25,+05:30,
T1-02856,R-22,22,2026-08-09 16:08,50,2026-08-09 16:57,+05:30,
T1-02857,R-22,22,2026-08-09 21:36,50,2026-08-09 22:28,+05:30,
T1-02858,R-22,22,2026-08-09 18:18,40,2026-08-09 19:00,+05:30,
T1-02859,R-22,22,2026-08-09 13:32,45,2026-08-09 14:20,+05:30,
T1-02860,R-22,22,2026-08-09 17:38,35,2026-08-09 18:17,+05:30,
T1-02861,R-22,22,2026-08-09 19:47,50,2026-08-09 20:34,+05:30,
T1-02862,R-22,22,2026-08-09 10:10,55,2026-08-09 11:11,+05:30,
T1-02863,R-22,22,2026-08-09 10:22,35,2026-08-09 11:01,+05:30,
T1-02864,R-23,23,2026-08-03 06:14,50,2026-08-03 01:32,+00:00,
T1-02865,R-23,23,2026-08-03 12:33,40,2026-08-03 13:13,+05:30,
T1-02866,R-23,23,2026-08-03 16:09,40,2026-08-03 16:53,+05:30,
T1-02867,R-23,23,2026-08-03 15:40,50,2026-08-03 16:32,+05:30,
T1-02868,R-23,23,2026-08-03 09:00,40,2026-08-03 09:45,+05:30,
T1-02869,R-23,23,2026-08-03 15:05,50,2026-08-03 15:58,+05:30,
T1-02870,R-23,23,2026-08-03 09:36,55,2026-08-03 10:28,+05:30,
T1-02871,R-23,23,2026-08-03 09:50,35,2026-08-03 10:28,+05:30,
T1-02872,R-23,23,2026-08-03 10:05,40,2026-08-03 10:48,+05:30,
T1-02873,R-23,23,2026-08-03 09:14,35,2026-08-03 09:50,+05:30,
T1-02874,R-23,23,2026-08-03 17:17,35,2026-08-03 17:55,+05:30,
T1-02875,R-23,23,2026-08-03 15:29,55,2026-08-03 16:31,+05:30,
T1-02876,R-23,23,2026-08-03 07:26,50,2026-08-03 08:15,+05:30,
T1-02877,R-23,23,2026-08-03 07:57,55,2026-08-03 08:53,+05:30,
T1-02878,R-23,23,2026-08-03 18:35,40,2026-08-03 19:19,+05:30,
T1-02879,R-23,23,2026-08-03 14:33,50,2026-08-03 15:22,+05:30,
T1-02880,R-23,23,2026-08-03 12:42,45,2026-08-03 13:21,+05:30,
T1-02881,R-23,23,2026-08-03 14:46,35,2026-08-03 15:22,+05:30,
T1-02882,R-23,23,2026-08-03 20:11,35,2026-08-03 20:43,+05:30,
T1-02883,R-23,23,2026-08-04 06:38,45,2026-08-04 07:23,+05:30,
T1-02884,R-23,23,2026-08-04 07:56,45,2026-08-04 08:44,+05:30,
T1-02885,R-23,23,2026-08-04 14:48,40,2026-08-04 15:27,+05:30,
T1-02886,R-23,23,2026-08-04 07:23,35,2026-08-04 07:58,+05:30,
T1-02887,R-23,23,2026-08-04 07:03,45,2026-08-04 07:49,+05:30,
T1-02888,R-23,23,2026-08-04 21:19,45,2026-08-04 22:09,+05:30,
T1-02889,R-23,23,2026-08-04 07:10,55,2026-08-04 08:07,+05:30,
T1-02890,R-23,23,2026-08-04 07:01,55,2026-08-04 07:54,+05:30,
T1-02891,R-23,23,2026-08-04 06:46,50,2026-08-04 07:30,+05:30,
T1-02892,R-23,23,2026-08-04 11:06,55,2026-08-04 11:52,+05:30,
T1-02893,R-23,23,2026-08-04 21:39,40,2026-08-04 22:21,+05:30,
T1-02894,R-23,23,2026-08-04 06:45,40,2026-08-04 07:30,+05:30,
T1-02895,R-23,23,2026-08-04 18:16,50,2026-08-04 19:03,+05:30,
T1-02896,R-23,23,2026-08-04 08:14,50,2026-08-04 09:05,+05:30,
T1-02897,R-23,23,2026-08-04 12:11,50,2026-08-04 12:56,+05:30,
T1-02898,R-23,23,2026-08-04 09:32,50,2026-08-04 10:26,+05:30,
T1-02899,R-23,23,2026-08-04 11:58,55,2026-08-04 12:56,+05:30,
T1-02900,R-23,23,2026-08-04 14:58,50,2026-08-04 15:47,+05:30,
T1-02901,R-23,23,2026-08-04 21:47,40,2026-08-04 22:23,+05:30,
T1-02902,R-23,23,2026-08-05 20:56,50,2026-08-05 21:47,+05:30,
T1-02903,R-23,23,2026-08-05 06:55,45,2026-08-05 07:40,+05:30,
T1-02904,R-23,23,2026-08-05 16:56,50,2026-08-05 17:44,+05:30,
T1-02905,R-23,23,2026-08-05 17:22,35,2026-08-05 17:57,+05:30,
T1-02906,R-23,23,2026-08-05 10:53,50,2026-08-05 11:47,+05:30,
T1-02907,R-23,23,2026-08-05 12:38,50,2026-08-05 13:30,+05:30,
T1-02908,R-23,23,2026-08-05 10:39,55,2026-08-05 11:28,+05:30,
T1-02909,R-23,23,2026-08-05 11:18,55,2026-08-05 12:06,+05:30,
T1-02910,R-23,23,2026-08-05 15:59,45,2026-08-05 16:46,+05:30,
T1-02911,R-23,23,2026-08-05 11:42,55,2026-08-05 12:37,+05:30,
T1-02912,R-23,23,2026-08-05 14:15,45,2026-08-05 14:59,+05:30,
T1-02913,R-23,23,2026-08-05 18:25,40,2026-08-05 19:06,+05:30,
T1-02914,R-23,23,2026-08-05 08:23,45,2026-08-05 09:10,+05:30,
T1-02915,R-23,23,2026-08-05 15:40,55,2026-08-05 16:37,+05:30,
T1-02916,R-23,23,2026-08-05 12:52,40,2026-08-05 13:39,+05:30,
T1-02917,R-23,23,2026-08-05 07:52,40,2026-08-05 08:36,+05:30,
T1-02918,R-23,23,2026-08-05 15:37,55,2026-08-05 16:32,+05:30,
T1-02919,R-23,23,2026-08-05 12:57,50,2026-08-05 13:47,+05:30,
T1-02920,R-23,23,2026-08-05 19:08,35,2026-08-05 19:41,+05:30,
T1-02921,R-23,23,2026-08-06 14:15,35,2026-08-06 14:48,+05:30,
T1-02922,R-23,23,2026-08-06 09:17,45,2026-08-06 10:06,+05:30,
T1-02923,R-23,23,2026-08-06 18:33,50,2026-08-06 19:23,+05:30,
T1-02924,R-23,23,2026-08-06 16:20,40,2026-08-06 16:53,+05:30,
T1-02925,R-23,23,2026-08-06 08:47,35,2026-08-06 09:22,+05:30,
T1-02926,R-23,23,2026-08-06 10:17,45,2026-08-06 11:08,+05:30,
T1-02927,R-23,23,2026-08-06 15:16,50,2026-08-06 16:03,+05:30,
T1-02928,R-23,23,2026-08-06 14:08,40,2026-08-06 14:52,+05:30,
T1-02929,R-23,23,2026-08-06 09:50,40,2026-08-06 10:36,+05:30,
T1-02930,R-23,23,2026-08-06 19:06,50,2026-08-06 08:60,+05:30,
T1-02931,R-23,23,2026-08-06 14:35,50,2026-08-06 15:24,+05:30,
T1-02932,R-23,23,2026-08-06 09:35,35,2026-08-06 10:10,+05:30,
T1-02933,R-23,23,2026-08-06 12:25,50,2026-08-06 13:17,+05:30,
T1-02934,R-23,23,2026-08-06 06:32,40,2026-08-06 07:08,+05:30,
T1-02935,R-23,23,2026-08-06 10:23,55,2026-08-06 11:19,+05:30,
T1-02936,R-23,23,2026-08-06 06:35,35,2026-08-06 07:13,+05:30,
T1-02937,R-23,23,2026-08-06 21:23,50,2026-08-06 22:09,+05:30,
T1-02938,R-23,23,2026-08-06 12:29,50,2026-08-06 13:25,+05:30,
T1-02939,R-23,23,2026-08-06 15:05,50,2026-08-06 15:53,+05:30,
T1-02940,R-23,23,2026-08-07 09:50,55,2026-08-07 10:44,+05:30,
T1-02941,R-23,23,2026-08-07 06:56,40,2026-08-07 07:34,+05:30,
T1-02942,R-23,23,2026-08-07 13:52,55,2026-08-07 14:43,+05:30,
T1-02943,R-23,23,2026-08-07 12:43,45,2026-08-07 13:22,+05:30,
T1-02944,R-23,23,2026-08-07 15:16,55,2026-08-07 16:01,+05:30,
T1-02945,R-23,23,2026-08-07 21:12,45,2026-08-07 22:05,+05:30,
T1-02946,R-23,23,2026-08-07 21:07,35,2026-08-07 21:39,+05:30,
T1-02947,R-23,23,2026-08-07 07:43,45,2026-08-07 08:26,+05:30,
T1-02948,R-23,23,2026-08-07 06:45,45,2026-08-07 07:28,+05:30,
T1-02949,R-23,23,2026-08-07 21:11,45,2026-08-07 21:54,+05:30,
T1-02950,R-23,23,2026-08-07 08:59,40,2026-08-07 09:39,+05:30,
T1-02951,R-23,23,2026-08-07 17:56,45,2026-08-07 18:42,+05:30,
T1-02952,R-23,23,2026-08-07 06:59,55,2026-08-07 07:52,+05:30,
T1-02953,R-23,23,2026-08-07 20:28,40,2026-08-07 21:08,+05:30,
T1-02954,R-23,23,2026-08-07 15:39,45,2026-08-07 16:20,+05:30,
T1-02955,R-23,23,2026-08-07 20:43,35,2026-08-07 21:15,+05:30,
T1-02956,R-23,23,2026-08-07 15:17,50,2026-08-07 16:00,+05:30,
T1-02957,R-23,23,2026-08-07 12:27,35,2026-08-07 12:59,+05:30,
T1-02958,R-23,23,2026-08-07 21:16,40,2026-08-07 21:58,+05:30,
T1-02959,R-23,23,2026-08-08 16:49,55,2026-08-08 17:47,+05:30,
T1-02960,R-23,23,2026-08-08 13:14,45,2026-08-08 13:59,+05:30,
T1-02961,R-23,23,2026-08-08 07:45,35,2026-08-08 08:29,+05:30,
T1-02962,R-23,23,2026-08-08 08:23,45,2026-08-08 09:02,+05:30,
T1-02963,R-23,23,2026-08-08 18:21,50,2026-08-08 19:08,+05:30,
T1-02964,R-23,23,2026-08-08 06:10,35,2026-08-08 06:46,+05:30,
T1-02965,R-23,23,2026-08-08 20:08,35,2026-08-08 20:43,+05:30,
T1-02966,R-23,23,2026-08-08 20:27,40,2026-08-08 21:11,+05:30,
T1-02967,R-23,23,2026-08-08 10:35,40,2026-08-08 11:16,+05:30,
T1-02968,R-23,23,2026-08-08 07:18,55,2026-08-08 08:18,+05:30,
T1-02969,R-23,23,2026-08-08 06:07,50,2026-08-08 07:01,+05:30,
T1-02970,R-23,23,2026-08-08 06:08,45,2026-08-08 06:52,+05:30,
T1-02971,R-23,23,2026-08-08 17:15,50,2026-08-08 18:03,+05:30,
T1-02972,R-23,23,2026-08-08 06:33,55,2026-08-08 07:28,+05:30,
T1-02973,R-23,23,2026-08-08 20:40,45,2026-08-08 21:20,+05:30,
T1-02974,R-23,23,2026-08-08 08:06,50,2026-08-08 09:01,+05:30,
T1-02975,R-23,23,2026-08-08 11:18,50,2026-08-08 12:06,+05:30,
T1-02976,R-23,23,2026-08-08 11:20,40,2026-08-08 12:01,+05:30,
T1-02977,R-23,23,2026-08-08 16:43,35,2026-08-08 17:14,+05:30,
T1-02978,R-23,23,2026-08-09 11:43,50,2026-08-09 12:29,+05:30,
T1-02979,R-23,23,2026-08-09 18:27,55,2026-08-09 19:22,+05:30,
T1-02980,R-23,23,2026-08-09 08:34,45,2026-08-09 09:24,+05:30,
T1-02981,R-23,23,2026-08-09 17:45,50,2026-08-09 18:39,+05:30,
T1-02982,R-23,23,2026-08-09 20:44,40,2026-08-09 21:22,+05:30,
T1-02983,R-23,23,2026-08-09 14:38,55,2026-08-09 15:29,+05:30,
T1-02984,R-23,23,2026-08-09 06:54,35,2026-08-09 07:30,+05:30,
T1-02985,R-23,23,2026-08-09 16:59,40,2026-08-09 17:43,+05:30,
T1-02986,R-23,23,2026-08-09 08:56,40,2026-08-09 09:33,+05:30,
T1-02987,R-23,23,2026-08-09 10:52,50,2026-08-09 11:41,+05:30,
T1-02988,R-23,23,2026-08-09 07:29,55,2026-08-09 08:28,+05:30,
T1-02989,R-23,23,2026-08-09 15:26,50,2026-08-09 16:13,+05:30,
T1-02990,R-23,23,2026-08-09 07:10,45,2026-08-09 08:00,+05:30,
T1-02991,R-23,23,2026-08-09 15:23,40,2026-08-09 15:59,+05:30,
T1-02992,R-23,23,2026-08-09 09:44,45,2026-08-09 10:26,+05:30,
T1-02993,R-23,23,2026-08-09 15:50,50,2026-08-09 16:44,+05:30,
T1-02994,R-23,23,2026-08-09 21:38,55,2026-08-09 22:37,+05:30,
T1-02995,R-23,23,2026-08-09 14:25,40,2026-08-09 15:11,+05:30,
T1-02996,R-23,23,2026-08-09 17:07,55,2026-08-09 18:01,+05:30,
T1-02997,R-24,24,2026-08-03 20:50,35,2026-08-03 21:18,+05:30,
T1-02998,R-24,24,2026-08-03 18:22,40,2026-08-03 19:03,+05:30,
T1-02999,R-24,24,2026-08-03 07:37,45,2026-08-03 08:25,+05:30,
T1-03000,R-24,24,2026-08-03 07:06,55,2026-08-03 08:01,+05:30,
T1-03001,R-24,24,2026-08-03 20:53,55,2026-08-03 21:48,+05:30,
T1-03002,R-24,24,2026-08-03 17:12,45,2026-08-03 17:55,+05:30,
T1-03003,R-24,24,2026-08-03 20:24,40,2026-08-03 20:59,+05:30,
T1-03004,R-24,24,2026-08-03 12:09,45,2026-08-03 12:56,+05:30,
T1-03005,R-24,24,2026-08-03 11:20,55,2026-08-03 12:17,+05:30,
T1-03006,R-24,24,2026-08-03 10:49,35,2026-08-03 11:30,+05:30,
T1-03007,R-24,24,2026-08-03 11:43,40,2026-08-03 12:29,+05:30,
T1-03008,R-24,24,2026-08-03 14:32,35,2026-08-03 15:08,+05:30,
T1-03009,R-24,24,2026-08-03 09:03,45,2026-08-03 09:49,+05:30,
T1-03010,R-24,24,2026-08-03 16:37,40,2026-08-03 17:18,+05:30,
T1-03011,R-24,24,2026-08-03 09:52,35,2026-08-03 10:29,+05:30,
T1-03012,R-24,24,2026-08-03 16:21,45,2026-08-03 17:03,+05:30,
T1-03013,R-24,24,2026-08-03 09:02,50,2026-08-03 09:50,+05:30,
T1-03014,R-24,24,2026-08-03 20:07,55,2026-08-03 21:06,+05:30,
T1-03015,R-24,24,2026-08-03 16:35,40,2026-08-03 17:24,+05:30,
T1-03016,R-24,24,2026-08-03 11:31,45,2026-08-03 12:15,+05:30,
T1-03017,R-24,24,2026-08-03 19:46,35,2026-08-03 20:25,+05:30,
T1-03018,R-24,24,2026-08-04 18:44,40,2026-08-04 19:27,+05:30,
T1-03019,R-24,24,2026-08-04 11:45,50,2026-08-04 12:32,+05:30,
T1-03020,R-24,24,2026-08-04 16:35,40,2026-08-04 17:18,+05:30,
T1-03021,R-24,24,2026-08-04 20:12,55,2026-08-04 21:07,+05:30,
T1-03022,R-24,24,2026-08-04 07:04,55,2026-08-04 07:59,+05:30,
T1-03023,R-24,24,2026-08-04 07:31,50,2026-08-04 08:15,+05:30,
T1-03024,R-24,24,2026-08-04 06:14,50,2026-08-04 07:00,+05:30,
T1-03025,R-24,24,2026-08-04 15:26,40,2026-08-04 16:04,+05:30,
T1-03026,R-24,24,2026-08-04 17:59,50,2026-08-04 18:46,+05:30,
T1-03027,R-24,24,2026-08-04 16:21,50,2026-08-04 17:16,+05:30,
T1-03028,R-24,24,2026-08-04 07:33,45,2026-08-04 08:23,+05:30,
T1-03029,R-24,24,2026-08-04 08:25,45,2026-08-04 09:09,+05:30,
T1-03030,R-24,24,2026-08-04 15:42,55,2026-08-04 16:32,+05:30,
T1-03031,R-24,24,2026-08-04 09:33,50,2026-08-04 10:23,+05:30,
T1-03032,R-24,24,2026-08-04 12:51,50,2026-08-04 13:43,+05:30,
T1-03033,R-24,24,2026-08-04 21:44,45,2026-08-04 22:28,+05:30,
T1-03034,R-24,24,2026-08-04 16:17,55,2026-08-04 17:13,+05:30,
T1-03035,R-24,24,2026-08-04 10:55,45,2026-08-04 11:40,+05:30,
T1-03036,R-24,24,2026-08-04 11:48,45,2026-08-04 12:26,+05:30,
T1-03037,R-24,24,2026-08-04 17:01,40,2026-08-04 17:40,+05:30,
T1-03038,R-24,24,2026-08-04 19:02,50,2026-08-04 19:52,+05:30,
T1-03039,R-24,24,2026-08-05 15:10,40,2026-08-05 15:49,+05:30,
T1-03040,R-24,24,2026-08-05 06:58,35,2026-08-05 07:33,+05:30,
T1-03041,R-24,24,2026-08-05 12:47,35,2026-08-05 13:22,+05:30,
T1-03042,R-24,24,2026-08-05 07:51,40,2026-08-05 08:31,+05:30,
T1-03043,R-24,24,2026-08-05 13:14,45,2026-08-05 13:54,+05:30,
T1-03044,R-24,24,2026-08-05 09:53,35,2026-08-05 10:20,+05:30,
T1-03045,R-24,24,2026-08-05 15:23,50,2026-08-05 16:14,+05:30,
T1-03046,R-24,24,2026-08-05 06:34,55,2026-08-05 07:29,+05:30,
T1-03047,R-24,24,2026-08-05 15:20,35,2026-08-05 15:53,+05:30,
T1-03048,R-24,24,2026-08-05 19:22,40,2026-08-05 20:06,+05:30,
T1-03049,R-24,24,2026-08-05 16:51,40,2026-08-05 17:32,+05:30,
T1-03050,R-24,24,2026-08-05 21:00,40,2026-08-05 21:38,+05:30,
T1-03051,R-24,24,2026-08-05 19:13,50,2026-08-05 20:06,+05:30,
T1-03052,R-24,24,2026-08-05 19:22,35,2026-08-05 20:01,+05:30,
T1-03053,R-24,24,2026-08-05 19:01,45,2026-08-05 19:47,+05:30,
T1-03054,R-24,24,2026-08-05 07:01,50,2026-08-05 07:57,+05:30,
T1-03055,R-24,24,2026-08-05 11:59,45,2026-08-05 12:45,+05:30,
T1-03056,R-24,24,2026-08-05 19:05,50,2026-08-05 19:55,+05:30,
T1-03057,R-24,24,2026-08-05 15:08,45,2026-08-05 15:46,+05:30,
T1-03058,R-24,24,2026-08-05 19:04,45,2026-08-05 19:52,+05:30,
T1-03059,R-24,24,2026-08-05 07:32,35,2026-08-05 08:13,+05:30,
T1-03060,R-24,24,2026-08-06 12:49,55,2026-08-06 13:47,+05:30,
T1-03061,R-24,24,2026-08-06 11:52,50,2026-08-06 12:44,+05:30,
T1-03062,R-24,24,2026-08-06 13:35,35,2026-08-06 14:09,+05:30,
T1-03063,R-24,24,2026-08-06 16:07,35,2026-08-06 16:44,+05:30,
T1-03064,R-24,24,2026-08-06 08:45,50,2026-08-06 09:35,+05:30,
T1-03065,R-24,24,2026-08-06 18:28,50,2026-08-06 19:17,+05:30,
T1-03066,R-24,24,2026-08-06 13:59,55,2026-08-06 14:50,+05:30,
T1-03067,R-24,24,2026-08-06 13:46,55,2026-08-06 14:41,+05:30,
T1-03068,R-24,24,2026-08-06 21:59,40,2026-08-06 22:44,+05:30,
T1-03069,R-24,24,2026-08-06 07:12,35,2026-08-06 07:49,+05:30,
T1-03070,R-24,24,2026-08-06 13:39,55,2026-08-06 14:32,+05:30,
T1-03071,R-24,24,2026-08-06 21:47,35,2026-08-06 22:21,+05:30,
T1-03072,R-24,24,2026-08-06 18:38,35,2026-08-06 19:09,+05:30,
T1-03073,R-24,24,2026-08-06 07:00,40,2026-08-06 07:51,+05:30,
T1-03074,R-24,24,2026-08-06 07:03,55,2026-08-06 07:59,+05:30,
T1-03075,R-24,24,2026-08-06 18:36,55,2026-08-06 19:29,+05:30,
T1-03076,R-24,24,2026-08-06 21:58,45,2026-08-06 22:40,+05:30,
T1-03077,R-24,24,2026-08-06 16:13,45,2026-08-06 16:56,+05:30,
T1-03078,R-24,24,2026-08-06 09:04,35,2026-08-06 09:38,+05:30,
T1-03079,R-24,24,2026-08-06 13:00,55,2026-08-06 13:56,+05:30,
T1-03080,R-24,24,2026-08-06 21:09,50,2026-08-06 21:56,+05:30,
T1-03081,R-24,24,2026-08-07 16:56,35,2026-08-07 17:33,+05:30,
T1-03082,R-24,24,2026-08-07 21:02,55,2026-08-07 21:59,+05:30,
T1-03083,R-24,24,2026-08-07 12:36,50,2026-08-07 13:32,+05:30,
T1-03084,R-24,24,2026-08-07 17:35,40,2026-08-07 18:13,+05:30,
T1-03085,R-24,24,2026-08-07 11:45,55,2026-08-07 12:41,+05:30,
T1-03086,R-24,24,2026-08-07 19:52,50,2026-08-07 20:53,+05:30,
T1-03087,R-24,24,2026-08-07 08:10,35,2026-08-07 08:54,+05:30,
T1-03088,R-24,24,2026-08-07 17:25,35,2026-08-07 18:00,+05:30,
T1-03089,R-24,24,2026-08-07 16:28,40,2026-08-07 17:10,+05:30,
T1-03090,R-24,24,2026-08-07 16:04,35,2026-08-07 16:38,+05:30,
T1-03091,R-24,24,2026-08-07 10:31,35,2026-08-07 11:12,+05:30,
T1-03092,R-24,24,2026-08-07 12:43,50,2026-08-07 13:33,+05:30,
T1-03093,R-24,24,2026-08-07 19:15,40,2026-08-07 20:00,+05:30,
T1-03094,R-24,24,2026-08-07 20:04,55,2026-08-07 21:05,+05:30,
T1-03095,R-24,24,2026-08-07 17:37,55,2026-08-07 18:38,+05:30,
T1-03096,R-24,24,2026-08-07 10:21,40,2026-08-07 10:57,+05:30,
T1-03097,R-24,24,2026-08-07 07:23,50,2026-08-07 08:13,+05:30,
T1-03098,R-24,24,2026-08-07 16:51,50,2026-08-07 17:45,+05:30,
T1-03099,R-24,24,2026-08-07 21:52,35,2026-08-07 22:26,+05:30,
T1-03100,R-24,24,2026-08-07 17:33,35,2026-08-07 18:09,+05:30,
T1-03101,R-24,24,2026-08-07 14:43,45,2026-08-07 15:28,+05:30,
T1-03102,R-24,24,2026-08-08 13:48,50,2026-08-08 14:43,+05:30,
T1-03103,R-24,24,2026-08-08 20:30,35,2026-08-08 21:15,+05:30,
T1-03104,R-24,24,2026-08-08 06:48,40,2026-08-08 07:28,+05:30,
T1-03105,R-24,24,2026-08-08 13:21,55,2026-08-08 14:19,+05:30,
T1-03106,R-24,24,2026-08-08 08:59,55,2026-08-08 09:49,+05:30,
T1-03107,R-24,24,2026-08-08 11:13,35,2026-08-08 11:52,+05:30,
T1-03108,R-24,24,2026-08-08 19:19,35,2026-08-08 19:56,+05:30,
T1-03109,R-24,24,2026-08-08 18:55,50,2026-08-08 19:43,+05:30,
T1-03110,R-24,24,2026-08-08 17:40,35,2026-08-08 18:12,+05:30,
T1-03111,R-24,24,2026-08-08 13:50,55,2026-08-08 14:46,+05:30,
T1-03112,R-24,24,2026-08-08 17:27,50,2026-08-08 18:19,+05:30,
T1-03113,R-24,24,2026-08-08 06:03,40,2026-08-08 06:45,+05:30,
T1-03114,R-24,24,2026-08-08 13:36,50,2026-08-08 14:24,+05:30,
T1-03115,R-24,24,2026-08-08 14:25,40,2026-08-08 15:09,+05:30,
T1-03116,R-24,24,2026-08-08 06:18,45,2026-08-08 07:04,+05:30,
T1-03117,R-24,24,2026-08-08 06:13,40,2026-08-08 06:50,+05:30,
T1-03118,R-24,24,2026-08-08 20:50,50,2026-08-08 21:43,+05:30,
T1-03119,R-24,24,2026-08-08 10:26,45,2026-08-08 11:12,+05:30,
T1-03120,R-24,24,2026-08-08 07:35,40,2026-08-08 08:13,+05:30,
T1-03121,R-24,24,2026-08-08 20:30,55,2026-08-08 21:29,+05:30,
T1-03122,R-24,24,2026-08-08 12:41,35,2026-08-08 13:31,+05:30,
T1-03123,R-24,24,2026-08-09 20:35,35,2026-08-09 21:11,+05:30,
T1-03124,R-24,24,2026-08-09 13:36,50,2026-08-09 14:29,+05:30,
T1-03125,R-24,24,2026-08-09 16:52,55,2026-08-09 17:53,+05:30,
T1-03126,R-24,24,2026-08-09 08:19,40,2026-08-09 08:58,+05:30,
T1-03127,R-24,24,2026-08-09 15:08,40,2026-08-09 15:50,+05:30,
T1-03128,R-24,24,2026-08-09 20:01,55,2026-08-09 20:52,+05:30,
T1-03129,R-24,24,2026-08-09 16:41,55,2026-08-09 17:36,+05:30,
T1-03130,R-24,24,2026-08-09 07:57,40,2026-08-09 08:35,+05:30,
T1-03131,R-24,24,2026-08-09 19:27,35,2026-08-09 20:04,+05:30,
T1-03132,R-24,24,2026-08-09 19:05,50,2026-08-09 19:56,+05:30,
T1-03133,R-24,24,2026-08-09 07:30,55,2026-08-09 08:24,+05:30,
T1-03134,R-24,24,2026-08-09 16:24,55,2026-08-09 17:25,+05:30,
T1-03135,R-24,24,2026-08-09 19:36,50,2026-08-09 20:31,+05:30,
T1-03136,R-24,24,2026-08-09 19:28,50,2026-08-09 20:16,+05:30,
T1-03137,R-24,24,2026-08-09 19:47,35,2026-08-09 20:16,+05:30,
T1-03138,R-24,24,2026-08-09 07:00,55,2026-08-09 07:49,+05:30,
T1-03139,R-24,24,2026-08-09 19:01,55,2026-08-09 19:59,+05:30,
T1-03140,R-24,24,2026-08-09 17:38,55,2026-08-09 18:35,+05:30,
T1-03141,R-24,24,2026-08-09 07:24,55,2026-08-09 08:19,+05:30,
T1-03142,R-24,24,2026-08-09 08:37,45,2026-08-09 08:32,+05:30,
T1-03143,R-24,24,2026-08-09 07:33,40,2026-08-09 08:17,+05:30,
T1-03144,R-25,25,2026-08-03 06:45,50,2026-08-03 07:33,+05:30,
T1-03145,R-25,25,2026-08-03 14:27,35,2026-08-03 14:55,+05:30,
T1-03146,R-25,25,2026-08-03 20:43,40,2026-08-03 21:19,+05:30,
T1-03147,R-25,25,2026-08-03 21:58,40,2026-08-03 22:38,+05:30,
T1-03148,R-25,25,2026-08-03 18:43,50,2026-08-03 19:32,+05:30,
T1-03149,R-25,25,2026-08-03 07:47,45,2026-08-03 08:35,+05:30,
T1-03150,R-25,25,2026-08-03 06:24,50,2026-08-03 07:10,+05:30,
T1-03151,R-25,25,2026-08-03 14:54,45,2026-08-03 15:38,+05:30,
T1-03152,R-25,25,2026-08-03 17:05,40,2026-08-03 17:52,+05:30,
T1-03153,R-25,25,2026-08-03 10:26,35,2026-08-03 11:03,+05:30,
T1-03154,R-25,25,2026-08-03 09:37,55,2026-08-03 10:35,+05:30,
T1-03155,R-25,25,2026-08-03 15:35,50,2026-08-03 16:28,+05:30,
T1-03156,R-25,25,2026-08-03 06:54,40,2026-08-03 07:31,+05:30,
T1-03157,R-25,25,2026-08-03 15:14,55,2026-08-03 16:08,+05:30,
T1-03158,R-25,25,2026-08-03 10:11,45,2026-08-03 10:59,+05:30,
T1-03159,R-25,25,2026-08-03 21:27,55,2026-08-03 22:27,+05:30,
T1-03160,R-25,25,2026-08-03 14:23,35,2026-08-03 15:06,+05:30,
T1-03161,R-25,25,2026-08-03 13:06,45,2026-08-03 13:49,+05:30,
T1-03162,R-25,25,2026-08-03 09:07,40,2026-08-03 09:55,+05:30,
T1-03163,R-25,25,2026-08-03 07:06,55,2026-08-03 08:00,+05:30,
T1-03164,R-25,25,2026-08-04 19:46,45,2026-08-04 20:32,+05:30,
T1-03165,R-25,25,2026-08-04 06:07,35,2026-08-04 06:40,+05:30,
T1-03166,R-25,25,2026-08-04 15:01,40,2026-08-04 15:36,+05:30,
T1-03167,R-25,25,2026-08-04 16:31,35,2026-08-04 17:04,+05:30,
T1-03168,R-25,25,2026-08-04 19:33,40,2026-08-04 20:12,+05:30,
T1-03169,R-25,25,2026-08-04 11:49,40,2026-08-04 12:36,+05:30,
T1-03170,R-25,25,2026-08-04 16:19,35,2026-08-04 16:58,+05:30,
T1-03171,R-25,25,2026-08-04 20:13,55,2026-08-04 21:07,+05:30,
T1-03172,R-25,25,2026-08-04 15:55,45,2026-08-04 16:38,+05:30,
T1-03173,R-25,25,2026-08-04 09:41,45,2026-08-04 10:23,+05:30,
T1-03174,R-25,25,2026-08-04 09:09,45,2026-08-04 09:55,+05:30,
T1-03175,R-25,25,2026-08-04 07:08,55,2026-08-04 08:05,+05:30,
T1-03176,R-25,25,2026-08-04 06:30,45,2026-08-04 07:23,+05:30,
T1-03177,R-25,25,2026-08-04 09:13,40,2026-08-04 09:58,+05:30,
T1-03178,R-25,25,2026-08-04 12:52,45,2026-08-04 13:37,+05:30,
T1-03179,R-25,25,2026-08-04 14:09,45,2026-08-04 14:51,+05:30,
T1-03180,R-25,25,2026-08-04 17:25,55,2026-08-04 18:18,+05:30,
T1-03181,R-25,25,2026-08-04 07:12,35,2026-08-04 07:51,+05:30,
T1-03182,R-25,25,2026-08-04 08:20,35,2026-08-04 09:02,+05:30,
T1-03183,R-25,25,2026-08-04 18:17,35,2026-08-04 18:53,+05:30,
T1-03184,R-25,25,2026-08-05 06:10,40,2026-08-05 06:54,+05:30,
T1-03185,R-25,25,2026-08-05 06:08,40,2026-08-05 06:42,+05:30,
T1-03186,R-25,25,2026-08-05 11:38,40,2026-08-05 12:22,+05:30,
T1-03187,R-25,25,2026-08-05 19:09,55,2026-08-05 20:08,+05:30,
T1-03188,R-25,25,2026-08-05 09:10,50,2026-08-05 10:02,+05:30,
T1-03189,R-25,25,2026-08-05 17:28,45,2026-08-05 18:23,+05:30,
T1-03190,R-25,25,2026-08-05 15:03,35,2026-08-05 15:45,+05:30,
T1-03191,R-25,25,2026-08-05 10:43,55,2026-08-05 11:32,+05:30,
T1-03192,R-25,25,2026-08-05 09:55,55,2026-08-05 10:52,+05:30,
T1-03193,R-25,25,2026-08-05 15:28,50,2026-08-05 16:19,+05:30,
T1-03194,R-25,25,2026-08-05 08:04,50,2026-08-05 08:56,+05:30,
T1-03195,R-25,25,2026-08-05 11:56,55,2026-08-05 12:51,+05:30,
T1-03196,R-25,25,2026-08-05 06:44,35,2026-08-05 07:21,+05:30,
T1-03197,R-25,25,2026-08-05 09:47,45,2026-08-05 10:42,+05:30,
T1-03198,R-25,25,2026-08-05 08:10,40,2026-08-05 08:57,+05:30,
T1-03199,R-25,25,2026-08-05 19:18,40,2026-08-05 19:53,+05:30,
T1-03200,R-25,25,2026-08-05 21:06,40,2026-08-05 21:52,+05:30,
T1-03201,R-25,25,2026-08-05 19:45,55,2026-08-05 20:47,+05:30,
T1-03202,R-25,25,2026-08-05 13:34,40,2026-08-05 14:13,+05:30,
T1-03203,R-25,25,2026-08-05 19:00,45,2026-08-05 19:50,+05:30,
T1-03204,R-25,25,2026-08-06 21:14,55,2026-08-06 22:08,+05:30,
T1-03205,R-25,25,2026-08-06 06:25,35,2026-08-06 07:00,+05:30,
T1-03206,R-25,25,2026-08-06 12:02,45,2026-08-06 12:50,+05:30,
T1-03207,R-25,25,2026-08-06 08:07,45,2026-08-06 08:47,+05:30,
T1-03208,R-25,25,2026-08-06 09:16,35,2026-08-06 09:52,+05:30,
T1-03209,R-25,25,2026-08-06 12:50,50,2026-08-06 13:35,+05:30,
T1-03210,R-25,25,2026-08-06 16:58,45,2026-08-06 17:41,+05:30,
T1-03211,R-25,25,2026-08-06 20:16,35,2026-08-06 20:49,+05:30,
T1-03212,R-25,25,2026-08-06 07:42,50,2026-08-06 08:34,+05:30,
T1-03213,R-25,25,2026-08-06 20:25,40,2026-08-06 21:04,+05:30,
T1-03214,R-25,25,2026-08-06 09:17,35,2026-08-06 09:55,+05:30,
T1-03215,R-25,25,2026-08-06 13:40,50,2026-08-06 14:31,+05:30,
T1-03216,R-25,25,2026-08-06 20:44,55,2026-08-06 21:40,+05:30,
T1-03217,R-25,25,2026-08-06 11:49,40,2026-08-06 12:30,+05:30,
T1-03218,R-25,25,2026-08-06 08:44,55,2026-08-06 09:44,+05:30,
T1-03219,R-25,25,2026-08-06 14:37,50,2026-08-06 15:28,+05:30,
T1-03220,R-25,25,2026-08-06 11:45,55,2026-08-06 12:39,+05:30,
T1-03221,R-25,25,2026-08-06 16:02,45,2026-08-06 16:46,+05:30,
T1-03222,R-25,25,2026-08-06 13:52,40,2026-08-06 14:34,+05:30,
T1-03223,R-25,25,2026-08-06 16:22,50,2026-08-06 17:17,+05:30,
T1-03224,R-25,25,2026-08-07 09:56,40,2026-08-07 10:39,+05:30,
T1-03225,R-25,25,2026-08-07 10:03,35,2026-08-07 10:42,+05:30,
T1-03226,R-25,25,2026-08-07 12:08,50,2026-08-07 12:55,+05:30,
T1-03227,R-25,25,2026-08-07 08:39,45,2026-08-07 09:26,+05:30,
T1-03228,R-25,25,2026-08-07 16:06,45,2026-08-07 16:53,+05:30,
T1-03229,R-25,25,2026-08-07 06:04,45,2026-08-07 06:51,+05:30,
T1-03230,R-25,25,2026-08-07 15:52,45,2026-08-07 16:44,+05:30,
T1-03231,R-25,25,2026-08-07 15:29,35,2026-08-07 15:59,+05:30,
T1-03232,R-25,25,2026-08-07 20:58,35,2026-08-07 21:28,+05:30,
T1-03233,R-25,25,2026-08-07 08:31,40,2026-08-07 09:14,+05:30,
T1-03234,R-25,25,2026-08-07 08:48,35,2026-08-07 09:20,+05:30,
T1-03235,R-25,25,2026-08-07 15:41,45,2026-08-07 16:25,+05:30,
T1-03236,R-25,25,2026-08-07 14:05,50,2026-08-07 14:50,+05:30,
T1-03237,R-25,25,2026-08-07 15:41,40,2026-08-07 16:25,+05:30,
T1-03238,R-25,25,2026-08-07 08:28,45,2026-08-07 09:17,+05:30,
T1-03239,R-25,25,2026-08-07 21:23,50,2026-08-07 22:12,+05:30,
T1-03240,R-25,25,2026-08-07 18:48,35,2026-08-07 19:28,+05:30,
T1-03241,R-25,25,2026-08-07 12:50,40,2026-08-07 13:32,+05:30,
T1-03242,R-25,25,2026-08-07 06:00,50,2026-08-07 06:48,+05:30,
T1-03243,R-25,25,2026-08-07 18:47,50,2026-08-07 19:39,+05:30,
T1-03244,R-25,25,2026-08-08 17:41,35,2026-08-08 18:19,+05:30,
T1-03245,R-25,25,2026-08-08 11:16,55,2026-08-08 12:17,+05:30,
T1-03246,R-25,25,2026-08-08 11:18,45,2026-08-08 12:08,+05:30,
T1-03247,R-25,25,2026-08-08 16:50,50,2026-08-08 17:40,+05:30,
T1-03248,R-25,25,2026-08-08 18:04,45,2026-08-08 18:45,+05:30,
T1-03249,R-25,25,2026-08-08 06:50,55,2026-08-08 07:41,+05:30,
T1-03250,R-25,25,2026-08-08 06:29,40,2026-08-08 07:08,+05:30,
T1-03251,R-25,25,2026-08-08 06:36,45,2026-08-08 07:26,+05:30,
T1-03252,R-25,25,2026-08-08 12:16,50,2026-08-08 13:13,+05:30,
T1-03253,R-25,25,2026-08-08 06:30,45,2026-08-08 07:27,+05:30,
T1-03254,R-25,25,2026-08-08 20:55,45,2026-08-08 21:38,+05:30,
T1-03255,R-25,25,2026-08-08 21:02,55,2026-08-08 22:00,+05:30,
T1-03256,R-25,25,2026-08-08 17:59,35,2026-08-08 18:46,+05:30,
T1-03257,R-25,25,2026-08-08 07:59,55,2026-08-08 09:05,+05:30,
T1-03258,R-25,25,2026-08-08 15:07,35,2026-08-08 15:46,+05:30,
T1-03259,R-25,25,2026-08-08 20:41,45,2026-08-08 21:26,+05:30,
T1-03260,R-25,25,2026-08-08 19:07,35,2026-08-08 19:43,+05:30,
T1-03261,R-25,25,2026-08-08 14:00,45,2026-08-08 14:51,+05:30,
T1-03262,R-25,25,2026-08-08 12:30,40,2026-08-08 13:09,+05:30,
T1-03263,R-25,25,2026-08-08 08:31,45,2026-08-08 09:13,+05:30,
T1-03264,R-25,25,2026-08-09 19:03,40,2026-08-09 19:41,+05:30,
T1-03265,R-25,25,2026-08-09 15:07,45,2026-08-09 15:57,+05:30,
T1-03266,R-25,25,2026-08-09 19:17,35,2026-08-09 19:57,+05:30,
T1-03267,R-25,25,2026-08-09 06:04,40,2026-08-09 06:45,+05:30,
T1-03268,R-25,25,2026-08-09 19:53,35,2026-08-09 20:22,+05:30,
T1-03269,R-25,25,2026-08-09 10:45,55,2026-08-09 11:41,+05:30,
T1-03270,R-25,25,2026-08-09 20:08,45,2026-08-09 20:53,+05:30,
T1-03271,R-25,25,2026-08-09 19:36,50,2026-08-09 20:31,+05:30,
T1-03272,R-25,25,2026-08-09 10:48,35,2026-08-09 11:24,+05:30,
T1-03273,R-25,25,2026-08-09 07:46,40,2026-08-09 08:25,+05:30,
T1-03274,R-25,25,2026-08-09 11:08,50,2026-08-09 08:60,+05:30,
T1-03275,R-25,25,2026-08-09 14:41,55,2026-08-09 15:40,+05:30,
T1-03276,R-25,25,2026-08-09 16:40,55,2026-08-09 17:39,+05:30,
T1-03277,R-25,25,2026-08-09 10:31,50,2026-08-09 11:26,+05:30,
T1-03278,R-25,25,2026-08-09 16:15,40,2026-08-09 16:52,+05:30,
T1-03279,R-25,25,2026-08-09 21:10,35,2026-08-09 21:49,+05:30,
T1-03280,R-25,25,2026-08-09 08:26,50,2026-08-09 09:18,+05:30,
T1-03281,R-25,25,2026-08-09 18:31,40,2026-08-09 19:17,+05:30,
T1-03282,R-25,25,2026-08-09 17:33,50,2026-08-09 18:23,+05:30,
T1-03283,R-25,25,2026-08-09 08:07,40,2026-08-09 08:46,+05:30,
T1-03284,R-26,26,2026-08-03 06:15,35,2026-08-03 06:56,+05:30,
T1-03285,R-26,26,2026-08-03 11:31,35,2026-08-03 12:13,+05:30,
T1-03286,R-26,26,2026-08-03 20:15,40,2026-08-03 21:05,+05:30,
T1-03287,R-26,26,2026-08-03 07:17,40,2026-08-03 08:04,+05:30,
T1-03288,R-26,26,2026-08-03 18:43,40,2026-08-03 19:33,+05:30,
T1-03289,R-26,26,2026-08-03 14:37,35,2026-08-03 15:13,+05:30,
T1-03290,R-26,26,2026-08-03 18:00,45,2026-08-03 18:45,+05:30,
T1-03291,R-26,26,2026-08-03 17:06,55,2026-08-03 18:09,+05:30,
T1-03292,R-26,26,2026-08-03 20:02,35,2026-08-03 20:42,+05:30,
T1-03293,R-26,26,2026-08-03 21:24,45,2026-08-03 22:11,+05:30,
T1-03294,R-26,26,2026-08-03 14:19,55,2026-08-03 15:20,+05:30,
T1-03295,R-26,26,2026-08-03 09:24,35,2026-08-03 10:03,+05:30,
T1-03296,R-26,26,2026-08-03 20:26,40,2026-08-03 21:11,+05:30,
T1-03297,R-26,26,2026-08-03 18:19,35,2026-08-03 08:60,+05:30,
T1-03298,R-26,26,2026-08-03 06:03,50,2026-08-03 06:58,+05:30,
T1-03299,R-26,26,2026-08-04 16:43,35,2026-08-04 17:21,+05:30,
T1-03300,R-26,26,2026-08-04 12:34,45,2026-08-04 13:23,+05:30,
T1-03301,R-26,26,2026-08-04 11:32,55,2026-08-04 12:29,+05:30,
T1-03302,R-26,26,2026-08-04 06:15,45,2026-08-04 07:01,+05:30,
T1-03303,R-26,26,2026-08-04 20:06,45,2026-08-04 21:00,+05:30,
T1-03304,R-26,26,2026-08-04 13:28,45,2026-08-04 14:19,+05:30,
T1-03305,R-26,26,2026-08-04 11:28,55,2026-08-04 12:18,+05:30,
T1-03306,R-26,26,2026-08-04 17:11,50,2026-08-04 18:08,+05:30,
T1-03307,R-26,26,2026-08-04 14:02,45,2026-08-04 14:53,+05:30,
T1-03308,R-26,26,2026-08-04 15:22,35,2026-08-04 15:57,+05:30,
T1-03309,R-26,26,2026-08-04 10:17,50,2026-08-04 11:07,+05:30,
T1-03310,R-26,26,2026-08-04 10:43,50,2026-08-04 11:35,+05:30,
T1-03311,R-26,26,2026-08-04 09:05,50,2026-08-04 09:59,+05:30,
T1-03312,R-26,26,2026-08-04 06:58,55,2026-08-04 07:51,+05:30,
T1-03313,R-26,26,2026-08-04 08:51,35,2026-08-04 09:30,+05:30,
T1-03314,R-26,26,2026-08-05 16:45,50,2026-08-05 17:48,+05:30,
T1-03315,R-26,26,2026-08-05 10:16,35,2026-08-05 10:57,+05:30,
T1-03316,R-26,26,2026-08-05 13:08,35,2026-08-05 13:53,+05:30,
T1-03317,R-26,26,2026-08-05 15:19,55,2026-08-05 16:18,+05:30,
T1-03318,R-26,26,2026-08-05 16:32,50,2026-08-05 17:22,+05:30,
T1-03319,R-26,26,2026-08-05 13:50,55,2026-08-05 14:51,+05:30,
T1-03320,R-26,26,2026-08-05 13:44,35,2026-08-05 14:25,+05:30,
T1-03321,R-26,26,2026-08-05 19:15,35,2026-08-05 19:58,+05:30,
T1-03322,R-26,26,2026-08-05 06:18,45,2026-08-05 07:13,+05:30,
T1-03323,R-26,26,2026-08-05 10:22,40,2026-08-05 11:02,+05:30,
T1-03324,R-26,26,2026-08-05 12:06,35,2026-08-05 12:37,+05:30,
T1-03325,R-26,26,2026-08-05 07:00,55,2026-08-05 07:57,+05:30,
T1-03326,R-26,26,2026-08-05 06:22,40,2026-08-05 07:04,+05:30,
T1-03327,R-26,26,2026-08-05 19:54,40,2026-08-05 20:32,+05:30,
T1-03328,R-26,26,2026-08-05 16:54,50,2026-08-05 17:52,+05:30,
T1-03329,R-26,26,2026-08-06 06:31,50,2026-08-06 07:22,+05:30,
T1-03330,R-26,26,2026-08-06 14:59,55,2026-08-06 15:56,+05:30,
T1-03331,R-26,26,2026-08-06 19:10,35,2026-08-06 19:56,+05:30,
T1-03332,R-26,26,2026-08-06 18:07,40,2026-08-06 18:59,+05:30,
T1-03333,R-26,26,2026-08-06 06:55,35,2026-08-06 07:35,+05:30,
T1-03334,R-26,26,2026-08-06 20:59,45,2026-08-06 21:47,+05:30,
T1-03335,R-26,26,2026-08-06 08:58,50,2026-08-06 09:54,+05:30,
T1-03336,R-26,26,2026-08-06 11:04,40,2026-08-06 11:54,+05:30,
T1-03337,R-26,26,2026-08-06 06:20,35,2026-08-06 06:56,+05:30,
T1-03338,R-26,26,2026-08-06 11:48,35,2026-08-06 12:30,+05:30,
T1-03339,R-26,26,2026-08-06 07:35,55,2026-08-06 08:37,+05:30,
T1-03340,R-26,26,2026-08-06 09:17,40,2026-08-06 10:07,+05:30,
T1-03341,R-26,26,2026-08-06 17:38,55,2026-08-06 18:37,+05:30,
T1-03342,R-26,26,2026-08-06 14:36,35,2026-08-06 15:19,+05:30,
T1-03343,R-26,26,2026-08-06 11:46,45,2026-08-06 12:30,+05:30,
T1-03344,R-26,26,2026-08-07 14:20,50,2026-08-07 15:14,+05:30,
T1-03345,R-26,26,2026-08-07 12:38,35,2026-08-07 13:20,+05:30,
T1-03346,R-26,26,2026-08-07 07:42,50,2026-08-07 08:37,+05:30,
T1-03347,R-26,26,2026-08-07 10:51,35,2026-08-07 11:32,+05:30,
T1-03348,R-26,26,2026-08-07 20:19,45,2026-08-07 21:06,+05:30,
T1-03349,R-26,26,2026-08-07 17:40,55,2026-08-07 18:39,+05:30,
T1-03350,R-26,26,2026-08-07 21:07,40,2026-08-07 21:56,+05:30,
T1-03351,R-26,26,2026-08-07 21:42,50,2026-08-07 22:33,+05:30,
T1-03352,R-26,26,2026-08-07 19:47,35,2026-08-07 20:22,+05:30,
T1-03353,R-26,26,2026-08-07 07:50,40,2026-08-07 08:33,+05:30,
T1-03354,R-26,26,2026-08-07 16:46,40,2026-08-07 17:29,+05:30,
T1-03355,R-26,26,2026-08-07 18:54,55,2026-08-07 19:49,+05:30,
T1-03356,R-26,26,2026-08-07 09:32,45,2026-08-07 10:17,+05:30,
T1-03357,R-26,26,2026-08-07 07:41,55,2026-08-07 08:39,+05:30,
T1-03358,R-26,26,2026-08-07 07:29,35,2026-08-07 08:03,+05:30,
T1-03359,R-26,26,2026-08-08 09:44,35,2026-08-08 10:20,+05:30,
T1-03360,R-26,26,2026-08-08 20:37,45,2026-08-08 21:25,+05:30,
T1-03361,R-26,26,2026-08-08 09:10,45,2026-08-08 09:57,+05:30,
T1-03362,R-26,26,2026-08-08 18:37,35,2026-08-08 19:13,+05:30,
T1-03363,R-26,26,2026-08-08 16:55,50,2026-08-08 17:53,+05:30,
T1-03364,R-26,26,2026-08-08 17:28,35,2026-08-08 18:12,+05:30,
T1-03365,R-26,26,2026-08-08 09:41,45,2026-08-08 10:26,+05:30,
T1-03366,R-26,26,2026-08-08 11:30,50,2026-08-08 12:29,+05:30,
T1-03367,R-26,26,2026-08-08 09:14,40,2026-08-08 09:57,+05:30,
T1-03368,R-26,26,2026-08-08 16:12,55,2026-08-08 17:13,+05:30,
T1-03369,R-26,26,2026-08-08 21:37,55,2026-08-08 22:34,+05:30,
T1-03370,R-26,26,2026-08-08 18:03,55,2026-08-08 19:05,+05:30,
T1-03371,R-26,26,2026-08-08 12:10,55,2026-08-08 13:09,+05:30,
T1-03372,R-26,26,2026-08-08 20:17,40,2026-08-08 21:04,+05:30,
T1-03373,R-26,26,2026-08-08 21:43,40,2026-08-08 22:21,+05:30,
T1-03374,R-26,26,2026-08-09 18:57,40,2026-08-09 19:45,+05:30,
T1-03375,R-26,26,2026-08-09 10:07,35,2026-08-09 10:48,+05:30,
T1-03376,R-26,26,2026-08-09 19:00,50,2026-08-09 19:54,+05:30,
T1-03377,R-26,26,2026-08-09 11:58,50,2026-08-09 11:53,+05:30,
T1-03378,R-26,26,2026-08-09 12:00,40,2026-08-09 12:49,+05:30,
T1-03379,R-26,26,2026-08-09 06:04,55,2026-08-09 07:03,+05:30,
T1-03380,R-26,26,2026-08-09 20:22,40,2026-08-09 21:10,+05:30,
T1-03381,R-26,26,2026-08-09 14:52,35,2026-08-09 15:32,+05:30,
T1-03382,R-26,26,2026-08-09 11:12,40,2026-08-09 11:56,+05:30,
T1-03383,R-26,26,2026-08-09 16:30,45,2026-08-09 17:22,+05:30,
T1-03384,R-26,26,2026-08-09 17:45,50,2026-08-09 18:46,+05:30,
T1-03385,R-26,26,2026-08-09 09:21,55,2026-08-09 10:21,+05:30,
T1-03386,R-26,26,2026-08-09 21:19,50,2026-08-09 22:17,+05:30,
T1-03387,R-26,26,2026-08-09 17:31,45,2026-08-09 18:18,+05:30,
T1-03388,R-26,26,2026-08-09 20:36,35,2026-08-09 21:17,+05:30,
T1-03389,R-27,27,2026-08-03 07:00,35,2026-08-03 07:34,+05:30,
T1-03390,R-27,27,2026-08-03 20:28,40,2026-08-03 21:10,+05:30,
T1-03391,R-27,27,2026-08-03 16:32,35,2026-08-03 17:10,+05:30,
T1-03392,R-27,27,2026-08-03 11:58,50,2026-08-03 12:51,+05:30,
T1-03393,R-27,27,2026-08-03 18:53,35,2026-08-03 19:32,+05:30,
T1-03394,R-27,27,2026-08-03 09:42,50,2026-08-03 10:40,+05:30,
T1-03395,R-27,27,2026-08-03 14:29,45,2026-08-03 15:20,+05:30,
T1-03396,R-27,27,2026-08-03 18:47,50,2026-08-03 08:60,+05:30,
T1-03397,R-27,27,2026-08-03 09:08,45,2026-08-03 09:56,+05:30,
T1-03398,R-27,27,2026-08-03 21:31,50,2026-08-03 22:30,+05:30,
T1-03399,R-27,27,2026-08-03 18:31,35,2026-08-03 19:07,+05:30,
T1-03400,R-27,27,2026-08-03 09:37,35,2026-08-03 10:18,+05:30,
T1-03401,R-27,27,2026-08-03 06:26,50,2026-08-03 07:21,+05:30,
T1-03402,R-27,27,2026-08-03 09:13,40,2026-08-03 09:49,+05:30,
T1-03403,R-27,27,2026-08-03 08:31,45,2026-08-03 09:17,+05:30,
T1-03404,R-27,27,2026-08-03 15:23,45,2026-08-03 16:06,+05:30,
T1-03405,R-27,27,2026-08-03 11:27,40,2026-08-03 12:07,+05:30,
T1-03406,R-27,27,2026-08-03 12:38,35,2026-08-03 13:18,+05:30,
T1-03407,R-27,27,2026-08-03 14:16,50,2026-08-03 15:12,+05:30,
T1-03408,R-27,27,2026-08-03 08:01,55,2026-08-03 08:55,+05:30,
T1-03409,R-27,27,2026-08-03 07:13,40,2026-08-03 07:53,+05:30,
T1-03410,R-27,27,2026-08-04 06:29,40,2026-08-04 07:10,+05:30,
T1-03411,R-27,27,2026-08-04 07:03,45,2026-08-04 07:50,+05:30,
T1-03412,R-27,27,2026-08-04 20:19,50,2026-08-04 21:17,+05:30,
T1-03413,R-27,27,2026-08-04 18:54,35,2026-08-04 19:21,+05:30,
T1-03414,R-27,27,2026-08-04 21:37,50,2026-08-04 08:60,+05:30,
T1-03415,R-27,27,2026-08-04 11:54,55,2026-08-04 12:54,+05:30,
T1-03416,R-27,27,2026-08-04 12:17,40,2026-08-04 12:58,+05:30,
T1-03417,R-27,27,2026-08-04 14:38,50,2026-08-04 15:29,+05:30,
T1-03418,R-27,27,2026-08-04 18:41,50,2026-08-04 19:34,+05:30,
T1-03419,R-27,27,2026-08-04 12:45,55,2026-08-04 13:45,+05:30,
T1-03420,R-27,27,2026-08-04 07:33,50,2026-08-04 08:23,+05:30,
T1-03421,R-27,27,2026-08-04 15:42,45,2026-08-04 16:29,+05:30,
T1-03422,R-27,27,2026-08-04 20:58,35,2026-08-04 21:40,+05:30,
T1-03423,R-27,27,2026-08-04 09:29,50,2026-08-04 10:27,+05:30,
T1-03424,R-27,27,2026-08-04 09:03,40,2026-08-04 09:49,+05:30,
T1-03425,R-27,27,2026-08-04 13:12,55,2026-08-04 14:08,+05:30,
T1-03426,R-27,27,2026-08-04 19:01,40,2026-08-04 19:41,+05:30,
T1-03427,R-27,27,2026-08-04 14:46,40,2026-08-04 15:26,+05:30,
T1-03428,R-27,27,2026-08-04 13:06,40,2026-08-04 13:49,+05:30,
T1-03429,R-27,27,2026-08-04 20:04,35,2026-08-04 20:40,+05:30,
T1-03430,R-27,27,2026-08-04 06:01,50,2026-08-04 06:44,+05:30,
T1-03431,R-27,27,2026-08-05 12:14,35,2026-08-05 12:46,+05:30,
T1-03432,R-27,27,2026-08-05 08:13,50,2026-08-05 09:03,+05:30,
T1-03433,R-27,27,2026-08-05 20:23,50,2026-08-05 21:21,+05:30,
T1-03434,R-27,27,2026-08-05 08:52,35,2026-08-05 09:25,+05:30,
T1-03435,R-27,27,2026-08-05 08:58,55,2026-08-05 09:57,+05:30,
T1-03436,R-27,27,2026-08-05 16:03,55,2026-08-05 16:58,+05:30,
T1-03437,R-27,27,2026-08-05 06:54,35,2026-08-05 07:26,+05:30,
T1-03438,R-27,27,2026-08-05 15:36,35,2026-08-05 16:11,+05:30,
T1-03439,R-27,27,2026-08-05 17:52,45,2026-08-05 18:36,+05:30,
T1-03440,R-27,27,2026-08-05 21:10,55,2026-08-05 22:06,+05:30,
T1-03441,R-27,27,2026-08-05 12:12,50,2026-08-05 12:57,+05:30,
T1-03442,R-27,27,2026-08-05 21:40,45,2026-08-05 22:25,+05:30,
T1-03443,R-27,27,2026-08-05 09:47,55,2026-08-05 10:43,+05:30,
T1-03444,R-27,27,2026-08-05 18:49,45,2026-08-05 19:36,+05:30,
T1-03445,R-27,27,2026-08-05 08:46,55,2026-08-05 09:51,+05:30,
T1-03446,R-27,27,2026-08-05 06:01,35,2026-08-05 06:35,+05:30,
T1-03447,R-27,27,2026-08-05 09:03,35,2026-08-05 09:45,+05:30,
T1-03448,R-27,27,2026-08-05 13:22,50,2026-08-05 14:13,+05:30,
T1-03449,R-27,27,2026-08-05 10:11,55,2026-08-05 11:08,+05:30,
T1-03450,R-27,27,2026-08-05 20:11,35,2026-08-05 20:47,+05:30,
T1-03451,R-27,27,2026-08-05 06:44,50,2026-08-05 07:28,+05:30,
T1-03452,R-27,27,2026-08-06 21:25,55,2026-08-06 22:23,+05:30,
T1-03453,R-27,27,2026-08-06 13:21,55,2026-08-06 14:22,+05:30,
T1-03454,R-27,27,2026-08-06 09:45,40,2026-08-06 10:32,+05:30,
T1-03455,R-27,27,2026-08-06 10:02,55,2026-08-06 10:58,+05:30,
T1-03456,R-27,27,2026-08-06 12:42,55,2026-08-06 13:39,+05:30,
T1-03457,R-27,27,2026-08-06 10:15,50,2026-08-06 11:12,+05:30,
T1-03458,R-27,27,2026-08-06 06:41,40,2026-08-06 07:24,+05:30,
T1-03459,R-27,27,2026-08-06 06:42,55,2026-08-06 07:41,+05:30,
T1-03460,R-27,27,2026-08-06 18:50,35,2026-08-06 19:29,+05:30,
T1-03461,R-27,27,2026-08-06 09:49,55,2026-08-06 10:41,+05:30,
T1-03462,R-27,27,2026-08-06 10:36,55,2026-08-06 11:28,+05:30,
T1-03463,R-27,27,2026-08-06 19:20,50,2026-08-06 20:14,+05:30,
T1-03464,R-27,27,2026-08-06 11:01,40,2026-08-06 11:46,+05:30,
T1-03465,R-27,27,2026-08-06 09:07,50,2026-08-06 10:01,+05:30,
T1-03466,R-27,27,2026-08-06 11:50,45,2026-08-06 12:37,+05:30,
T1-03467,R-27,27,2026-08-06 15:11,45,2026-08-06 16:01,+05:30,
T1-03468,R-27,27,2026-08-06 17:44,40,2026-08-06 18:31,+05:30,
T1-03469,R-27,27,2026-08-06 17:37,45,2026-08-06 18:23,+05:30,
T1-03470,R-27,27,2026-08-06 16:52,40,2026-08-06 17:38,+05:30,
T1-03471,R-27,27,2026-08-06 09:10,35,2026-08-06 09:47,+05:30,
T1-03472,R-27,27,2026-08-06 10:16,55,2026-08-06 11:14,+05:30,
T1-03473,R-27,27,2026-08-07 10:08,50,2026-08-07 11:02,+05:30,
T1-03474,R-27,27,2026-08-07 17:36,55,2026-08-07 18:36,+05:30,
T1-03475,R-27,27,2026-08-07 16:20,45,2026-08-07 17:07,+05:30,
T1-03476,R-27,27,2026-08-07 06:19,50,2026-08-07 07:11,+05:30,
T1-03477,R-27,27,2026-08-07 06:52,55,2026-08-07 07:59,+05:30,
T1-03478,R-27,27,2026-08-07 17:16,55,2026-08-07 18:13,+05:30,
T1-03479,R-27,27,2026-08-07 18:10,50,2026-08-07 19:08,+05:30,
T1-03480,R-27,27,2026-08-07 17:54,45,2026-08-07 18:47,+05:30,
T1-03481,R-27,27,2026-08-07 19:49,35,2026-08-07 20:29,+05:30,
T1-03482,R-27,27,2026-08-07 12:18,55,2026-08-07 13:17,+05:30,
T1-03483,R-27,27,2026-08-07 07:38,55,2026-08-07 08:37,+05:30,
T1-03484,R-27,27,2026-08-07 20:10,50,2026-08-07 20:59,+05:30,
T1-03485,R-27,27,2026-08-07 19:30,40,2026-08-07 20:15,+05:30,
T1-03486,R-27,27,2026-08-07 18:41,35,2026-08-07 19:09,+05:30,
T1-03487,R-27,27,2026-08-07 12:54,55,2026-08-07 14:01,+05:30,
T1-03488,R-27,27,2026-08-07 07:08,55,2026-08-07 08:04,+05:30,
T1-03489,R-27,27,2026-08-07 19:53,45,2026-08-07 20:37,+05:30,
T1-03490,R-27,27,2026-08-07 20:29,45,2026-08-07 08:60,+05:30,
T1-03491,R-27,27,2026-08-07 12:04,40,2026-08-07 11:59,+05:30,
T1-03492,R-27,27,2026-08-07 16:54,55,2026-08-07 17:53,+05:30,
T1-03493,R-27,27,2026-08-07 21:21,55,2026-08-07 22:25,+05:30,
T1-03494,R-27,27,2026-08-08 20:08,55,2026-08-08 21:00,+05:30,
T1-03495,R-27,27,2026-08-08 19:21,40,2026-08-08 20:03,+05:30,
T1-03496,R-27,27,2026-08-08 19:17,55,2026-08-08 20:15,+05:30,
T1-03497,R-27,27,2026-08-08 08:28,45,2026-08-08 09:08,+05:30,
T1-03498,R-27,27,2026-08-08 11:10,35,2026-08-08 11:44,+05:30,
T1-03499,R-27,27,2026-08-08 13:09,55,2026-08-08 14:12,+05:30,
T1-03500,R-27,27,2026-08-08 07:03,55,2026-08-08 08:13,+05:30,
T1-03501,R-27,27,2026-08-08 16:10,55,2026-08-08 17:09,+05:30,
T1-03502,R-27,27,2026-08-08 07:21,50,2026-08-08 08:17,+05:30,
T1-03503,R-27,27,2026-08-08 19:33,50,2026-08-08 20:27,+05:30,
T1-03504,R-27,27,2026-08-08 08:21,55,2026-08-08 09:14,+05:30,
T1-03505,R-27,27,2026-08-08 07:19,55,2026-08-08 08:18,+05:30,
T1-03506,R-27,27,2026-08-08 15:36,45,2026-08-08 16:23,+05:30,
T1-03507,R-27,27,2026-08-08 12:04,45,2026-08-08 12:47,+05:30,
T1-03508,R-27,27,2026-08-08 16:04,40,2026-08-08 16:50,+05:30,
T1-03509,R-27,27,2026-08-08 13:00,50,2026-08-08 13:54,+05:30,
T1-03510,R-27,27,2026-08-08 14:40,45,2026-08-08 15:27,+05:30,
T1-03511,R-27,27,2026-08-08 09:13,45,2026-08-08 10:05,+05:30,
T1-03512,R-27,27,2026-08-08 17:43,35,2026-08-08 18:21,+05:30,
T1-03513,R-27,27,2026-08-08 19:25,55,2026-08-08 20:19,+05:30,
T1-03514,R-27,27,2026-08-08 21:15,45,2026-08-08 22:10,+05:30,
T1-03515,R-27,27,2026-08-09 08:28,40,2026-08-09 09:06,+05:30,
T1-03516,R-27,27,2026-08-09 19:40,45,2026-08-09 20:30,+05:30,
T1-03517,R-27,27,2026-08-09 06:38,45,2026-08-09 07:34,+05:30,
T1-03518,R-27,27,2026-08-09 16:19,50,2026-08-09 17:06,+05:30,
T1-03519,R-27,27,2026-08-09 09:23,55,2026-08-09 10:18,+05:30,
T1-03520,R-27,27,2026-08-09 12:19,55,2026-08-09 13:24,+05:30,
T1-03521,R-27,27,2026-08-09 07:42,50,2026-08-09 08:36,+05:30,
T1-03522,R-27,27,2026-08-09 07:35,35,2026-08-09 08:07,+05:30,
T1-03523,R-27,27,2026-08-09 13:15,40,2026-08-09 14:04,+05:30,
T1-03524,R-27,27,2026-08-09 20:45,40,2026-08-09 21:36,+05:30,
T1-03525,R-27,27,2026-08-09 08:19,35,2026-08-09 08:57,+05:30,
T1-03526,R-27,27,2026-08-09 07:53,50,2026-08-09 08:44,+05:30,
T1-03527,R-27,27,2026-08-09 14:16,55,2026-08-09 15:09,+05:30,
T1-03528,R-27,27,2026-08-09 18:20,45,2026-08-09 19:09,+05:30,
T1-03529,R-27,27,2026-08-09 13:32,45,2026-08-09 14:19,+05:30,
T1-03530,R-27,27,2026-08-09 13:57,40,2026-08-09 14:36,+05:30,
T1-03531,R-27,27,2026-08-09 07:02,40,2026-08-09 07:38,+05:30,
T1-03532,R-27,27,2026-08-09 20:22,50,2026-08-09 21:12,+05:30,
T1-03533,R-27,27,2026-08-09 07:14,40,2026-08-09 07:54,+05:30,
T1-03534,R-27,27,2026-08-09 07:29,45,2026-08-09 08:17,+05:30,
T1-03535,R-27,27,2026-08-09 08:53,50,2026-08-09 09:44,+05:30,
T1-03536,R-28,28,2026-08-03 10:20,50,2026-08-03 11:15,+05:30,
T1-03537,R-28,28,2026-08-03 18:17,45,2026-08-03 19:04,+05:30,
T1-03538,R-28,28,2026-08-03 09:08,55,2026-08-03 10:05,+05:30,
T1-03539,R-28,28,2026-08-03 12:19,40,2026-08-03 13:04,+05:30,
T1-03540,R-28,28,2026-08-03 15:41,35,2026-08-03 16:19,+05:30,
T1-03541,R-28,28,2026-08-03 17:52,45,2026-08-03 18:34,+05:30,
T1-03542,R-28,28,2026-08-03 19:57,40,2026-08-03 20:35,+05:30,
T1-03543,R-28,28,2026-08-03 17:34,55,2026-08-03 18:28,+05:30,
T1-03544,R-28,28,2026-08-03 20:13,35,2026-08-03 20:48,+05:30,
T1-03545,R-28,28,2026-08-03 07:50,35,2026-08-03 08:31,+05:30,
T1-03546,R-28,28,2026-08-03 12:23,45,2026-08-03 13:02,+05:30,
T1-03547,R-28,28,2026-08-03 19:23,50,2026-08-03 20:18,+05:30,
T1-03548,R-28,28,2026-08-03 19:22,35,2026-08-03 19:50,+05:30,
T1-03549,R-28,28,2026-08-03 12:53,50,2026-08-03 13:41,+05:30,
T1-03550,R-28,28,2026-08-03 15:27,35,2026-08-03 16:05,+05:30,
T1-03551,R-28,28,2026-08-03 19:13,45,2026-08-03 19:57,+05:30,
T1-03552,R-28,28,2026-08-03 10:09,50,2026-08-03 10:56,+05:30,
T1-03553,R-28,28,2026-08-03 08:34,45,2026-08-03 09:25,+05:30,
T1-03554,R-28,28,2026-08-03 12:24,40,2026-08-03 13:03,+05:30,
T1-03555,R-28,28,2026-08-03 11:37,35,2026-08-03 12:20,+05:30,
T1-03556,R-28,28,2026-08-03 08:49,35,2026-08-03 09:21,+05:30,
T1-03557,R-28,28,2026-08-03 16:41,35,2026-08-03 17:17,+05:30,
T1-03558,R-28,28,2026-08-04 16:51,40,2026-08-04 17:31,+05:30,
T1-03559,R-28,28,2026-08-04 17:36,45,2026-08-04 18:23,+05:30,
T1-03560,R-28,28,2026-08-04 11:02,35,2026-08-04 11:41,+05:30,
T1-03561,R-28,28,2026-08-04 09:29,45,2026-08-04 10:17,+05:30,
T1-03562,R-28,28,2026-08-04 16:40,35,2026-08-04 17:15,+05:30,
T1-03563,R-28,28,2026-08-04 19:11,45,2026-08-04 19:54,+05:30,
T1-03564,R-28,28,2026-08-04 14:50,35,2026-08-04 15:25,+05:30,
T1-03565,R-28,28,2026-08-04 16:36,45,2026-08-04 17:23,+05:30,
T1-03566,R-28,28,2026-08-04 06:15,40,2026-08-04 06:58,+05:30,
T1-03567,R-28,28,2026-08-04 07:57,45,2026-08-04 08:46,+05:30,
T1-03568,R-28,28,2026-08-04 19:17,45,2026-08-04 20:03,+05:30,
T1-03569,R-28,28,2026-08-04 17:41,40,2026-08-04 18:21,+05:30,
T1-03570,R-28,28,2026-08-04 12:22,45,2026-08-04 13:04,+05:30,
T1-03571,R-28,28,2026-08-04 19:18,55,2026-08-04 20:10,+05:30,
T1-03572,R-28,28,2026-08-04 13:15,40,2026-08-04 13:49,+05:30,
T1-03573,R-28,28,2026-08-04 09:51,35,2026-08-04 10:24,+05:30,
T1-03574,R-28,28,2026-08-04 20:24,55,2026-08-04 21:14,+05:30,
T1-03575,R-28,28,2026-08-04 21:42,45,2026-08-04 22:31,+05:30,
T1-03576,R-28,28,2026-08-04 16:26,55,2026-08-04 17:24,+05:30,
T1-03577,R-28,28,2026-08-04 13:29,50,2026-08-04 14:22,+05:30,
T1-03578,R-28,28,2026-08-04 18:52,50,2026-08-04 19:37,+05:30,
T1-03579,R-28,28,2026-08-04 06:31,40,2026-08-04 07:12,+05:30,
T1-03580,R-28,28,2026-08-05 21:16,45,2026-08-05 22:02,+05:30,
T1-03581,R-28,28,2026-08-05 06:04,50,2026-08-05 06:53,+05:30,
T1-03582,R-28,28,2026-08-05 10:39,35,2026-08-05 11:12,+05:30,
T1-03583,R-28,28,2026-08-05 07:09,50,2026-08-05 07:53,+05:30,
T1-03584,R-28,28,2026-08-05 12:14,45,2026-08-05 12:54,+05:30,
T1-03585,R-28,28,2026-08-05 09:40,50,2026-08-05 10:32,+05:30,
T1-03586,R-28,28,2026-08-05 11:33,35,2026-08-05 12:11,+05:30,
T1-03587,R-28,28,2026-08-05 21:44,45,2026-08-05 22:27,+05:30,
T1-03588,R-28,28,2026-08-05 06:17,55,2026-08-05 07:16,+05:30,
T1-03589,R-28,28,2026-08-05 15:06,50,2026-08-05 15:58,+05:30,
T1-03590,R-28,28,2026-08-05 16:25,45,2026-08-05 17:10,+05:30,
T1-03591,R-28,28,2026-08-05 07:14,55,2026-08-05 08:08,+05:30,
T1-03592,R-28,28,2026-08-05 19:25,40,2026-08-05 20:11,+05:30,
T1-03593,R-28,28,2026-08-05 08:08,40,2026-08-05 08:41,+05:30,
T1-03594,R-28,28,2026-08-05 17:12,55,2026-08-05 18:10,+05:30,
T1-03595,R-28,28,2026-08-05 10:29,40,2026-08-05 11:13,+05:30,
T1-03596,R-28,28,2026-08-05 21:04,35,2026-08-05 21:38,+05:30,
T1-03597,R-28,28,2026-08-05 08:50,50,2026-08-05 09:36,+05:30,
T1-03598,R-28,28,2026-08-05 19:18,50,2026-08-05 20:12,+05:30,
T1-03599,R-28,28,2026-08-05 10:58,55,2026-08-05 11:55,+05:30,
T1-03600,R-28,28,2026-08-05 08:10,35,2026-08-05 08:54,+05:30,
T1-03601,R-28,28,2026-08-05 16:39,55,2026-08-05 17:33,+05:30,
T1-03602,R-28,28,2026-08-06 07:39,35,2026-08-06 08:17,+05:30,
T1-03603,R-28,28,2026-08-06 07:25,55,2026-08-06 08:25,+05:30,
T1-03604,R-28,28,2026-08-06 14:37,35,2026-08-06 15:14,+05:30,
T1-03605,R-28,28,2026-08-06 20:16,50,2026-08-06 21:08,+05:30,
T1-03606,R-28,28,2026-08-06 18:36,50,2026-08-06 19:22,+05:30,
T1-03607,R-28,28,2026-08-06 14:50,45,2026-08-06 15:26,+05:30,
T1-03608,R-28,28,2026-08-06 09:24,40,2026-08-06 10:11,+05:30,
T1-03609,R-28,28,2026-08-06 19:31,40,2026-08-06 20:15,+05:30,
T1-03610,R-28,28,2026-08-06 14:10,40,2026-08-06 14:48,+05:30,
T1-03611,R-28,28,2026-08-06 14:53,35,2026-08-06 15:25,+05:30,
T1-03612,R-28,28,2026-08-06 06:16,45,2026-08-06 07:08,+05:30,
T1-03613,R-28,28,2026-08-06 14:57,35,2026-08-06 15:32,+05:30,
T1-03614,R-28,28,2026-08-06 16:43,40,2026-08-06 17:25,+05:30,
T1-03615,R-28,28,2026-08-06 16:31,50,2026-08-06 17:25,+05:30,
T1-03616,R-28,28,2026-08-06 17:48,35,2026-08-06 18:25,+05:30,
T1-03617,R-28,28,2026-08-06 12:13,40,2026-08-06 12:57,+05:30,
T1-03618,R-28,28,2026-08-06 09:38,50,2026-08-06 10:24,+05:30,
T1-03619,R-28,28,2026-08-06 17:48,35,2026-08-06 18:17,+05:30,
T1-03620,R-28,28,2026-08-06 08:16,40,2026-08-06 09:00,+05:30,
T1-03621,R-28,28,2026-08-06 14:32,50,2026-08-06 15:18,+05:30,
T1-03622,R-28,28,2026-08-06 15:58,50,2026-08-06 16:57,+05:30,
T1-03623,R-28,28,2026-08-06 09:03,40,2026-08-06 09:39,+05:30,
T1-03624,R-28,28,2026-08-07 09:44,55,2026-08-07 10:37,+05:30,
T1-03625,R-28,28,2026-08-07 21:32,40,2026-08-07 22:13,+05:30,
T1-03626,R-28,28,2026-08-07 15:31,45,2026-08-07 16:20,+05:30,
T1-03627,R-28,28,2026-08-07 06:24,50,2026-08-07 07:07,+05:30,
T1-03628,R-28,28,2026-08-07 14:14,45,2026-08-07 14:56,+05:30,
T1-03629,R-28,28,2026-08-07 18:19,55,2026-08-07 19:18,+05:30,
T1-03630,R-28,28,2026-08-07 11:19,55,2026-08-07 12:20,+05:30,
T1-03631,R-28,28,2026-08-07 21:50,40,2026-08-07 22:30,+05:30,
T1-03632,R-28,28,2026-08-07 06:58,45,2026-08-07 07:42,+05:30,
T1-03633,R-28,28,2026-08-07 21:59,40,2026-08-07 22:47,+05:30,
T1-03634,R-28,28,2026-08-07 13:18,55,2026-08-07 14:19,+05:30,
T1-03635,R-28,28,2026-08-07 17:35,45,2026-08-07 18:24,+05:30,
T1-03636,R-28,28,2026-08-07 07:27,35,2026-08-07 07:22,+05:30,
T1-03637,R-28,28,2026-08-07 13:00,45,2026-08-07 13:45,+05:30,
T1-03638,R-28,28,2026-08-07 08:34,40,2026-08-07 09:05,+05:30,
T1-03639,R-28,28,2026-08-07 15:01,50,2026-08-07 15:55,+05:30,
T1-03640,R-28,28,2026-08-07 10:10,35,2026-08-07 10:48,+05:30,
T1-03641,R-28,28,2026-08-07 06:29,35,2026-08-07 08:60,+05:30,
T1-03642,R-28,28,2026-08-07 11:52,55,2026-08-07 12:39,+05:30,
T1-03643,R-28,28,2026-08-07 09:19,55,2026-08-07 10:08,+05:30,
T1-03644,R-28,28,2026-08-07 19:15,55,2026-08-07 20:04,+05:30,
T1-03645,R-28,28,2026-08-07 12:35,40,2026-08-07 13:14,+05:30,
T1-03646,R-28,28,2026-08-08 17:22,45,2026-08-08 18:11,+05:30,
T1-03647,R-28,28,2026-08-08 15:30,40,2026-08-08 16:09,+05:30,
T1-03648,R-28,28,2026-08-08 20:10,55,2026-08-08 21:07,+05:30,
T1-03649,R-28,28,2026-08-08 10:37,45,2026-08-08 11:23,+05:30,
T1-03650,R-28,28,2026-08-08 16:10,40,2026-08-08 16:45,+05:30,
T1-03651,R-28,28,2026-08-08 10:20,45,2026-08-08 11:09,+05:30,
T1-03652,R-28,28,2026-08-08 12:29,45,2026-08-08 13:25,+05:30,
T1-03653,R-28,28,2026-08-08 13:33,40,2026-08-08 14:15,+05:30,
T1-03654,R-28,28,2026-08-08 10:07,50,2026-08-08 10:57,+05:30,
T1-03655,R-28,28,2026-08-08 21:31,40,2026-08-08 22:08,+05:30,
T1-03656,R-28,28,2026-08-08 17:50,45,2026-08-08 18:31,+05:30,
T1-03657,R-28,28,2026-08-08 12:01,55,2026-08-08 12:57,+05:30,
T1-03658,R-28,28,2026-08-08 17:58,45,2026-08-08 18:42,+05:30,
T1-03659,R-28,28,2026-08-08 21:01,45,2026-08-08 21:48,+05:30,
T1-03660,R-28,28,2026-08-08 14:44,55,2026-08-08 15:38,+05:30,
T1-03661,R-28,28,2026-08-08 11:03,55,2026-08-08 11:59,+05:30,
T1-03662,R-28,28,2026-08-08 20:45,55,2026-08-08 21:39,+05:30,
T1-03663,R-28,28,2026-08-08 17:19,40,2026-08-08 17:58,+05:30,
T1-03664,R-28,28,2026-08-08 10:02,50,2026-08-08 10:52,+05:30,
T1-03665,R-28,28,2026-08-08 16:24,50,2026-08-08 17:17,+05:30,
T1-03666,R-28,28,2026-08-08 09:45,45,2026-08-08 10:29,+05:30,
T1-03667,R-28,28,2026-08-08 11:33,50,2026-08-08 12:23,+05:30,
T1-03668,R-28,28,2026-08-09 07:24,50,2026-08-09 08:09,+05:30,
T1-03669,R-28,28,2026-08-09 09:57,50,2026-08-09 08:60,+05:30,
T1-03670,R-28,28,2026-08-09 19:08,45,2026-08-09 19:55,+05:30,
T1-03671,R-28,28,2026-08-09 07:00,35,2026-08-09 07:42,+05:30,
T1-03672,R-28,28,2026-08-09 20:53,50,2026-08-09 21:48,+05:30,
T1-03673,R-28,28,2026-08-09 14:31,45,2026-08-09 15:17,+05:30,
T1-03674,R-28,28,2026-08-09 20:44,50,2026-08-09 21:31,+05:30,
T1-03675,R-28,28,2026-08-09 17:11,35,2026-08-09 17:44,+05:30,
T1-03676,R-28,28,2026-08-09 17:08,35,2026-08-09 17:42,+05:30,
T1-03677,R-28,28,2026-08-09 16:19,50,2026-08-09 17:09,+05:30,
T1-03678,R-28,28,2026-08-09 10:01,55,2026-08-09 10:59,+05:30,
T1-03679,R-28,28,2026-08-09 16:41,35,2026-08-09 17:16,+05:30,
T1-03680,R-28,28,2026-08-09 18:50,55,2026-08-09 19:47,+05:30,
T1-03681,R-28,28,2026-08-09 11:21,45,2026-08-09 12:11,+05:30,
T1-03682,R-28,28,2026-08-09 09:42,55,2026-08-09 10:46,+05:30,
T1-03683,R-28,28,2026-08-09 10:24,50,2026-08-09 11:11,+05:30,
T1-03684,R-28,28,2026-08-09 21:00,50,2026-08-09 21:51,+05:30,
T1-03685,R-28,28,2026-08-09 10:33,50,2026-08-09 11:28,+05:30,
T1-03686,R-28,28,2026-08-09 11:31,35,2026-08-09 12:06,+05:30,
T1-03687,R-28,28,2026-08-09 17:48,35,2026-08-09 18:25,+05:30,
T1-03688,R-28,28,2026-08-09 14:57,35,2026-08-09 15:31,+05:30,
T1-03689,R-28,28,2026-08-09 16:54,45,2026-08-09 17:45,+05:30,
T1-03690,R-29,29,2026-08-03 06:23,35,2026-08-03 06:57,+05:30,
T1-03691,R-29,29,2026-08-03 14:13,50,2026-08-03 15:03,+05:30,
T1-03692,R-29,29,2026-08-03 08:56,35,2026-08-03 09:27,+05:30,
T1-03693,R-29,29,2026-08-03 21:56,50,2026-08-03 22:37,+05:30,
T1-03694,R-29,29,2026-08-03 09:52,35,2026-08-03 10:34,+05:30,
T1-03695,R-29,29,2026-08-03 16:14,40,2026-08-03 16:52,+05:30,
T1-03696,R-29,29,2026-08-03 19:22,55,2026-08-03 20:20,+05:30,
T1-03697,R-29,29,2026-08-03 10:04,35,2026-08-03 10:38,+05:30,
T1-03698,R-29,29,2026-08-03 11:27,55,2026-08-03 12:24,+05:30,
T1-03699,R-29,29,2026-08-03 11:16,50,2026-08-03 12:06,+05:30,
T1-03700,R-29,29,2026-08-03 06:36,45,2026-08-03 07:17,+05:30,
T1-03701,R-29,29,2026-08-03 18:29,45,2026-08-03 19:22,+05:30,
T1-03702,R-29,29,2026-08-03 06:27,50,2026-08-03 07:14,+05:30,
T1-03703,R-29,29,2026-08-03 07:24,35,2026-08-03 07:54,+05:30,
T1-03704,R-29,29,2026-08-03 21:52,40,2026-08-03 22:37,+05:30,
T1-03705,R-29,29,2026-08-03 19:33,50,2026-08-03 20:26,+05:30,
T1-03706,R-29,29,2026-08-03 07:47,35,2026-08-03 08:20,+05:30,
T1-03707,R-29,29,2026-08-03 18:51,40,2026-08-03 19:34,+05:30,
T1-03708,R-29,29,2026-08-03 12:19,45,2026-08-03 13:03,+05:30,
T1-03709,R-29,29,2026-08-03 19:38,40,2026-08-03 20:17,+05:30,
T1-03710,R-29,29,2026-08-03 09:57,55,2026-08-03 10:43,+05:30,
T1-03711,R-29,29,2026-08-03 13:15,35,2026-08-03 13:46,+05:30,
T1-03712,R-29,29,2026-08-04 17:25,40,2026-08-04 18:06,+05:30,
T1-03713,R-29,29,2026-08-04 10:03,40,2026-08-04 10:44,+05:30,
T1-03714,R-29,29,2026-08-04 17:17,55,2026-08-04 18:10,+05:30,
T1-03715,R-29,29,2026-08-04 18:08,40,2026-08-04 18:50,+05:30,
T1-03716,R-29,29,2026-08-04 20:18,45,2026-08-04 08:60,+05:30,
T1-03717,R-29,29,2026-08-04 14:26,35,2026-08-04 14:58,+05:30,
T1-03718,R-29,29,2026-08-04 08:08,50,2026-08-04 09:03,+05:30,
T1-03719,R-29,29,2026-08-04 16:07,45,2026-08-04 16:52,+05:30,
T1-03720,R-29,29,2026-08-04 19:54,50,2026-08-04 20:45,+05:30,
T1-03721,R-29,29,2026-08-04 21:12,45,2026-08-04 21:51,+05:30,
T1-03722,R-29,29,2026-08-04 08:51,50,2026-08-04 09:38,+05:30,
T1-03723,R-29,29,2026-08-04 17:17,40,2026-08-04 17:50,+05:30,
T1-03724,R-29,29,2026-08-04 07:42,55,2026-08-04 08:36,+05:30,
T1-03725,R-29,29,2026-08-04 17:13,50,2026-08-04 18:02,+05:30,
T1-03726,R-29,29,2026-08-04 12:06,35,2026-08-04 12:43,+05:30,
T1-03727,R-29,29,2026-08-04 14:50,40,2026-08-04 15:26,+05:30,
T1-03728,R-29,29,2026-08-04 10:38,40,2026-08-04 11:16,+05:30,
T1-03729,R-29,29,2026-08-04 18:00,50,2026-08-04 18:48,+05:30,
T1-03730,R-29,29,2026-08-04 12:27,45,2026-08-04 13:06,+05:30,
T1-03731,R-29,29,2026-08-04 14:17,55,2026-08-04 15:12,+05:30,
T1-03732,R-29,29,2026-08-04 06:47,55,2026-08-04 07:40,+05:30,
T1-03733,R-29,29,2026-08-04 06:30,40,2026-08-04 08:60,+05:30,
T1-03734,R-29,29,2026-08-05 13:40,55,2026-08-05 14:35,+05:30,
T1-03735,R-29,29,2026-08-05 10:39,45,2026-08-05 11:28,+05:30,
T1-03736,R-29,29,2026-08-05 13:04,45,2026-08-05 13:45,+05:30,
T1-03737,R-29,29,2026-08-05 17:18,50,2026-08-05 18:12,+05:30,
T1-03738,R-29,29,2026-08-05 07:54,35,2026-08-05 08:27,+05:30,
T1-03739,R-29,29,2026-08-05 20:30,35,2026-08-05 21:04,+05:30,
T1-03740,R-29,29,2026-08-05 11:16,40,2026-08-05 11:54,+05:30,
T1-03741,R-29,29,2026-08-05 07:22,50,2026-08-05 08:08,+05:30,
T1-03742,R-29,29,2026-08-05 06:13,50,2026-08-05 07:02,+05:30,
T1-03743,R-29,29,2026-08-05 20:54,40,2026-08-05 21:29,+05:30,
T1-03744,R-29,29,2026-08-05 15:30,55,2026-08-05 16:23,+05:30,
T1-03745,R-29,29,2026-08-05 15:09,45,2026-08-05 15:59,+05:30,
T1-03746,R-29,29,2026-08-05 11:27,40,2026-08-05 12:05,+05:30,
T1-03747,R-29,29,2026-08-05 20:11,55,2026-08-05 21:03,+05:30,
T1-03748,R-29,29,2026-08-05 15:47,55,2026-08-05 16:39,+05:30,
T1-03749,R-29,29,2026-08-05 12:57,35,2026-08-05 13:33,+05:30,
T1-03750,R-29,29,2026-08-05 09:32,45,2026-08-05 10:18,+05:30,
T1-03751,R-29,29,2026-08-05 16:49,50,2026-08-05 17:31,+05:30,
T1-03752,R-29,29,2026-08-05 16:54,40,2026-08-05 17:33,+05:30,
T1-03753,R-29,29,2026-08-05 18:38,50,2026-08-05 19:28,+05:30,
T1-03754,R-29,29,2026-08-05 06:19,40,2026-08-05 06:55,+05:30,
T1-03755,R-29,29,2026-08-05 20:19,45,2026-08-05 21:08,+05:30,
T1-03756,R-29,29,2026-08-06 12:19,45,2026-08-06 12:49,+05:30,
T1-03757,R-29,29,2026-08-06 17:24,50,2026-08-06 18:10,+05:30,
T1-03758,R-29,29,2026-08-06 09:13,45,2026-08-06 10:02,+05:30,
T1-03759,R-29,29,2026-08-06 12:22,45,2026-08-06 13:00,+05:30,
T1-03760,R-29,29,2026-08-06 17:51,50,2026-08-06 18:36,+05:30,
T1-03761,R-29,29,2026-08-06 17:42,40,2026-08-06 18:22,+05:30,
T1-03762,R-29,29,2026-08-06 12:32,55,2026-08-06 13:25,+05:30,
T1-03763,R-29,29,2026-08-06 17:02,50,2026-08-06 17:49,+05:30,
T1-03764,R-29,29,2026-08-06 18:39,55,2026-08-06 19:35,+05:30,
T1-03765,R-29,29,2026-08-06 06:51,50,2026-08-06 07:39,+05:30,
T1-03766,R-29,29,2026-08-06 11:47,40,2026-08-06 12:25,+05:30,
T1-03767,R-29,29,2026-08-06 10:56,40,2026-08-06 11:37,+05:30,
T1-03768,R-29,29,2026-08-06 10:19,55,2026-08-06 11:14,+05:30,
T1-03769,R-29,29,2026-08-06 14:20,55,2026-08-06 15:17,+05:30,
T1-03770,R-29,29,2026-08-06 10:45,50,2026-08-06 11:37,+05:30,
T1-03771,R-29,29,2026-08-06 12:44,45,2026-08-06 13:30,+05:30,
T1-03772,R-29,29,2026-08-06 08:56,50,2026-08-06 09:44,+05:30,
T1-03773,R-29,29,2026-08-06 17:16,35,2026-08-06 17:51,+05:30,
T1-03774,R-29,29,2026-08-06 15:44,35,2026-08-06 16:16,+05:30,
T1-03775,R-29,29,2026-08-06 11:40,35,2026-08-06 12:12,+05:30,
T1-03776,R-29,29,2026-08-06 17:20,35,2026-08-06 17:56,+05:30,
T1-03777,R-29,29,2026-08-06 12:24,55,2026-08-06 13:21,+05:30,
T1-03778,R-29,29,2026-08-07 16:39,45,2026-08-07 17:22,+05:30,
T1-03779,R-29,29,2026-08-07 21:53,55,2026-08-07 22:48,+05:30,
T1-03780,R-29,29,2026-08-07 16:58,40,2026-08-07 17:36,+05:30,
T1-03781,R-29,29,2026-08-07 17:03,55,2026-08-07 18:07,+05:30,
T1-03782,R-29,29,2026-08-07 21:32,50,2026-08-07 22:21,+05:30,
T1-03783,R-29,29,2026-08-07 18:51,45,2026-08-07 19:36,+05:30,
T1-03784,R-29,29,2026-08-07 20:04,55,2026-08-07 20:53,+05:30,
T1-03785,R-29,29,2026-08-07 07:59,45,2026-08-07 08:44,+05:30,
T1-03786,R-29,29,2026-08-07 18:24,45,2026-08-07 19:07,+05:30,
T1-03787,R-29,29,2026-08-07 20:45,45,2026-08-07 21:31,+05:30,
T1-03788,R-29,29,2026-08-07 21:58,55,2026-08-07 22:49,+05:30,
T1-03789,R-29,29,2026-08-07 09:54,40,2026-08-07 10:35,+05:30,
T1-03790,R-29,29,2026-08-07 13:20,50,2026-08-07 14:10,+05:30,
T1-03791,R-29,29,2026-08-07 09:35,55,2026-08-07 10:38,+05:30,
T1-03792,R-29,29,2026-08-07 06:10,40,2026-08-07 06:43,+05:30,
T1-03793,R-29,29,2026-08-07 21:54,55,2026-08-07 22:44,+05:30,
T1-03794,R-29,29,2026-08-07 20:48,35,2026-08-07 21:20,+05:30,
T1-03795,R-29,29,2026-08-07 17:48,40,2026-08-07 18:28,+05:30,
T1-03796,R-29,29,2026-08-07 14:10,35,2026-08-07 14:55,+05:30,
T1-03797,R-29,29,2026-08-07 14:22,35,2026-08-07 15:00,+05:30,
T1-03798,R-29,29,2026-08-07 12:36,50,2026-08-07 13:25,+05:30,
T1-03799,R-29,29,2026-08-07 13:10,40,2026-08-07 13:50,+05:30,
T1-03800,R-29,29,2026-08-08 11:53,45,2026-08-08 12:41,+05:30,
T1-03801,R-29,29,2026-08-08 18:06,50,2026-08-08 19:00,+05:30,
T1-03802,R-29,29,2026-08-08 16:08,50,2026-08-08 16:54,+05:30,
T1-03803,R-29,29,2026-08-08 13:02,50,2026-08-08 13:56,+05:30,
T1-03804,R-29,29,2026-08-08 19:31,45,2026-08-08 20:14,+05:30,
T1-03805,R-29,29,2026-08-08 10:38,55,2026-08-08 11:34,+05:30,
T1-03806,R-29,29,2026-08-08 20:17,35,2026-08-08 20:51,+05:30,
T1-03807,R-29,29,2026-08-08 14:07,55,2026-08-08 14:58,+05:30,
T1-03808,R-29,29,2026-08-08 11:26,45,2026-08-08 12:04,+05:30,
T1-03809,R-29,29,2026-08-08 13:39,45,2026-08-08 14:22,+05:30,
T1-03810,R-29,29,2026-08-08 12:53,40,2026-08-08 13:28,+05:30,
T1-03811,R-29,29,2026-08-08 20:28,45,2026-08-08 21:12,+05:30,
T1-03812,R-29,29,2026-08-08 14:51,35,2026-08-08 15:23,+05:30,
T1-03813,R-29,29,2026-08-08 19:00,45,2026-08-08 19:49,+05:30,
T1-03814,R-29,29,2026-08-08 13:12,40,2026-08-08 13:57,+05:30,
T1-03815,R-29,29,2026-08-08 07:27,55,2026-08-08 08:25,+05:30,
T1-03816,R-29,29,2026-08-08 13:24,50,2026-08-08 14:22,+05:30,
T1-03817,R-29,29,2026-08-08 21:21,45,2026-08-08 22:08,+05:30,
T1-03818,R-29,29,2026-08-08 17:45,45,2026-08-08 18:31,+05:30,
T1-03819,R-29,29,2026-08-08 09:20,55,2026-08-08 10:19,+05:30,
T1-03820,R-29,29,2026-08-08 16:02,55,2026-08-08 16:57,+05:30,
T1-03821,R-29,29,2026-08-08 20:49,40,2026-08-08 21:22,+05:30,
T1-03822,R-29,29,2026-08-09 13:27,50,2026-08-09 08:60,+05:30,
T1-03823,R-29,29,2026-08-09 11:54,35,2026-08-09 12:26,+05:30,
T1-03824,R-29,29,2026-08-09 08:06,35,2026-08-09 08:35,+05:30,
T1-03825,R-29,29,2026-08-09 09:42,55,2026-08-09 10:27,+05:30,
T1-03826,R-29,29,2026-08-09 16:43,35,2026-08-09 17:15,+05:30,
T1-03827,R-29,29,2026-08-09 19:39,55,2026-08-09 20:37,+05:30,
T1-03828,R-29,29,2026-08-09 10:55,55,2026-08-09 11:49,+05:30,
T1-03829,R-29,29,2026-08-09 09:53,45,2026-08-09 10:34,+05:30,
T1-03830,R-29,29,2026-08-09 17:51,55,2026-08-09 18:49,+05:30,
T1-03831,R-29,29,2026-08-09 08:05,55,2026-08-09 09:03,+05:30,
T1-03832,R-29,29,2026-08-09 20:19,35,2026-08-09 20:51,+05:30,
T1-03833,R-29,29,2026-08-09 18:50,55,2026-08-09 19:43,+05:30,
T1-03834,R-29,29,2026-08-09 18:44,45,2026-08-09 19:28,+05:30,
T1-03835,R-29,29,2026-08-09 17:47,50,2026-08-09 18:31,+05:30,
T1-03836,R-29,29,2026-08-09 15:50,50,2026-08-09 16:39,+05:30,
T1-03837,R-29,29,2026-08-09 12:40,45,2026-08-09 13:18,+05:30,
T1-03838,R-29,29,2026-08-09 12:00,55,2026-08-09 12:52,+05:30,
T1-03839,R-29,29,2026-08-09 08:47,45,2026-08-09 09:26,+05:30,
T1-03840,R-29,29,2026-08-09 07:01,55,2026-08-09 07:53,+05:30,
T1-03841,R-29,29,2026-08-09 19:28,35,2026-08-09 20:03,+05:30,
T1-03842,R-29,29,2026-08-09 11:11,40,2026-08-09 11:53,+05:30,
T1-03843,R-29,29,2026-08-09 18:45,45,2026-08-09 19:35,+05:30,
T1-03844,R-30,30,2026-08-03 09:16,35,2026-08-03 09:53,+05:30,
T1-03845,R-30,30,2026-08-03 07:24,45,2026-08-03 08:10,+05:30,
T1-03846,R-30,30,2026-08-03 07:51,45,2026-08-03 08:37,+05:30,
T1-03847,R-30,30,2026-08-03 13:26,55,2026-08-03 14:18,+05:30,
T1-03848,R-30,30,2026-08-03 07:36,50,2026-08-03 08:22,+05:30,
T1-03849,R-30,30,2026-08-03 10:33,50,2026-08-03 11:30,+05:30,
T1-03850,R-30,30,2026-08-03 15:10,45,2026-08-03 15:51,+05:30,
T1-03851,R-30,30,2026-08-03 18:06,45,2026-08-03 18:50,+05:30,
T1-03852,R-30,30,2026-08-03 08:44,45,2026-08-03 09:34,+05:30,
T1-03853,R-30,30,2026-08-03 06:07,50,2026-08-03 06:59,+05:30,
T1-03854,R-30,30,2026-08-03 11:35,55,2026-08-03 12:31,+05:30,
T1-03855,R-30,30,2026-08-03 18:02,35,2026-08-03 18:38,+05:30,
T1-03856,R-30,30,2026-08-03 08:39,55,2026-08-03 09:33,+05:30,
T1-03857,R-30,30,2026-08-03 16:06,35,2026-08-03 16:44,+05:30,
T1-03858,R-30,30,2026-08-03 11:11,35,2026-08-03 11:43,+05:30,
T1-03859,R-30,30,2026-08-03 16:46,45,2026-08-03 17:28,+05:30,
T1-03860,R-30,30,2026-08-03 17:25,55,2026-08-03 18:25,+05:30,
T1-03861,R-30,30,2026-08-03 16:06,35,2026-08-03 16:45,+05:30,
T1-03862,R-30,30,2026-08-03 17:07,45,2026-08-03 17:45,+05:30,
T1-03863,R-30,30,2026-08-03 11:21,55,2026-08-03 12:16,+05:30,
T1-03864,R-30,30,2026-08-03 17:36,50,2026-08-03 18:36,+05:30,
T1-03865,R-30,30,2026-08-04 19:18,55,2026-08-04 20:21,+05:30,
T1-03866,R-30,30,2026-08-04 17:47,35,2026-08-04 18:32,+05:30,
T1-03867,R-30,30,2026-08-04 08:29,55,2026-08-04 09:26,+05:30,
T1-03868,R-30,30,2026-08-04 12:46,40,2026-08-04 13:26,+05:30,
T1-03869,R-30,30,2026-08-04 13:03,35,2026-08-04 13:43,+05:30,
T1-03870,R-30,30,2026-08-04 09:33,40,2026-08-04 10:13,+05:30,
T1-03871,R-30,30,2026-08-04 18:11,35,2026-08-04 18:49,+05:30,
T1-03872,R-30,30,2026-08-04 12:31,40,2026-08-04 13:11,+05:30,
T1-03873,R-30,30,2026-08-04 12:44,45,2026-08-04 13:40,+05:30,
T1-03874,R-30,30,2026-08-04 11:00,35,2026-08-04 11:29,+05:30,
T1-03875,R-30,30,2026-08-04 10:24,40,2026-08-04 11:02,+05:30,
T1-03876,R-30,30,2026-08-04 21:22,35,2026-08-04 21:56,+05:30,
T1-03877,R-30,30,2026-08-04 14:34,40,2026-08-04 15:17,+05:30,
T1-03878,R-30,30,2026-08-04 15:21,45,2026-08-04 16:05,+05:30,
T1-03879,R-30,30,2026-08-04 13:30,40,2026-08-04 14:07,+05:30,
T1-03880,R-30,30,2026-08-04 06:53,40,2026-08-04 07:30,+05:30,
T1-03881,R-30,30,2026-08-04 08:53,50,2026-08-04 09:40,+05:30,
T1-03882,R-30,30,2026-08-04 21:16,50,2026-08-04 22:01,+05:30,
T1-03883,R-30,30,2026-08-04 07:01,40,2026-08-04 07:41,+05:30,
T1-03884,R-30,30,2026-08-04 12:07,40,2026-08-04 12:45,+05:30,
T1-03885,R-30,30,2026-08-04 12:53,35,2026-08-04 13:21,+05:30,
T1-03886,R-30,30,2026-08-05 14:35,35,2026-08-05 15:14,+05:30,
T1-03887,R-30,30,2026-08-05 19:57,35,2026-08-05 20:33,+05:30,
T1-03888,R-30,30,2026-08-05 09:40,55,2026-08-05 10:35,+05:30,
T1-03889,R-30,30,2026-08-05 19:11,55,2026-08-05 20:05,+05:30,
T1-03890,R-30,30,2026-08-05 14:56,50,2026-08-05 15:40,+05:30,
T1-03891,R-30,30,2026-08-05 21:12,55,2026-08-05 22:09,+05:30,
T1-03892,R-30,30,2026-08-05 10:37,35,2026-08-05 11:15,+05:30,
T1-03893,R-30,30,2026-08-05 16:13,35,2026-08-05 16:45,+05:30,
T1-03894,R-30,30,2026-08-05 07:55,40,2026-08-05 08:38,+05:30,
T1-03895,R-30,30,2026-08-05 17:02,55,2026-08-05 17:49,+05:30,
T1-03896,R-30,30,2026-08-05 16:52,40,2026-08-05 17:27,+05:30,
T1-03897,R-30,30,2026-08-05 08:00,40,2026-08-05 08:37,+05:30,
T1-03898,R-30,30,2026-08-05 19:26,40,2026-08-05 19:57,+05:30,
T1-03899,R-30,30,2026-08-05 11:49,50,2026-08-05 12:41,+05:30,
T1-03900,R-30,30,2026-08-05 13:56,45,2026-08-05 14:32,+05:30,
T1-03901,R-30,30,2026-08-05 08:05,45,2026-08-05 08:52,+05:30,
T1-03902,R-30,30,2026-08-05 15:04,55,2026-08-05 16:03,+05:30,
T1-03903,R-30,30,2026-08-05 07:40,55,2026-08-05 08:40,+05:30,
T1-03904,R-30,30,2026-08-05 14:25,40,2026-08-05 14:57,+05:30,
T1-03905,R-30,30,2026-08-05 19:17,50,2026-08-05 20:04,+05:30,
T1-03906,R-30,30,2026-08-05 12:14,55,2026-08-05 13:12,+05:30,
T1-03907,R-30,30,2026-08-06 16:17,35,2026-08-06 16:59,+05:30,
T1-03908,R-30,30,2026-08-06 10:04,55,2026-08-06 10:55,+05:30,
T1-03909,R-30,30,2026-08-06 07:42,40,2026-08-06 08:20,+05:30,
T1-03910,R-30,30,2026-08-06 08:04,45,2026-08-06 08:49,+05:30,
T1-03911,R-30,30,2026-08-06 20:51,50,2026-08-06 21:40,+05:30,
T1-03912,R-30,30,2026-08-06 10:53,50,2026-08-06 11:46,+05:30,
T1-03913,R-30,30,2026-08-06 20:28,45,2026-08-06 21:15,+05:30,
T1-03914,R-30,30,2026-08-06 06:52,35,2026-08-06 07:21,+05:30,
T1-03915,R-30,30,2026-08-06 21:52,40,2026-08-06 22:31,+05:30,
T1-03916,R-30,30,2026-08-06 17:37,45,2026-08-06 18:28,+05:30,
T1-03917,R-30,30,2026-08-06 13:54,45,2026-08-06 14:35,+05:30,
T1-03918,R-30,30,2026-08-06 08:37,45,2026-08-06 09:17,+05:30,
T1-03919,R-30,30,2026-08-06 14:31,35,2026-08-06 15:09,+05:30,
T1-03920,R-30,30,2026-08-06 07:01,45,2026-08-06 07:45,+05:30,
T1-03921,R-30,30,2026-08-06 18:00,40,2026-08-06 18:43,+05:30,
T1-03922,R-30,30,2026-08-06 09:58,55,2026-08-06 10:54,+05:30,
T1-03923,R-30,30,2026-08-06 21:10,40,2026-08-06 21:49,+05:30,
T1-03924,R-30,30,2026-08-06 14:22,35,2026-08-06 14:58,+05:30,
T1-03925,R-30,30,2026-08-06 11:59,45,2026-08-06 12:44,+05:30,
T1-03926,R-30,30,2026-08-06 11:43,45,2026-08-06 12:32,+05:30,
T1-03927,R-30,30,2026-08-06 19:25,45,2026-08-06 20:05,+05:30,
T1-03928,R-30,30,2026-08-07 13:28,55,2026-08-07 14:27,+05:30,
T1-03929,R-30,30,2026-08-07 19:27,35,2026-08-07 20:00,+05:30,
T1-03930,R-30,30,2026-08-07 11:42,55,2026-08-07 12:36,+05:30,
T1-03931,R-30,30,2026-08-07 13:10,55,2026-08-07 14:02,+05:30,
T1-03932,R-30,30,2026-08-07 06:04,55,2026-08-07 06:57,+05:30,
T1-03933,R-30,30,2026-08-07 15:58,45,2026-08-07 16:38,+05:30,
T1-03934,R-30,30,2026-08-07 16:38,45,2026-08-07 17:18,+05:30,
T1-03935,R-30,30,2026-08-07 11:51,35,2026-08-07 12:30,+05:30,
T1-03936,R-30,30,2026-08-07 15:11,40,2026-08-07 15:49,+05:30,
T1-03937,R-30,30,2026-08-07 10:38,35,2026-08-07 11:14,+05:30,
T1-03938,R-30,30,2026-08-07 15:26,50,2026-08-07 16:13,+05:30,
T1-03939,R-30,30,2026-08-07 07:17,45,2026-08-07 08:01,+05:30,
T1-03940,R-30,30,2026-08-07 17:01,40,2026-08-07 17:44,+05:30,
T1-03941,R-30,30,2026-08-07 15:24,40,2026-08-07 16:04,+05:30,
T1-03942,R-30,30,2026-08-07 07:31,45,2026-08-07 08:15,+05:30,
T1-03943,R-30,30,2026-08-07 15:23,40,2026-08-07 16:06,+05:30,
T1-03944,R-30,30,2026-08-07 15:53,50,2026-08-07 16:41,+05:30,
T1-03945,R-30,30,2026-08-07 19:29,40,2026-08-07 20:11,+05:30,
T1-03946,R-30,30,2026-08-07 19:19,50,2026-08-07 20:05,+05:30,
T1-03947,R-30,30,2026-08-07 14:41,55,2026-08-07 15:32,+05:30,
T1-03948,R-30,30,2026-08-07 13:07,55,2026-08-07 14:00,+05:30,
T1-03949,R-30,30,2026-08-08 16:44,40,2026-08-08 17:19,+05:30,
T1-03950,R-30,30,2026-08-08 11:44,40,2026-08-08 12:18,+05:30,
T1-03951,R-30,30,2026-08-08 09:47,50,2026-08-08 10:39,+05:30,
T1-03952,R-30,30,2026-08-08 08:22,45,2026-08-08 08:55,+05:30,
T1-03953,R-30,30,2026-08-08 10:25,35,2026-08-08 10:57,+05:30,
T1-03954,R-30,30,2026-08-08 08:50,40,2026-08-08 09:28,+05:30,
T1-03955,R-30,30,2026-08-08 09:33,35,2026-08-08 10:12,+05:30,
T1-03956,R-30,30,2026-08-08 17:12,50,2026-08-08 18:00,+05:30,
T1-03957,R-30,30,2026-08-08 09:53,55,2026-08-08 10:45,+05:30,
T1-03958,R-30,30,2026-08-08 14:24,35,2026-08-08 15:02,+05:30,
T1-03959,R-30,30,2026-08-08 20:40,55,2026-08-08 21:35,+05:30,
T1-03960,R-30,30,2026-08-08 09:42,40,2026-08-08 10:23,+05:30,
T1-03961,R-30,30,2026-08-08 17:25,35,2026-08-08 17:59,+05:30,
T1-03962,R-30,30,2026-08-08 20:20,45,2026-08-08 21:12,+05:30,
T1-03963,R-30,30,2026-08-08 06:58,55,2026-08-08 07:53,+05:30,
T1-03964,R-30,30,2026-08-08 12:05,35,2026-08-08 12:32,+05:30,
T1-03965,R-30,30,2026-08-08 19:04,40,2026-08-08 19:44,+05:30,
T1-03966,R-30,30,2026-08-08 18:22,55,2026-08-08 19:19,+05:30,
T1-03967,R-30,30,2026-08-08 18:26,40,2026-08-08 19:00,+05:30,
T1-03968,R-30,30,2026-08-08 18:19,40,2026-08-08 18:57,+05:30,
T1-03969,R-30,30,2026-08-08 17:44,55,2026-08-08 18:37,+05:30,
T1-03970,R-30,30,2026-08-09 12:40,45,2026-08-09 13:28,+05:30,
T1-03971,R-30,30,2026-08-09 18:21,40,2026-08-09 19:05,+05:30,
T1-03972,R-30,30,2026-08-09 09:17,50,2026-08-09 10:07,+05:30,
T1-03973,R-30,30,2026-08-09 15:12,55,2026-08-09 16:01,+05:30,
T1-03974,R-30,30,2026-08-09 11:17,35,2026-08-09 12:00,+05:30,
T1-03975,R-30,30,2026-08-09 08:39,35,2026-08-09 09:09,+05:30,
T1-03976,R-30,30,2026-08-09 20:15,35,2026-08-09 20:46,+05:30,
T1-03977,R-30,30,2026-08-09 12:28,50,2026-08-09 13:19,+05:30,
T1-03978,R-30,30,2026-08-09 19:19,35,2026-08-09 19:49,+05:30,
T1-03979,R-30,30,2026-08-09 11:27,35,2026-08-09 11:58,+05:30,
T1-03980,R-30,30,2026-08-09 15:27,50,2026-08-09 16:17,+05:30,
T1-03981,R-30,30,2026-08-09 08:33,35,2026-08-09 09:10,+05:30,
T1-03982,R-30,30,2026-08-09 06:01,35,2026-08-09 06:44,+05:30,
T1-03983,R-30,30,2026-08-09 10:09,35,2026-08-09 10:45,+05:30,
T1-03984,R-30,30,2026-08-09 12:53,45,2026-08-09 13:37,+05:30,
T1-03985,R-30,30,2026-08-09 14:24,35,2026-08-09 14:54,+05:30,
T1-03986,R-30,30,2026-08-09 09:36,55,2026-08-09 10:29,+05:30,
T1-03987,R-30,30,2026-08-09 15:10,35,2026-08-09 15:50,+05:30,
T1-03988,R-30,30,2026-08-09 17:51,55,2026-08-09 18:43,+05:30,
T1-03989,R-30,30,2026-08-09 13:48,35,2026-08-09 14:29,+05:30,
T1-03990,R-30,30,2026-08-09 16:43,50,2026-08-09 17:28,+05:30,
T1-03991,R-31,31,2026-08-03 19:33,45,2026-08-03 20:16,+05:30,
T1-03992,R-31,31,2026-08-03 19:04,40,2026-08-03 19:45,+05:30,
T1-03993,R-31,31,2026-08-03 11:11,35,2026-08-03 11:48,+05:30,
T1-03994,R-31,31,2026-08-03 06:22,45,2026-08-03 07:11,+05:30,
T1-03995,R-31,31,2026-08-03 07:36,50,2026-08-03 08:34,+05:30,
T1-03996,R-31,31,2026-08-03 15:51,35,2026-08-03 16:31,+05:30,
T1-03997,R-31,31,2026-08-03 16:56,40,2026-08-03 17:38,+05:30,
T1-03998,R-31,31,2026-08-03 13:26,55,2026-08-03 14:20,+05:30,
T1-03999,R-31,31,2026-08-03 13:49,55,2026-08-03 14:51,+05:30,
T1-04000,R-31,31,2026-08-03 14:00,45,2026-08-03 14:48,+05:30,
T1-04001,R-31,31,2026-08-03 18:12,35,2026-08-03 18:52,+05:30,
T1-04002,R-31,31,2026-08-03 09:29,40,2026-08-03 10:07,+05:30,
T1-04003,R-31,31,2026-08-03 13:31,45,2026-08-03 14:20,+05:30,
T1-04004,R-31,31,2026-08-03 16:33,55,2026-08-03 17:36,+05:30,
T1-04005,R-31,31,2026-08-03 14:34,40,2026-08-03 15:22,+05:30,
T1-04006,R-31,31,2026-08-03 21:04,40,2026-08-03 21:42,+05:30,
T1-04007,R-31,31,2026-08-04 08:06,55,2026-08-04 09:08,+05:30,
T1-04008,R-31,31,2026-08-04 14:13,40,2026-08-04 14:53,+05:30,
T1-04009,R-31,31,2026-08-04 20:51,50,2026-08-04 21:47,+05:30,
T1-04010,R-31,31,2026-08-04 15:02,50,2026-08-04 16:01,+05:30,
T1-04011,R-31,31,2026-08-04 17:23,50,2026-08-04 18:17,+05:30,
T1-04012,R-31,31,2026-08-04 17:31,40,2026-08-04 18:11,+05:30,
T1-04013,R-31,31,2026-08-04 10:40,50,2026-08-04 11:31,+05:30,
T1-04014,R-31,31,2026-08-04 11:35,55,2026-08-04 12:29,+05:30,
T1-04015,R-31,31,2026-08-04 12:25,50,2026-08-04 13:22,+05:30,
T1-04016,R-31,31,2026-08-04 09:43,40,2026-08-04 10:19,+05:30,
T1-04017,R-31,31,2026-08-04 08:11,35,2026-08-04 08:52,+05:30,
T1-04018,R-31,31,2026-08-04 18:29,45,2026-08-04 19:19,+05:30,
T1-04019,R-31,31,2026-08-04 15:52,35,2026-08-04 16:31,+05:30,
T1-04020,R-31,31,2026-08-04 09:40,50,2026-08-04 10:36,+05:30,
T1-04021,R-31,31,2026-08-04 18:15,35,2026-08-04 18:59,+05:30,
T1-04022,R-31,31,2026-08-04 19:18,55,2026-08-04 20:19,+05:30,
T1-04023,R-31,31,2026-08-05 14:13,35,2026-08-05 14:52,+05:30,
T1-04024,R-31,31,2026-08-05 20:33,40,2026-08-05 21:08,+05:30,
T1-04025,R-31,31,2026-08-05 12:32,40,2026-08-05 13:22,+05:30,
T1-04026,R-31,31,2026-08-05 10:35,45,2026-08-05 11:28,+05:30,
T1-04027,R-31,31,2026-08-05 11:27,40,2026-08-05 12:13,+05:30,
T1-04028,R-31,31,2026-08-05 11:20,45,2026-08-05 12:11,+05:30,
T1-04029,R-31,31,2026-08-05 09:53,35,2026-08-05 10:29,+05:30,
T1-04030,R-31,31,2026-08-05 17:57,40,2026-08-05 18:42,+05:30,
T1-04031,R-31,31,2026-08-05 12:19,50,2026-08-05 13:16,+05:30,
T1-04032,R-31,31,2026-08-05 20:39,45,2026-08-05 21:26,+05:30,
T1-04033,R-31,31,2026-08-05 08:08,35,2026-08-05 08:49,+05:30,
T1-04034,R-31,31,2026-08-05 12:16,50,2026-08-05 13:09,+05:30,
T1-04035,R-31,31,2026-08-05 15:17,50,2026-08-05 16:06,+05:30,
T1-04036,R-31,31,2026-08-05 15:13,55,2026-08-05 16:08,+05:30,
T1-04037,R-31,31,2026-08-05 13:17,40,2026-08-05 13:55,+05:30,
T1-04038,R-31,31,2026-08-05 18:15,55,2026-08-05 19:09,+05:30,
T1-04039,R-31,31,2026-08-06 12:30,50,2026-08-06 13:30,+05:30,
T1-04040,R-31,31,2026-08-06 17:51,45,2026-08-06 18:40,+05:30,
T1-04041,R-31,31,2026-08-06 08:23,40,2026-08-06 09:09,+05:30,
T1-04042,R-31,31,2026-08-06 09:26,40,2026-08-06 10:08,+05:30,
T1-04043,R-31,31,2026-08-06 13:02,55,2026-08-06 14:01,+05:30,
T1-04044,R-31,31,2026-08-06 15:02,40,2026-08-06 15:44,+05:30,
T1-04045,R-31,31,2026-08-06 16:47,55,2026-08-06 17:46,+05:30,
T1-04046,R-31,31,2026-08-06 16:39,50,2026-08-06 17:35,+05:30,
T1-04047,R-31,31,2026-08-06 14:51,35,2026-08-06 15:30,+05:30,
T1-04048,R-31,31,2026-08-06 15:10,45,2026-08-06 16:05,+05:30,
T1-04049,R-31,31,2026-08-06 19:00,40,2026-08-06 19:45,+05:30,
T1-04050,R-31,31,2026-08-06 13:34,40,2026-08-06 14:18,+05:30,
T1-04051,R-31,31,2026-08-06 20:54,55,2026-08-06 21:52,+05:30,
T1-04052,R-31,31,2026-08-06 17:41,50,2026-08-06 18:33,+05:30,
T1-04053,R-31,31,2026-08-06 09:00,55,2026-08-06 09:58,+05:30,
T1-04054,R-31,31,2026-08-06 20:06,55,2026-08-06 21:05,+05:30,
T1-04055,R-31,31,2026-08-07 16:38,45,2026-08-07 17:20,+05:30,
T1-04056,R-31,31,2026-08-07 10:44,45,2026-08-07 11:29,+05:30,
T1-04057,R-31,31,2026-08-07 18:06,55,2026-08-07 19:04,+05:30,
T1-04058,R-31,31,2026-08-07 09:39,40,2026-08-07 10:25,+05:30,
T1-04059,R-31,31,2026-08-07 07:16,35,2026-08-07 07:59,+05:30,
T1-04060,R-31,31,2026-08-07 07:21,35,2026-08-07 07:56,+05:30,
T1-04061,R-31,31,2026-08-07 08:59,35,2026-08-07 09:38,+05:30,
T1-04062,R-31,31,2026-08-07 19:08,35,2026-08-07 19:50,+05:30,
T1-04063,R-31,31,2026-08-07 13:50,45,2026-08-07 14:42,+05:30,
T1-04064,R-31,31,2026-08-07 21:57,35,2026-08-07 22:34,+05:30,
T1-04065,R-31,31,2026-08-07 09:02,40,2026-08-07 09:44,+05:30,
T1-04066,R-31,31,2026-08-07 06:18,55,2026-08-07 07:13,+05:30,
T1-04067,R-31,31,2026-08-07 16:29,40,2026-08-07 17:19,+05:30,
T1-04068,R-31,31,2026-08-07 16:03,35,2026-08-07 16:43,+05:30,
T1-04069,R-31,31,2026-08-07 13:24,40,2026-08-07 14:09,+05:30,
T1-04070,R-31,31,2026-08-07 20:07,40,2026-08-07 20:50,+05:30,
T1-04071,R-31,31,2026-08-08 21:02,40,2026-08-08 21:52,+05:30,
T1-04072,R-31,31,2026-08-08 12:11,35,2026-08-08 12:45,+05:30,
T1-04073,R-31,31,2026-08-08 10:17,35,2026-08-08 10:54,+05:30,
T1-04074,R-31,31,2026-08-08 18:18,40,2026-08-08 19:01,+05:30,
T1-04075,R-31,31,2026-08-08 12:05,50,2026-08-08 13:03,+05:30,
T1-04076,R-31,31,2026-08-08 11:21,55,2026-08-08 12:19,+05:30,
T1-04077,R-31,31,2026-08-08 13:11,50,2026-08-08 14:10,+05:30,
T1-04078,R-31,31,2026-08-08 20:00,35,2026-08-08 20:38,+05:30,
T1-04079,R-31,31,2026-08-08 18:47,45,2026-08-08 19:35,+05:30,
T1-04080,R-31,31,2026-08-08 19:26,45,2026-08-08 20:19,+05:30,
T1-04081,R-31,31,2026-08-08 15:57,35,2026-08-08 16:38,+05:30,
T1-04082,R-31,31,2026-08-08 13:33,50,2026-08-08 14:26,+05:30,
T1-04083,R-31,31,2026-08-08 17:19,35,2026-08-08 17:56,+05:30,
T1-04084,R-31,31,2026-08-08 11:32,35,2026-08-08 12:09,+05:30,
T1-04085,R-31,31,2026-08-08 19:58,45,2026-08-08 20:50,+05:30,
T1-04086,R-31,31,2026-08-08 19:28,35,2026-08-08 20:07,+05:30,
T1-04087,R-31,31,2026-08-09 20:27,55,2026-08-09 21:18,+05:30,
T1-04088,R-31,31,2026-08-09 18:01,50,2026-08-09 18:55,+05:30,
T1-04089,R-31,31,2026-08-09 18:03,40,2026-08-09 18:36,+05:30,
T1-04090,R-31,31,2026-08-09 14:01,50,2026-08-09 14:53,+05:30,
T1-04091,R-31,31,2026-08-09 06:29,55,2026-08-09 07:26,+05:30,
T1-04092,R-31,31,2026-08-09 12:17,35,2026-08-09 12:52,+05:30,
T1-04093,R-31,31,2026-08-09 21:23,45,2026-08-09 22:10,+05:30,
T1-04094,R-31,31,2026-08-09 14:43,45,2026-08-09 15:32,+05:30,
T1-04095,R-31,31,2026-08-09 09:45,45,2026-08-09 10:37,+05:30,
T1-04096,R-31,31,2026-08-09 06:31,45,2026-08-09 07:22,+05:30,
T1-04097,R-31,31,2026-08-09 10:15,40,2026-08-09 11:04,+05:30,
T1-04098,R-31,31,2026-08-09 12:44,50,2026-08-09 13:36,+05:30,
T1-04099,R-31,31,2026-08-09 11:43,40,2026-08-09 12:19,+05:30,
T1-04100,R-31,31,2026-08-09 20:42,45,2026-08-09 21:33,+05:30,
T1-04101,R-31,31,2026-08-09 12:56,35,2026-08-09 13:35,+05:30,
T1-04102,R-31,31,2026-08-09 18:30,45,2026-08-09 19:16,+05:30,
T1-04103,R-32,32,2026-08-03 19:10,40,2026-08-03 19:46,+05:30,
T1-04104,R-32,32,2026-08-03 08:45,40,2026-08-03 09:24,+05:30,
T1-04105,R-32,32,2026-08-03 09:02,45,2026-08-03 09:47,+05:30,
T1-04106,R-32,32,2026-08-03 19:27,55,2026-08-03 20:26,+05:30,
T1-04107,R-32,32,2026-08-03 21:51,35,2026-08-03 22:28,+05:30,
T1-04108,R-32,32,2026-08-03 15:33,40,2026-08-03 16:16,+05:30,
T1-04109,R-32,32,2026-08-03 09:51,35,2026-08-03 10:22,+05:30,
T1-04110,R-32,32,2026-08-03 16:46,55,2026-08-03 17:45,+05:30,
T1-04111,R-32,32,2026-08-03 11:24,45,2026-08-03 12:20,+05:30,
T1-04112,R-32,32,2026-08-03 07:05,40,2026-08-03 07:53,+05:30,
T1-04113,R-32,32,2026-08-03 10:41,45,2026-08-03 11:26,+05:30,
T1-04114,R-32,32,2026-08-03 19:27,55,2026-08-03 20:29,+05:30,
T1-04115,R-32,32,2026-08-03 15:46,50,2026-08-03 16:33,+05:30,
T1-04116,R-32,32,2026-08-03 09:53,55,2026-08-03 10:57,+05:30,
T1-04117,R-32,32,2026-08-03 06:25,55,2026-08-03 07:20,+05:30,
T1-04118,R-32,32,2026-08-03 21:56,45,2026-08-03 22:44,+05:30,
T1-04119,R-32,32,2026-08-03 19:20,50,2026-08-03 20:10,+05:30,
T1-04120,R-32,32,2026-08-03 21:48,45,2026-08-03 22:32,+05:30,
T1-04121,R-32,32,2026-08-03 18:37,35,2026-08-03 19:08,+05:30,
T1-04122,R-32,32,2026-08-04 15:51,50,2026-08-04 16:51,+05:30,
T1-04123,R-32,32,2026-08-04 06:16,55,2026-08-04 07:08,+05:30,
T1-04124,R-32,32,2026-08-04 09:30,40,2026-08-04 10:08,+05:30,
T1-04125,R-32,32,2026-08-04 11:04,35,2026-08-04 11:42,+05:30,
T1-04126,R-32,32,2026-08-04 15:48,55,2026-08-04 16:45,+05:30,
T1-04127,R-32,32,2026-08-04 12:28,40,2026-08-04 13:04,+05:30,
T1-04128,R-32,32,2026-08-04 21:05,40,2026-08-04 21:48,+05:30,
T1-04129,R-32,32,2026-08-04 21:10,40,2026-08-04 21:40,+05:30,
T1-04130,R-32,32,2026-08-04 12:36,40,2026-08-04 13:19,+05:30,
T1-04131,R-32,32,2026-08-04 21:33,35,2026-08-04 22:10,+05:30,
T1-04132,R-32,32,2026-08-04 21:20,45,2026-08-04 22:04,+05:30,
T1-04133,R-32,32,2026-08-04 21:42,55,2026-08-04 22:44,+05:30,
T1-04134,R-32,32,2026-08-04 14:41,40,2026-08-04 15:15,+05:30,
T1-04135,R-32,32,2026-08-04 20:18,50,2026-08-04 21:14,+05:30,
T1-04136,R-32,32,2026-08-04 16:15,50,2026-08-04 17:03,+05:30,
T1-04137,R-32,32,2026-08-04 10:41,45,2026-08-04 11:27,+05:30,
T1-04138,R-32,32,2026-08-04 17:40,55,2026-08-04 18:36,+05:30,
T1-04139,R-32,32,2026-08-04 06:10,55,2026-08-04 07:10,+05:30,
T1-04140,R-32,32,2026-08-04 21:46,50,2026-08-04 22:39,+05:30,
T1-04141,R-32,32,2026-08-05 07:31,45,2026-08-05 08:19,+05:30,
T1-04142,R-32,32,2026-08-05 19:12,40,2026-08-05 19:50,+05:30,
T1-04143,R-32,32,2026-08-05 19:28,55,2026-08-05 20:18,+05:30,
T1-04144,R-32,32,2026-08-05 21:40,50,2026-08-05 22:28,+05:30,
T1-04145,R-32,32,2026-08-05 13:11,45,2026-08-05 13:51,+05:30,
T1-04146,R-32,32,2026-08-05 16:48,45,2026-08-05 17:34,+05:30,
T1-04147,R-32,32,2026-08-05 07:51,40,2026-08-05 08:30,+05:30,
T1-04148,R-32,32,2026-08-05 19:53,45,2026-08-05 20:35,+05:30,
T1-04149,R-32,32,2026-08-05 21:28,55,2026-08-05 22:23,+05:30,
T1-04150,R-32,32,2026-08-05 12:54,55,2026-08-05 13:51,+05:30,
T1-04151,R-32,32,2026-08-05 20:01,45,2026-08-05 20:48,+05:30,
T1-04152,R-32,32,2026-08-05 16:01,45,2026-08-05 16:49,+05:30,
T1-04153,R-32,32,2026-08-05 15:44,55,2026-08-05 16:46,+05:30,
T1-04154,R-32,32,2026-08-05 10:20,55,2026-08-05 11:14,+05:30,
T1-04155,R-32,32,2026-08-05 10:11,45,2026-08-05 11:03,+05:30,
T1-04156,R-32,32,2026-08-05 13:40,40,2026-08-05 14:18,+05:30,
T1-04157,R-32,32,2026-08-05 21:21,50,2026-08-05 22:08,+05:30,
T1-04158,R-32,32,2026-08-05 14:44,45,2026-08-05 15:32,+05:30,
T1-04159,R-32,32,2026-08-05 19:41,35,2026-08-05 20:19,+05:30,
T1-04160,R-32,32,2026-08-06 06:18,50,2026-08-06 07:13,+05:30,
T1-04161,R-32,32,2026-08-06 18:29,35,2026-08-06 19:09,+05:30,
T1-04162,R-32,32,2026-08-06 20:54,45,2026-08-06 21:39,+05:30,
T1-04163,R-32,32,2026-08-06 17:58,40,2026-08-06 18:35,+05:30,
T1-04164,R-32,32,2026-08-06 19:00,55,2026-08-06 19:53,+05:30,
T1-04165,R-32,32,2026-08-06 17:19,55,2026-08-06 18:18,+05:30,
T1-04166,R-32,32,2026-08-06 08:41,35,2026-08-06 09:19,+05:30,
T1-04167,R-32,32,2026-08-06 06:39,45,2026-08-06 07:29,+05:30,
T1-04168,R-32,32,2026-08-06 11:23,45,2026-08-06 12:07,+05:30,
T1-04169,R-32,32,2026-08-06 11:38,35,2026-08-06 12:19,+05:30,
T1-04170,R-32,32,2026-08-06 15:21,35,2026-08-06 15:57,+05:30,
T1-04171,R-32,32,2026-08-06 17:28,55,2026-08-06 18:22,+05:30,
T1-04172,R-32,32,2026-08-06 13:25,35,2026-08-06 14:01,+05:30,
T1-04173,R-32,32,2026-08-06 08:10,40,2026-08-06 08:43,+05:30,
T1-04174,R-32,32,2026-08-06 06:27,35,2026-08-06 07:02,+05:30,
T1-04175,R-32,32,2026-08-06 11:15,40,2026-08-06 11:50,+05:30,
T1-04176,R-32,32,2026-08-06 09:43,40,2026-08-06 10:25,+05:30,
T1-04177,R-32,32,2026-08-06 06:14,50,2026-08-06 07:12,+05:30,
T1-04178,R-32,32,2026-08-06 10:27,35,2026-08-06 11:01,+05:30,
T1-04179,R-32,32,2026-08-07 19:29,50,2026-08-07 20:14,+05:30,
T1-04180,R-32,32,2026-08-07 11:18,50,2026-08-07 12:08,+05:30,
T1-04181,R-32,32,2026-08-07 15:54,35,2026-08-07 16:24,+05:30,
T1-04182,R-32,32,2026-08-07 07:21,55,2026-08-07 08:20,+05:30,
T1-04183,R-32,32,2026-08-07 13:56,45,2026-08-07 14:47,+05:30,
T1-04184,R-32,32,2026-08-07 19:51,45,2026-08-07 20:40,+05:30,
T1-04185,R-32,32,2026-08-07 15:17,50,2026-08-07 16:09,+05:30,
T1-04186,R-32,32,2026-08-07 20:02,50,2026-08-07 20:50,+05:30,
T1-04187,R-32,32,2026-08-07 13:25,45,2026-08-07 14:13,+05:30,
T1-04188,R-32,32,2026-08-07 19:45,35,2026-08-07 20:23,+05:30,
T1-04189,R-32,32,2026-08-07 06:55,55,2026-08-07 07:46,+05:30,
T1-04190,R-32,32,2026-08-07 10:05,50,2026-08-07 10:58,+05:30,
T1-04191,R-32,32,2026-08-07 06:59,45,2026-08-07 07:40,+05:30,
T1-04192,R-32,32,2026-08-07 18:04,45,2026-08-07 18:49,+05:30,
T1-04193,R-32,32,2026-08-07 20:55,55,2026-08-07 21:57,+05:30,
T1-04194,R-32,32,2026-08-07 07:00,50,2026-08-07 07:56,+05:30,
T1-04195,R-32,32,2026-08-07 08:00,35,2026-08-07 08:35,+05:30,
T1-04196,R-32,32,2026-08-07 20:30,50,2026-08-07 21:24,+05:30,
T1-04197,R-32,32,2026-08-07 17:38,50,2026-08-07 18:29,+05:30,
T1-04198,R-32,32,2026-08-08 15:52,55,2026-08-08 16:52,+05:30,
T1-04199,R-32,32,2026-08-08 21:37,55,2026-08-08 22:30,+05:30,
T1-04200,R-32,32,2026-08-08 11:20,40,2026-08-08 12:04,+05:30,
T1-04201,R-32,32,2026-08-08 18:03,55,2026-08-08 19:03,+05:30,
T1-04202,R-32,32,2026-08-08 06:54,40,2026-08-08 07:31,+05:30,
T1-04203,R-32,32,2026-08-08 15:36,40,2026-08-08 16:19,+05:30,
T1-04204,R-32,32,2026-08-08 13:26,55,2026-08-08 14:24,+05:30,
T1-04205,R-32,32,2026-08-08 12:18,45,2026-08-08 13:12,+05:30,
T1-04206,R-32,32,2026-08-08 17:15,40,2026-08-08 17:55,+05:30,
T1-04207,R-32,32,2026-08-08 17:40,40,2026-08-08 18:19,+05:30,
T1-04208,R-32,32,2026-08-08 07:19,50,2026-08-08 08:08,+05:30,
T1-04209,R-32,32,2026-08-08 17:55,55,2026-08-08 18:47,+05:30,
T1-04210,R-32,32,2026-08-08 20:10,50,2026-08-08 20:52,+05:30,
T1-04211,R-32,32,2026-08-08 08:25,55,2026-08-08 09:21,+05:30,
T1-04212,R-32,32,2026-08-08 06:47,50,2026-08-08 07:38,+05:30,
T1-04213,R-32,32,2026-08-08 21:10,55,2026-08-08 22:12,+05:30,
T1-04214,R-32,32,2026-08-08 13:48,35,2026-08-08 14:29,+05:30,
T1-04215,R-32,32,2026-08-08 08:55,45,2026-08-08 09:47,+05:30,
T1-04216,R-32,32,2026-08-08 15:28,50,2026-08-08 16:19,+05:30,
T1-04217,R-32,32,2026-08-09 11:21,40,2026-08-09 12:06,+05:30,
T1-04218,R-32,32,2026-08-09 15:46,35,2026-08-09 16:22,+05:30,
T1-04219,R-32,32,2026-08-09 21:26,45,2026-08-09 22:06,+05:30,
T1-04220,R-32,32,2026-08-09 21:47,50,2026-08-09 22:35,+05:30,
T1-04221,R-32,32,2026-08-09 14:44,50,2026-08-09 15:36,+05:30,
T1-04222,R-32,32,2026-08-09 06:48,35,2026-08-09 07:30,+05:30,
T1-04223,R-32,32,2026-08-09 08:58,45,2026-08-09 09:42,+05:30,
T1-04224,R-32,32,2026-08-09 12:03,50,2026-08-09 13:00,+05:30,
T1-04225,R-32,32,2026-08-09 12:32,55,2026-08-09 13:25,+05:30,
T1-04226,R-32,32,2026-08-09 09:08,50,2026-08-09 10:03,+05:30,
T1-04227,R-32,32,2026-08-09 15:17,55,2026-08-09 16:13,+05:30,
T1-04228,R-32,32,2026-08-09 19:27,35,2026-08-09 20:08,+05:30,
T1-04229,R-32,32,2026-08-09 17:47,45,2026-08-09 18:30,+05:30,
T1-04230,R-32,32,2026-08-09 09:50,35,2026-08-09 10:22,+05:30,
T1-04231,R-32,32,2026-08-09 20:45,35,2026-08-09 21:20,+05:30,
T1-04232,R-32,32,2026-08-09 11:03,40,2026-08-09 11:45,+05:30,
T1-04233,R-32,32,2026-08-09 15:25,35,2026-08-09 16:04,+05:30,
T1-04234,R-32,32,2026-08-09 09:01,40,2026-08-09 09:37,+05:30,
T1-04235,R-32,32,2026-08-09 12:44,35,2026-08-09 13:18,+05:30,
T1-04236,R-33,33,2026-08-03 15:53,40,2026-08-03 16:34,+05:30,
T1-04237,R-33,33,2026-08-03 21:58,45,2026-08-03 22:49,+05:30,
T1-04238,R-33,33,2026-08-03 09:51,40,2026-08-03 10:38,+05:30,
T1-04239,R-33,33,2026-08-03 15:04,50,2026-08-03 15:54,+05:30,
T1-04240,R-33,33,2026-08-03 21:23,35,2026-08-03 22:00,+05:30,
T1-04241,R-33,33,2026-08-03 08:53,35,2026-08-03 09:34,+05:30,
T1-04242,R-33,33,2026-08-03 08:05,50,2026-08-03 08:59,+05:30,
T1-04243,R-33,33,2026-08-03 06:25,45,2026-08-03 07:11,+05:30,
T1-04244,R-33,33,2026-08-03 19:03,35,2026-08-03 19:48,+05:30,
T1-04245,R-33,33,2026-08-03 21:11,50,2026-08-03 22:12,+05:30,
T1-04246,R-33,33,2026-08-03 21:21,35,2026-08-03 22:01,+05:30,
T1-04247,R-33,33,2026-08-03 16:07,40,2026-08-03 16:49,+05:30,
T1-04248,R-33,33,2026-08-03 16:10,50,2026-08-03 17:04,+05:30,
T1-04249,R-33,33,2026-08-03 11:29,45,2026-08-03 12:22,+05:30,
T1-04250,R-33,33,2026-08-03 18:21,40,2026-08-03 19:05,+05:30,
T1-04251,R-33,33,2026-08-04 10:56,40,2026-08-04 11:41,+05:30,
T1-04252,R-33,33,2026-08-04 20:00,55,2026-08-04 20:54,+05:30,
T1-04253,R-33,33,2026-08-04 10:58,40,2026-08-04 11:44,+05:30,
T1-04254,R-33,33,2026-08-04 09:50,50,2026-08-04 10:41,+05:30,
T1-04255,R-33,33,2026-08-04 12:00,40,2026-08-04 12:44,+05:30,
T1-04256,R-33,33,2026-08-04 06:56,45,2026-08-04 07:51,+05:30,
T1-04257,R-33,33,2026-08-04 07:57,50,2026-08-04 08:55,+05:30,
T1-04258,R-33,33,2026-08-04 19:54,50,2026-08-04 20:49,+05:30,
T1-04259,R-33,33,2026-08-04 07:57,35,2026-08-04 08:32,+05:30,
T1-04260,R-33,33,2026-08-04 10:44,35,2026-08-04 11:23,+05:30,
T1-04261,R-33,33,2026-08-04 07:31,40,2026-08-04 08:19,+05:30,
T1-04262,R-33,33,2026-08-04 12:22,45,2026-08-04 13:11,+05:30,
T1-04263,R-33,33,2026-08-04 10:57,40,2026-08-04 11:43,+05:30,
T1-04264,R-33,33,2026-08-04 19:24,40,2026-08-04 20:11,+05:30,
T1-04265,R-33,33,2026-08-04 10:28,40,2026-08-04 11:07,+05:30,
T1-04266,R-33,33,2026-08-05 06:01,50,2026-08-05 06:50,+05:30,
T1-04267,R-33,33,2026-08-05 11:19,50,2026-08-05 12:16,+05:30,
T1-04268,R-33,33,2026-08-05 12:12,55,2026-08-05 13:07,+05:30,
T1-04269,R-33,33,2026-08-05 18:32,50,2026-08-05 19:22,+05:30,
T1-04270,R-33,33,2026-08-05 21:44,40,2026-08-05 22:29,+05:30,
T1-04271,R-33,33,2026-08-05 08:00,40,2026-08-05 08:45,+05:30,
T1-04272,R-33,33,2026-08-05 14:54,35,2026-08-05 15:34,+05:30,
T1-04273,R-33,33,2026-08-05 17:23,45,2026-08-05 18:11,+05:30,
T1-04274,R-33,33,2026-08-05 21:03,45,2026-08-05 21:56,+05:30,
T1-04275,R-33,33,2026-08-05 17:33,55,2026-08-05 18:24,+05:30,
T1-04276,R-33,33,2026-08-05 21:17,45,2026-08-05 22:11,+05:30,
T1-04277,R-33,33,2026-08-05 20:55,55,2026-08-05 21:52,+05:30,
T1-04278,R-33,33,2026-08-05 06:06,55,2026-08-05 07:08,+05:30,
T1-04279,R-33,33,2026-08-05 18:10,45,2026-08-05 19:03,+05:30,
T1-04280,R-33,33,2026-08-05 16:47,40,2026-08-05 17:35,+05:30,
T1-04281,R-33,33,2026-08-06 09:23,55,2026-08-06 10:15,+05:30,
T1-04282,R-33,33,2026-08-06 06:38,35,2026-08-06 07:18,+05:30,
T1-04283,R-33,33,2026-08-06 17:14,50,2026-08-06 18:11,+05:30,
T1-04284,R-33,33,2026-08-06 06:43,45,2026-08-06 07:38,+05:30,
T1-04285,R-33,33,2026-08-06 20:51,55,2026-08-06 21:56,+05:30,
T1-04286,R-33,33,2026-08-06 11:25,40,2026-08-06 12:20,+05:30,
T1-04287,R-33,33,2026-08-06 21:27,50,2026-08-06 22:22,+05:30,
T1-04288,R-33,33,2026-08-06 19:52,55,2026-08-06 20:58,+05:30,
T1-04289,R-33,33,2026-08-06 20:12,50,2026-08-06 21:09,+05:30,
T1-04290,R-33,33,2026-08-06 11:47,35,2026-08-06 12:23,+05:30,
T1-04291,R-33,33,2026-08-06 20:50,50,2026-08-06 21:44,+05:30,
T1-04292,R-33,33,2026-08-06 07:50,35,2026-08-06 08:33,+05:30,
T1-04293,R-33,33,2026-08-06 20:08,35,2026-08-06 20:48,+05:30,
T1-04294,R-33,33,2026-08-06 11:38,50,2026-08-06 12:34,+05:30,
T1-04295,R-33,33,2026-08-06 08:24,50,2026-08-06 09:22,+05:30,
T1-04296,R-33,33,2026-08-07 12:42,35,2026-08-07 13:15,+05:30,
T1-04297,R-33,33,2026-08-07 07:53,35,2026-08-07 08:38,+05:30,
T1-04298,R-33,33,2026-08-07 15:44,50,2026-08-07 16:44,+05:30,
T1-04299,R-33,33,2026-08-07 20:47,50,2026-08-07 21:46,+05:30,
T1-04300,R-33,33,2026-08-07 06:10,45,2026-08-07 07:02,+05:30,
T1-04301,R-33,33,2026-08-07 20:24,35,2026-08-07 21:03,+05:30,
T1-04302,R-33,33,2026-08-07 09:40,50,2026-08-07 10:35,+05:30,
T1-04303,R-33,33,2026-08-07 16:04,45,2026-08-07 16:53,+05:30,
T1-04304,R-33,33,2026-08-07 21:58,40,2026-08-07 22:46,+05:30,
T1-04305,R-33,33,2026-08-07 14:12,55,2026-08-07 15:11,+05:30,
T1-04306,R-33,33,2026-08-07 17:40,40,2026-08-07 18:24,+05:30,
T1-04307,R-33,33,2026-08-07 14:15,45,2026-08-07 15:13,+05:30,
T1-04308,R-33,33,2026-08-07 07:29,35,2026-08-07 08:06,+05:30,
T1-04309,R-33,33,2026-08-07 06:57,35,2026-08-07 07:36,+05:30,
T1-04310,R-33,33,2026-08-07 07:24,50,2026-08-07 08:28,+05:30,
T1-04311,R-33,33,2026-08-08 10:11,40,2026-08-08 10:50,+05:30,
T1-04312,R-33,33,2026-08-08 21:30,45,2026-08-08 22:24,+05:30,
T1-04313,R-33,33,2026-08-08 15:29,35,2026-08-08 16:14,+05:30,
T1-04314,R-33,33,2026-08-08 06:48,50,2026-08-08 07:50,+05:30,
T1-04315,R-33,33,2026-08-08 16:10,35,2026-08-08 16:50,+05:30,
T1-04316,R-33,33,2026-08-08 18:42,55,2026-08-08 19:46,+05:30,
T1-04317,R-33,33,2026-08-08 19:00,50,2026-08-08 19:53,+05:30,
T1-04318,R-33,33,2026-08-08 13:58,45,2026-08-08 14:49,+05:30,
T1-04319,R-33,33,2026-08-08 20:53,35,2026-08-08 21:36,+05:30,
T1-04320,R-33,33,2026-08-08 16:29,35,2026-08-08 17:09,+05:30,
T1-04321,R-33,33,2026-08-08 17:17,50,2026-08-08 18:12,+05:30,
T1-04322,R-33,33,2026-08-08 21:05,40,2026-08-08 21:46,+05:30,
T1-04323,R-33,33,2026-08-08 09:06,35,2026-08-08 09:50,+05:30,
T1-04324,R-33,33,2026-08-08 15:50,55,2026-08-08 16:58,+05:30,
T1-04325,R-33,33,2026-08-08 12:02,35,2026-08-08 12:45,+05:30,
T1-04326,R-33,33,2026-08-09 08:39,35,2026-08-09 09:14,+05:30,
T1-04327,R-33,33,2026-08-09 11:22,55,2026-08-09 12:27,+05:30,
T1-04328,R-33,33,2026-08-09 07:34,45,2026-08-09 08:26,+05:30,
T1-04329,R-33,33,2026-08-09 14:04,50,2026-08-09 15:01,+05:30,
T1-04330,R-33,33,2026-08-09 10:34,45,2026-08-09 11:24,+05:30,
T1-04331,R-33,33,2026-08-09 06:05,40,2026-08-09 06:52,+05:30,
T1-04332,R-33,33,2026-08-09 19:23,35,2026-08-09 19:54,+05:30,
T1-04333,R-33,33,2026-08-09 15:08,55,2026-08-09 16:04,+05:30,
T1-04334,R-33,33,2026-08-09 07:22,45,2026-08-09 08:12,+05:30,
T1-04335,R-33,33,2026-08-09 09:36,45,2026-08-09 10:22,+05:30,
T1-04336,R-33,33,2026-08-09 14:24,55,2026-08-09 15:30,+05:30,
T1-04337,R-33,33,2026-08-09 16:49,55,2026-08-09 08:60,+05:30,
T1-04338,R-33,33,2026-08-09 13:48,55,2026-08-09 14:51,+05:30,
T1-04339,R-33,33,2026-08-09 15:58,35,2026-08-09 16:32,+05:30,
T1-04340,R-33,33,2026-08-09 11:22,40,2026-08-09 12:06,+05:30,
T1-04341,R-34,34,2026-08-03 20:49,35,2026-08-03 21:21,+05:30,
T1-04342,R-34,34,2026-08-03 07:53,45,2026-08-03 08:45,+05:30,
T1-04343,R-34,34,2026-08-03 07:59,40,2026-08-03 08:33,+05:30,
T1-04344,R-34,34,2026-08-03 16:58,40,2026-08-03 17:45,+05:30,
T1-04345,R-34,34,2026-08-03 12:24,40,2026-08-03 13:08,+05:30,
T1-04346,R-34,34,2026-08-03 18:24,45,2026-08-03 19:15,+05:30,
T1-04347,R-34,34,2026-08-03 17:09,40,2026-08-03 17:54,+05:30,
T1-04348,R-34,34,2026-08-03 19:11,40,2026-08-03 19:59,+05:30,
T1-04349,R-34,34,2026-08-03 13:54,50,2026-08-03 14:41,+05:30,
T1-04350,R-34,34,2026-08-03 11:34,40,2026-08-03 12:11,+05:30,
T1-04351,R-34,34,2026-08-03 20:34,55,2026-08-03 21:37,+05:30,
T1-04352,R-34,34,2026-08-03 12:13,35,2026-08-03 12:46,+05:30,
T1-04353,R-34,34,2026-08-03 11:23,40,2026-08-03 12:12,+05:30,
T1-04354,R-34,34,2026-08-03 06:08,35,2026-08-03 06:47,+05:30,
T1-04355,R-34,34,2026-08-03 06:18,50,2026-08-03 07:07,+05:30,
T1-04356,R-34,34,2026-08-03 07:21,35,2026-08-03 08:03,+05:30,
T1-04357,R-34,34,2026-08-03 13:53,55,2026-08-03 14:48,+05:30,
T1-04358,R-34,34,2026-08-03 10:23,55,2026-08-03 11:24,+05:30,
T1-04359,R-34,34,2026-08-04 16:30,35,2026-08-04 17:15,+05:30,
T1-04360,R-34,34,2026-08-04 13:41,50,2026-08-04 14:28,+05:30,
T1-04361,R-34,34,2026-08-04 16:01,55,2026-08-04 16:55,+05:30,
T1-04362,R-34,34,2026-08-04 10:07,55,2026-08-04 11:03,+05:30,
T1-04363,R-34,34,2026-08-04 07:08,40,2026-08-04 07:55,+05:30,
T1-04364,R-34,34,2026-08-04 09:07,45,2026-08-04 09:51,+05:30,
T1-04365,R-34,34,2026-08-04 18:42,55,2026-08-04 19:40,+05:30,
T1-04366,R-34,34,2026-08-04 14:53,55,2026-08-04 15:51,+05:30,
T1-04367,R-34,34,2026-08-04 18:16,55,2026-08-04 19:13,+05:30,
T1-04368,R-34,34,2026-08-04 14:24,50,2026-08-04 15:20,+05:30,
T1-04369,R-34,34,2026-08-04 15:54,35,2026-08-04 16:33,+05:30,
T1-04370,R-34,34,2026-08-04 21:37,40,2026-08-04 22:18,+05:30,
T1-04371,R-34,34,2026-08-04 18:22,35,2026-08-04 19:00,+05:30,
T1-04372,R-34,34,2026-08-04 19:09,45,2026-08-04 19:56,+05:30,
T1-04373,R-34,34,2026-08-04 09:53,40,2026-08-04 10:33,+05:30,
T1-04374,R-34,34,2026-08-04 09:38,50,2026-08-04 10:30,+05:30,
T1-04375,R-34,34,2026-08-04 20:11,50,2026-08-04 21:04,+05:30,
T1-04376,R-34,34,2026-08-04 14:15,45,2026-08-04 15:04,+05:30,
T1-04377,R-34,34,2026-08-05 08:22,50,2026-08-05 09:14,+05:30,
T1-04378,R-34,34,2026-08-05 20:35,35,2026-08-05 21:14,+05:30,
T1-04379,R-34,34,2026-08-05 09:53,50,2026-08-05 10:45,+05:30,
T1-04380,R-34,34,2026-08-05 21:31,55,2026-08-05 22:32,+05:30,
T1-04381,R-34,34,2026-08-05 06:14,55,2026-08-05 06:09,+05:30,
T1-04382,R-34,34,2026-08-05 06:31,40,2026-08-05 07:21,+05:30,
T1-04383,R-34,34,2026-08-05 08:42,50,2026-08-05 09:36,+05:30,
T1-04384,R-34,34,2026-08-05 09:02,35,2026-08-05 09:39,+05:30,
T1-04385,R-34,34,2026-08-05 08:58,50,2026-08-05 09:46,+05:30,
T1-04386,R-34,34,2026-08-05 18:52,50,2026-08-05 19:49,+05:30,
T1-04387,R-34,34,2026-08-05 12:30,50,2026-08-05 13:24,+05:30,
T1-04388,R-34,34,2026-08-05 13:40,45,2026-08-05 14:18,+05:30,
T1-04389,R-34,34,2026-08-05 06:11,45,2026-08-05 06:58,+05:30,
T1-04390,R-34,34,2026-08-05 17:18,40,2026-08-05 18:06,+05:30,
T1-04391,R-34,34,2026-08-05 06:40,35,2026-08-05 07:14,+05:30,
T1-04392,R-34,34,2026-08-05 18:12,45,2026-08-05 19:04,+05:30,
T1-04393,R-34,34,2026-08-05 16:55,35,2026-08-05 17:34,+05:30,
T1-04394,R-34,34,2026-08-05 15:45,50,2026-08-05 16:38,+05:30,
T1-04395,R-34,34,2026-08-06 10:26,35,2026-08-06 11:09,+05:30,
T1-04396,R-34,34,2026-08-06 14:10,55,2026-08-06 15:16,+05:30,
T1-04397,R-34,34,2026-08-06 16:07,50,2026-08-06 17:02,+05:30,
T1-04398,R-34,34,2026-08-06 07:27,45,2026-08-06 08:18,+05:30,
T1-04399,R-34,34,2026-08-06 19:52,40,2026-08-06 20:31,+05:30,
T1-04400,R-34,34,2026-08-06 13:14,40,2026-08-06 13:51,+05:30,
T1-04401,R-34,34,2026-08-06 20:45,40,2026-08-06 21:22,+05:30,
T1-04402,R-34,34,2026-08-06 20:34,50,2026-08-06 21:33,+05:30,
T1-04403,R-34,34,2026-08-06 07:45,55,2026-08-06 08:45,+05:30,
T1-04404,R-34,34,2026-08-06 18:51,40,2026-08-06 19:35,+05:30,
T1-04405,R-34,34,2026-08-06 15:13,55,2026-08-06 16:14,+05:30,
T1-04406,R-34,34,2026-08-06 09:50,55,2026-08-06 10:50,+05:30,
T1-04407,R-34,34,2026-08-06 17:58,55,2026-08-06 18:56,+05:30,
T1-04408,R-34,34,2026-08-06 12:33,40,2026-08-06 13:12,+05:30,
T1-04409,R-34,34,2026-08-06 11:04,50,2026-08-06 12:03,+05:30,
T1-04410,R-34,34,2026-08-06 16:10,50,2026-08-06 17:09,+05:30,
T1-04411,R-34,34,2026-08-06 14:08,40,2026-08-06 14:51,+05:30,
T1-04412,R-34,34,2026-08-06 17:38,50,2026-08-06 18:31,+05:30,
T1-04413,R-34,34,2026-08-07 18:11,45,2026-08-07 19:04,+05:30,
T1-04414,R-34,34,2026-08-07 12:25,35,2026-08-07 13:00,+05:30,
T1-04415,R-34,34,2026-08-07 06:09,35,2026-08-07 06:40,+05:30,
T1-04416,R-34,34,2026-08-07 17:41,35,2026-08-07 18:16,+05:30,
T1-04417,R-34,34,2026-08-07 06:40,40,2026-08-07 07:19,+05:30,
T1-04418,R-34,34,2026-08-07 21:56,40,2026-08-07 22:41,+05:30,
T1-04419,R-34,34,2026-08-07 20:56,50,2026-08-07 21:46,+05:30,
T1-04420,R-34,34,2026-08-07 13:56,45,2026-08-07 14:47,+05:30,
T1-04421,R-34,34,2026-08-07 06:39,50,2026-08-07 07:33,+05:30,
T1-04422,R-34,34,2026-08-07 14:09,55,2026-08-07 15:05,+05:30,
T1-04423,R-34,34,2026-08-07 09:50,35,2026-08-07 10:29,+05:30,
T1-04424,R-34,34,2026-08-07 16:25,35,2026-08-07 17:02,+05:30,
T1-04425,R-34,34,2026-08-07 08:03,35,2026-08-07 08:36,+05:30,
T1-04426,R-34,34,2026-08-07 12:55,45,2026-08-07 13:38,+05:30,
T1-04427,R-34,34,2026-08-07 11:13,45,2026-08-07 12:01,+05:30,
T1-04428,R-34,34,2026-08-07 18:59,40,2026-08-07 19:40,+05:30,
T1-04429,R-34,34,2026-08-07 07:12,45,2026-08-07 08:03,+05:30,
T1-04430,R-34,34,2026-08-07 15:40,55,2026-08-07 16:36,+05:30,
T1-04431,R-34,34,2026-08-08 21:47,40,2026-08-08 22:26,+05:30,
T1-04432,R-34,34,2026-08-08 08:58,45,2026-08-08 09:44,+05:30,
T1-04433,R-34,34,2026-08-08 10:59,55,2026-08-08 11:59,+05:30,
T1-04434,R-34,34,2026-08-08 11:02,55,2026-08-08 11:52,+05:30,
T1-04435,R-34,34,2026-08-08 20:31,50,2026-08-08 21:21,+05:30,
T1-04436,R-34,34,2026-08-08 06:35,50,2026-08-08 07:27,+05:30,
T1-04437,R-34,34,2026-08-08 06:02,40,2026-08-08 06:43,+05:30,
T1-04438,R-34,34,2026-08-08 13:58,35,2026-08-08 14:38,+05:30,
T1-04439,R-34,34,2026-08-08 11:56,35,2026-08-08 12:33,+05:30,
T1-04440,R-34,34,2026-08-08 11:00,40,2026-08-08 11:34,+05:30,
T1-04441,R-34,34,2026-08-08 12:18,35,2026-08-08 12:58,+05:30,
T1-04442,R-34,34,2026-08-08 08:45,45,2026-08-08 09:27,+05:30,
T1-04443,R-34,34,2026-08-08 17:14,40,2026-08-08 17:55,+05:30,
T1-04444,R-34,34,2026-08-08 20:47,50,2026-08-08 21:31,+05:30,
T1-04445,R-34,34,2026-08-08 14:57,40,2026-08-08 15:39,+05:30,
T1-04446,R-34,34,2026-08-08 15:57,35,2026-08-08 16:31,+05:30,
T1-04447,R-34,34,2026-08-08 06:14,50,2026-08-08 07:08,+05:30,
T1-04448,R-34,34,2026-08-08 10:53,35,2026-08-08 11:31,+05:30,
T1-04449,R-34,34,2026-08-09 15:33,35,2026-08-09 16:13,+05:30,
T1-04450,R-34,34,2026-08-09 18:41,50,2026-08-09 19:35,+05:30,
T1-04451,R-34,34,2026-08-09 13:15,40,2026-08-09 14:03,+05:30,
T1-04452,R-34,34,2026-08-09 18:40,35,2026-08-09 19:14,+05:30,
T1-04453,R-34,34,2026-08-09 16:24,50,2026-08-09 17:14,+05:30,
T1-04454,R-34,34,2026-08-09 13:12,40,2026-08-09 13:56,+05:30,
T1-04455,R-34,34,2026-08-09 09:07,50,2026-08-09 09:58,+05:30,
T1-04456,R-34,34,2026-08-09 11:58,40,2026-08-09 12:38,+05:30,
T1-04457,R-34,34,2026-08-09 07:45,40,2026-08-09 08:29,+05:30,
T1-04458,R-34,34,2026-08-09 10:48,55,2026-08-09 11:41,+05:30,
T1-04459,R-34,34,2026-08-09 12:37,35,2026-08-09 13:10,+05:30,
T1-04460,R-34,34,2026-08-09 20:56,45,2026-08-09 21:50,+05:30,
T1-04461,R-34,34,2026-08-09 10:45,55,2026-08-09 11:44,+05:30,
T1-04462,R-34,34,2026-08-09 20:22,40,2026-08-09 21:05,+05:30,
T1-04463,R-34,34,2026-08-09 21:39,35,2026-08-09 22:16,+05:30,
T1-04464,R-34,34,2026-08-09 17:54,50,2026-08-09 18:44,+05:30,
T1-04465,R-34,34,2026-08-09 14:17,35,2026-08-09 14:51,+05:30,
T1-04466,R-34,34,2026-08-09 06:30,55,2026-08-09 08:60,+05:30,
T1-04467,R-35,35,2026-08-03 17:13,50,2026-08-03 18:04,+05:30,
T1-04468,R-35,35,2026-08-03 07:45,50,2026-08-03 08:35,+05:30,
T1-04469,R-35,35,2026-08-03 12:42,45,2026-08-03 13:23,+05:30,
T1-04470,R-35,35,2026-08-03 10:10,55,2026-08-03 11:04,+05:30,
T1-04471,R-35,35,2026-08-03 18:12,35,2026-08-03 18:47,+05:30,
T1-04472,R-35,35,2026-08-03 13:28,45,2026-08-03 14:15,+05:30,
T1-04473,R-35,35,2026-08-03 13:09,50,2026-08-03 13:56,+05:30,
T1-04474,R-35,35,2026-08-03 18:32,50,2026-08-03 19:19,+05:30,
T1-04475,R-35,35,2026-08-03 12:39,55,2026-08-03 13:29,+05:30,
T1-04476,R-35,35,2026-08-03 14:28,35,2026-08-03 15:07,+05:30,
T1-04477,R-35,35,2026-08-03 09:26,55,2026-08-03 10:26,+05:30,
T1-04478,R-35,35,2026-08-03 06:55,35,2026-08-03 07:31,+05:30,
T1-04479,R-35,35,2026-08-03 20:40,50,2026-08-03 21:30,+05:30,
T1-04480,R-35,35,2026-08-03 14:52,55,2026-08-03 15:45,+05:30,
T1-04481,R-35,35,2026-08-03 19:46,40,2026-08-03 20:30,+05:30,
T1-04482,R-35,35,2026-08-03 18:55,45,2026-08-03 19:46,+05:30,
T1-04483,R-35,35,2026-08-03 17:10,50,2026-08-03 17:54,+05:30,
T1-04484,R-35,35,2026-08-03 19:46,35,2026-08-03 20:24,+05:30,
T1-04485,R-35,35,2026-08-03 14:51,55,2026-08-03 15:49,+05:30,
T1-04486,R-35,35,2026-08-04 15:59,45,2026-08-04 16:44,+05:30,
T1-04487,R-35,35,2026-08-04 19:06,40,2026-08-04 19:44,+05:30,
T1-04488,R-35,35,2026-08-04 08:02,55,2026-08-04 08:51,+05:30,
T1-04489,R-35,35,2026-08-04 12:41,55,2026-08-04 13:39,+05:30,
T1-04490,R-35,35,2026-08-04 18:39,45,2026-08-04 19:22,+05:30,
T1-04491,R-35,35,2026-08-04 18:30,50,2026-08-04 19:22,+05:30,
T1-04492,R-35,35,2026-08-04 16:12,35,2026-08-04 16:54,+05:30,
T1-04493,R-35,35,2026-08-04 17:31,55,2026-08-04 18:29,+05:30,
T1-04494,R-35,35,2026-08-04 12:39,35,2026-08-04 13:22,+05:30,
T1-04495,R-35,35,2026-08-04 21:35,35,2026-08-04 22:07,+05:30,
T1-04496,R-35,35,2026-08-04 19:46,35,2026-08-04 20:16,+05:30,
T1-04497,R-35,35,2026-08-04 08:04,50,2026-08-04 08:53,+05:30,
T1-04498,R-35,35,2026-08-04 19:17,50,2026-08-04 20:08,+05:30,
T1-04499,R-35,35,2026-08-04 21:12,50,2026-08-04 22:03,+05:30,
T1-04500,R-35,35,2026-08-04 10:00,55,2026-08-04 10:59,+05:30,
T1-04501,R-35,35,2026-08-04 19:30,50,2026-08-04 20:17,+05:30,
T1-04502,R-35,35,2026-08-04 19:17,50,2026-08-04 20:10,+05:30,
T1-04503,R-35,35,2026-08-04 12:03,45,2026-08-04 12:49,+05:30,
T1-04504,R-35,35,2026-08-04 10:00,50,2026-08-04 10:53,+05:30,
T1-04505,R-35,35,2026-08-05 07:18,55,2026-08-05 09:04,+05:30,
T1-04506,R-35,35,2026-08-05 16:42,35,2026-08-05 17:54,+05:30,
T1-04507,R-35,35,2026-08-05 12:55,40,2026-08-05 14:30,+05:30,
T1-04508,R-35,35,2026-08-05 19:24,50,2026-08-05 21:14,+05:30,
T1-04509,R-35,35,2026-08-05 07:59,35,2026-08-05 09:14,+05:30,
T1-04510,R-35,35,2026-08-05 11:22,55,2026-08-05 13:07,+05:30,
T1-04511,R-35,35,2026-08-05 06:35,40,2026-08-05 07:51,+05:30,
T1-04512,R-35,35,2026-08-05 19:51,40,2026-08-05 21:25,+05:30,
T1-04513,R-35,35,2026-08-05 20:21,45,2026-08-05 22:00,+05:30,
T1-04514,R-35,35,2026-08-05 14:23,55,2026-08-05 16:10,+05:30,
T1-04515,R-35,35,2026-08-05 09:04,55,2026-08-05 10:45,+05:30,
T1-04516,R-35,35,2026-08-05 17:07,45,2026-08-05 18:52,+05:30,
T1-04517,R-35,35,2026-08-05 08:26,55,2026-08-05 10:12,+05:30,
T1-04518,R-35,35,2026-08-05 14:03,40,2026-08-05 15:31,+05:30,
T1-04519,R-35,35,2026-08-05 08:14,35,2026-08-05 09:46,+05:30,
T1-04520,R-35,35,2026-08-05 14:05,50,2026-08-05 15:47,+05:30,
T1-04521,R-35,35,2026-08-05 12:21,35,2026-08-05 13:57,+05:30,
T1-04522,R-35,35,2026-08-05 11:20,40,2026-08-05 12:55,+05:30,
T1-04523,R-35,35,2026-08-05 12:50,50,2026-08-05 14:36,+05:30,
T1-04524,R-35,35,2026-08-06 14:43,50,2026-08-06 15:32,+05:30,
T1-04525,R-35,35,2026-08-06 06:39,45,2026-08-06 07:24,+05:30,
T1-04526,R-35,35,2026-08-06 18:33,35,2026-08-06 19:00,+05:30,
T1-04527,R-35,35,2026-08-06 11:02,35,2026-08-06 11:39,+05:30,
T1-04528,R-35,35,2026-08-06 09:26,55,2026-08-06 10:29,+05:30,
T1-04529,R-35,35,2026-08-06 06:06,40,2026-08-06 06:47,+05:30,
T1-04530,R-35,35,2026-08-06 11:07,40,2026-08-06 11:50,+05:30,
T1-04531,R-35,35,2026-08-06 20:28,55,2026-08-06 21:26,+05:30,
T1-04532,R-35,35,2026-08-06 18:56,35,2026-08-06 19:28,+05:30,
T1-04533,R-35,35,2026-08-06 18:30,55,2026-08-06 19:15,+05:30,
T1-04534,R-35,35,2026-08-06 15:52,55,2026-08-06 16:48,+05:30,
T1-04535,R-35,35,2026-08-06 10:29,50,2026-08-06 11:27,+05:30,
T1-04536,R-35,35,2026-08-06 14:43,45,2026-08-06 15:25,+05:30,
T1-04537,R-35,35,2026-08-06 18:29,55,2026-08-06 19:27,+05:30,
T1-04538,R-35,35,2026-08-06 10:48,55,2026-08-06 11:39,+05:30,
T1-04539,R-35,35,2026-08-06 09:22,55,2026-08-06 10:19,+05:30,
T1-04540,R-35,35,2026-08-06 20:00,50,2026-08-06 19:55,+05:30,
T1-04541,R-35,35,2026-08-06 13:20,40,2026-08-06 13:56,+05:30,
T1-04542,R-35,35,2026-08-06 21:31,35,2026-08-06 22:04,+05:30,
T1-04543,R-35,35,2026-08-07 16:47,45,2026-08-07 17:28,+05:30,
T1-04544,R-35,35,2026-08-07 07:42,55,2026-08-07 08:41,+05:30,
T1-04545,R-35,35,2026-08-07 12:30,45,2026-08-07 13:13,+05:30,
T1-04546,R-35,35,2026-08-07 18:59,35,2026-08-07 19:34,+05:30,
T1-04547,R-35,35,2026-08-07 07:50,35,2026-08-07 08:26,+05:30,
T1-04548,R-35,35,2026-08-07 17:12,45,2026-08-07 18:04,+05:30,
T1-04549,R-35,35,2026-08-07 18:38,50,2026-08-07 19:31,+05:30,
T1-04550,R-35,35,2026-08-07 17:33,45,2026-08-07 18:26,+05:30,
T1-04551,R-35,35,2026-08-07 18:06,50,2026-08-07 18:58,+05:30,
T1-04552,R-35,35,2026-08-07 10:26,50,2026-08-07 11:22,+05:30,
T1-04553,R-35,35,2026-08-07 10:28,50,2026-08-07 11:13,+05:30,
T1-04554,R-35,35,2026-08-07 06:16,50,2026-08-07 07:10,+05:30,
T1-04555,R-35,35,2026-08-07 06:29,50,2026-08-07 07:19,+05:30,
T1-04556,R-35,35,2026-08-07 09:09,40,2026-08-07 09:53,+05:30,
T1-04557,R-35,35,2026-08-07 07:11,40,2026-08-07 07:51,+05:30,
T1-04558,R-35,35,2026-08-07 06:03,40,2026-08-07 06:41,+05:30,
T1-04559,R-35,35,2026-08-07 08:23,45,2026-08-07 09:06,+05:30,
T1-04560,R-35,35,2026-08-07 12:39,45,2026-08-07 13:26,+05:30,
T1-04561,R-35,35,2026-08-07 17:17,55,2026-08-07 18:16,+05:30,
T1-04562,R-35,35,2026-08-08 20:39,35,2026-08-08 21:14,+05:30,
T1-04563,R-35,35,2026-08-08 09:20,40,2026-08-08 09:56,+05:30,
T1-04564,R-35,35,2026-08-08 17:48,40,2026-08-08 18:30,+05:30,
T1-04565,R-35,35,2026-08-08 20:40,45,2026-08-08 21:21,+05:30,
T1-04566,R-35,35,2026-08-08 11:28,55,2026-08-08 12:24,+05:30,
T1-04567,R-35,35,2026-08-08 15:41,55,2026-08-08 16:36,+05:30,
T1-04568,R-35,35,2026-08-08 13:45,45,2026-08-08 14:29,+05:30,
T1-04569,R-35,35,2026-08-08 08:13,55,2026-08-08 09:09,+05:30,
T1-04570,R-35,35,2026-08-08 13:25,50,2026-08-08 14:21,+05:30,
T1-04571,R-35,35,2026-08-08 11:44,45,2026-08-08 12:33,+05:30,
T1-04572,R-35,35,2026-08-08 08:19,55,2026-08-08 09:17,+05:30,
T1-04573,R-35,35,2026-08-08 14:05,50,2026-08-08 15:01,+05:30,
T1-04574,R-35,35,2026-08-08 08:49,35,2026-08-08 09:19,+05:30,
T1-04575,R-35,35,2026-08-08 08:02,45,2026-08-08 08:47,+05:30,
T1-04576,R-35,35,2026-08-08 11:59,40,2026-08-08 12:41,+05:30,
T1-04577,R-35,35,2026-08-08 07:42,50,2026-08-08 08:32,+05:30,
T1-04578,R-35,35,2026-08-08 09:23,55,2026-08-08 10:17,+05:30,
T1-04579,R-35,35,2026-08-08 08:56,40,2026-08-08 09:42,+05:30,
T1-04580,R-35,35,2026-08-08 21:57,50,2026-08-08 22:58,+05:30,
T1-04581,R-35,35,2026-08-09 07:35,55,2026-08-09 08:32,+05:30,
T1-04582,R-35,35,2026-08-09 10:25,45,2026-08-09 11:11,+05:30,
T1-04583,R-35,35,2026-08-09 06:30,35,2026-08-09 07:02,+05:30,
T1-04584,R-35,35,2026-08-09 12:07,55,2026-08-09 13:02,+05:30,
T1-04585,R-35,35,2026-08-09 11:26,50,2026-08-09 12:28,+05:30,
T1-04586,R-35,35,2026-08-09 17:13,50,2026-08-09 18:03,+05:30,
T1-04587,R-35,35,2026-08-09 10:30,35,2026-08-09 11:03,+05:30,
T1-04588,R-35,35,2026-08-09 06:19,55,2026-08-09 07:17,+05:30,
T1-04589,R-35,35,2026-08-09 11:05,40,2026-08-09 11:48,+05:30,
T1-04590,R-35,35,2026-08-09 12:11,45,2026-08-09 13:01,+05:30,
T1-04591,R-35,35,2026-08-09 09:41,55,2026-08-09 10:36,+05:30,
T1-04592,R-35,35,2026-08-09 14:01,55,2026-08-09 14:49,+05:30,
T1-04593,R-35,35,2026-08-09 10:13,35,2026-08-09 10:51,+05:30,
T1-04594,R-35,35,2026-08-09 08:17,45,2026-08-09 09:04,+05:30,
T1-04595,R-35,35,2026-08-09 12:37,55,2026-08-09 13:37,+05:30,
T1-04596,R-35,35,2026-08-09 16:07,35,2026-08-09 16:41,+05:30,
T1-04597,R-35,35,2026-08-09 18:16,35,2026-08-09 18:45,+05:30,
T1-04598,R-35,35,2026-08-09 14:40,35,2026-08-09 15:15,+05:30,
T1-04599,R-35,35,2026-08-09 16:14,45,2026-08-09 16:58,+05:30,
T1-04600,R-36,36,2026-08-03 08:47,45,2026-08-03 09:35,+05:30,
T1-04601,R-36,36,2026-08-03 14:04,45,2026-08-03 14:52,+05:30,
T1-04602,R-36,36,2026-08-03 14:47,55,2026-08-03 15:46,+05:30,
T1-04603,R-36,36,2026-08-03 15:34,55,2026-08-03 16:32,+05:30,
T1-04604,R-36,36,2026-08-03 14:36,40,2026-08-03 15:15,+05:30,
T1-04605,R-36,36,2026-08-03 08:48,45,2026-08-03 09:31,+05:30,
T1-04606,R-36,36,2026-08-03 09:03,45,2026-08-03 09:45,+05:30,
T1-04607,R-36,36,2026-08-03 17:21,55,2026-08-03 18:22,+05:30,
T1-04608,R-36,36,2026-08-03 17:00,45,2026-08-03 17:42,+05:30,
T1-04609,R-36,36,2026-08-03 19:28,45,2026-08-03 20:08,+05:30,
T1-04610,R-36,36,2026-08-03 15:45,55,2026-08-03 16:45,+05:30,
T1-04611,R-36,36,2026-08-03 20:33,50,2026-08-03 21:27,+05:30,
T1-04612,R-36,36,2026-08-03 14:33,35,2026-08-03 15:07,+05:30,
T1-04613,R-36,36,2026-08-03 09:27,55,2026-08-03 10:25,+05:30,
T1-04614,R-36,36,2026-08-03 16:59,45,2026-08-03 17:48,+05:30,
T1-04615,R-36,36,2026-08-03 18:07,45,2026-08-03 18:46,+05:30,
T1-04616,R-36,36,2026-08-03 17:57,40,2026-08-03 18:39,+05:30,
T1-04617,R-36,36,2026-08-03 15:31,50,2026-08-03 16:21,+05:30,
T1-04618,R-36,36,2026-08-03 11:50,40,2026-08-03 12:32,+05:30,
T1-04619,R-36,36,2026-08-04 12:36,45,2026-08-04 13:22,+05:30,
T1-04620,R-36,36,2026-08-04 14:51,45,2026-08-04 15:42,+05:30,
T1-04621,R-36,36,2026-08-04 08:30,35,2026-08-04 08:58,+05:30,
T1-04622,R-36,36,2026-08-04 16:41,55,2026-08-04 17:30,+05:30,
T1-04623,R-36,36,2026-08-04 19:18,50,2026-08-04 20:10,+05:30,
T1-04624,R-36,36,2026-08-04 12:48,45,2026-08-04 13:25,+05:30,
T1-04625,R-36,36,2026-08-04 21:31,45,2026-08-04 22:19,+05:30,
T1-04626,R-36,36,2026-08-04 13:37,55,2026-08-04 14:35,+05:30,
T1-04627,R-36,36,2026-08-04 06:13,45,2026-08-04 07:00,+05:30,
T1-04628,R-36,36,2026-08-04 17:34,50,2026-08-04 18:21,+05:30,
T1-04629,R-36,36,2026-08-04 06:13,55,2026-08-04 07:02,+05:30,
T1-04630,R-36,36,2026-08-04 06:42,45,2026-08-04 07:28,+05:30,
T1-04631,R-36,36,2026-08-04 10:59,45,2026-08-04 11:43,+05:30,
T1-04632,R-36,36,2026-08-04 17:38,35,2026-08-04 18:14,+05:30,
T1-04633,R-36,36,2026-08-04 16:04,50,2026-08-04 16:46,+05:30,
T1-04634,R-36,36,2026-08-04 18:40,50,2026-08-04 19:28,+05:30,
T1-04635,R-36,36,2026-08-04 10:28,35,2026-08-04 11:02,+05:30,
T1-04636,R-36,36,2026-08-04 16:00,50,2026-08-04 16:52,+05:30,
T1-04637,R-36,36,2026-08-04 20:01,55,2026-08-04 21:00,+05:30,
T1-04638,R-36,36,2026-08-05 08:15,40,2026-08-05 08:57,+05:30,
T1-04639,R-36,36,2026-08-05 12:30,45,2026-08-05 13:12,+05:30,
T1-04640,R-36,36,2026-08-05 11:18,45,2026-08-05 12:00,+05:30,
T1-04641,R-36,36,2026-08-05 14:04,40,2026-08-05 14:43,+05:30,
T1-04642,R-36,36,2026-08-05 13:19,35,2026-08-05 13:55,+05:30,
T1-04643,R-36,36,2026-08-05 10:11,55,2026-08-05 11:06,+05:30,
T1-04644,R-36,36,2026-08-05 19:02,35,2026-08-05 19:28,+05:30,
T1-04645,R-36,36,2026-08-05 10:02,55,2026-08-05 10:58,+05:30,
T1-04646,R-36,36,2026-08-05 19:19,55,2026-08-05 08:60,+05:30,
T1-04647,R-36,36,2026-08-05 09:50,45,2026-08-05 10:33,+05:30,
T1-04648,R-36,36,2026-08-05 08:14,40,2026-08-05 08:59,+05:30,
T1-04649,R-36,36,2026-08-05 10:12,45,2026-08-05 10:55,+05:30,
T1-04650,R-36,36,2026-08-05 10:32,55,2026-08-05 11:32,+05:30,
T1-04651,R-36,36,2026-08-05 20:53,55,2026-08-05 21:49,+05:30,
T1-04652,R-36,36,2026-08-05 08:49,45,2026-08-05 09:38,+05:30,
T1-04653,R-36,36,2026-08-05 15:48,40,2026-08-05 16:35,+05:30,
T1-04654,R-36,36,2026-08-05 20:25,35,2026-08-05 20:58,+05:30,
T1-04655,R-36,36,2026-08-05 21:02,40,2026-08-05 21:46,+05:30,
T1-04656,R-36,36,2026-08-05 12:29,35,2026-08-05 13:06,+05:30,
T1-04657,R-36,36,2026-08-06 06:18,50,2026-08-06 07:10,+05:30,
T1-04658,R-36,36,2026-08-06 08:56,55,2026-08-06 09:45,+05:30,
T1-04659,R-36,36,2026-08-06 16:51,55,2026-08-06 17:48,+05:30,
T1-04660,R-36,36,2026-08-06 11:02,50,2026-08-06 11:59,+05:30,
T1-04661,R-36,36,2026-08-06 20:39,50,2026-08-06 21:37,+05:30,
T1-04662,R-36,36,2026-08-06 11:29,55,2026-08-06 12:28,+05:30,
T1-04663,R-36,36,2026-08-06 17:49,40,2026-08-06 18:38,+05:30,
T1-04664,R-36,36,2026-08-06 10:09,50,2026-08-06 10:55,+05:30,
T1-04665,R-36,36,2026-08-06 14:18,35,2026-08-06 14:59,+05:30,
T1-04666,R-36,36,2026-08-06 06:05,55,2026-08-06 06:53,+05:30,
T1-04667,R-36,36,2026-08-06 11:31,50,2026-08-06 12:19,+05:30,
T1-04668,R-36,36,2026-08-06 07:44,35,2026-08-06 08:15,+05:30,
T1-04669,R-36,36,2026-08-06 07:21,40,2026-08-06 08:05,+05:30,
T1-04670,R-36,36,2026-08-06 12:44,55,2026-08-06 13:34,+05:30,
T1-04671,R-36,36,2026-08-06 09:53,35,2026-08-06 10:28,+05:30,
T1-04672,R-36,36,2026-08-06 18:05,50,2026-08-06 18:57,+05:30,
T1-04673,R-36,36,2026-08-06 07:12,35,2026-08-06 07:34,+05:30,
T1-04674,R-36,36,2026-08-06 20:49,45,2026-08-06 21:35,+05:30,
T1-04675,R-36,36,2026-08-06 11:40,50,2026-08-06 12:34,+05:30,
T1-04676,R-36,36,2026-08-07 21:27,55,2026-08-07 22:20,+05:30,
T1-04677,R-36,36,2026-08-07 12:30,40,2026-08-07 13:17,+05:30,
T1-04678,R-36,36,2026-08-07 21:37,40,2026-08-07 22:02,+05:30,
T1-04679,R-36,36,2026-08-07 06:22,55,2026-08-07 07:15,+05:30,
T1-04680,R-36,36,2026-08-07 10:40,40,2026-08-07 11:21,+05:30,
T1-04681,R-36,36,2026-08-07 16:49,45,2026-08-07 17:35,+05:30,
T1-04682,R-36,36,2026-08-07 14:37,35,2026-08-07 15:13,+05:30,
T1-04683,R-36,36,2026-08-07 14:05,55,2026-08-07 15:02,+05:30,
T1-04684,R-36,36,2026-08-07 07:32,45,2026-08-07 08:26,+05:30,
T1-04685,R-36,36,2026-08-07 14:32,55,2026-08-07 15:27,+05:30,
T1-04686,R-36,36,2026-08-07 16:48,35,2026-08-07 17:17,+05:30,
T1-04687,R-36,36,2026-08-07 07:21,55,2026-08-07 08:15,+05:30,
T1-04688,R-36,36,2026-08-07 18:34,55,2026-08-07 19:26,+05:30,
T1-04689,R-36,36,2026-08-07 15:56,45,2026-08-07 16:39,+05:30,
T1-04690,R-36,36,2026-08-07 15:53,55,2026-08-07 16:49,+05:30,
T1-04691,R-36,36,2026-08-07 16:03,35,2026-08-07 16:39,+05:30,
T1-04692,R-36,36,2026-08-07 07:37,35,2026-08-07 08:12,+05:30,
T1-04693,R-36,36,2026-08-07 19:57,50,2026-08-07 20:45,+05:30,
T1-04694,R-36,36,2026-08-07 06:22,40,2026-08-07 07:03,+05:30,
T1-04695,R-36,36,2026-08-08 14:31,40,2026-08-08 15:14,+05:30,
T1-04696,R-36,36,2026-08-08 17:38,45,2026-08-08 18:21,+05:30,
T1-04697,R-36,36,2026-08-08 18:15,50,2026-08-08 19:05,+05:30,
T1-04698,R-36,36,2026-08-08 21:57,35,2026-08-08 22:30,+05:30,
T1-04699,R-36,36,2026-08-08 20:29,55,2026-08-08 21:24,+05:30,
T1-04700,R-36,36,2026-08-08 11:22,50,2026-08-08 12:18,+05:30,
T1-04701,R-36,36,2026-08-08 09:21,35,2026-08-08 09:51,+05:30,
T1-04702,R-36,36,2026-08-08 10:16,35,2026-08-08 10:47,+05:30,
T1-04703,R-36,36,2026-08-08 18:19,45,2026-08-08 19:01,+05:30,
T1-04704,R-36,36,2026-08-08 08:18,55,2026-08-08 09:15,+05:30,
T1-04705,R-36,36,2026-08-08 10:01,35,2026-08-08 10:40,+05:30,
T1-04706,R-36,36,2026-08-08 18:44,35,2026-08-08 19:27,+05:30,
T1-04707,R-36,36,2026-08-08 10:00,35,2026-08-08 10:40,+05:30,
T1-04708,R-36,36,2026-08-08 19:28,50,2026-08-08 20:19,+05:30,
T1-04709,R-36,36,2026-08-08 20:36,35,2026-08-08 21:15,+05:30,
T1-04710,R-36,36,2026-08-08 13:03,40,2026-08-08 13:39,+05:30,
T1-04711,R-36,36,2026-08-08 09:50,50,2026-08-08 10:45,+05:30,
T1-04712,R-36,36,2026-08-08 07:28,40,2026-08-08 08:11,+05:30,
T1-04713,R-36,36,2026-08-08 15:02,40,2026-08-08 15:40,+05:30,
T1-04714,R-36,36,2026-08-09 21:51,45,2026-08-09 22:31,+05:30,
T1-04715,R-36,36,2026-08-09 10:01,55,2026-08-09 10:48,+05:30,
T1-04716,R-36,36,2026-08-09 08:29,35,2026-08-09 09:04,+05:30,
T1-04717,R-36,36,2026-08-09 10:27,50,2026-08-09 11:14,+05:30,
T1-04718,R-36,36,2026-08-09 12:33,50,2026-08-09 13:23,+05:30,
T1-04719,R-36,36,2026-08-09 15:00,55,2026-08-09 15:47,+05:30,
T1-04720,R-36,36,2026-08-09 19:14,50,2026-08-09 20:08,+05:30,
T1-04721,R-36,36,2026-08-09 07:38,40,2026-08-09 08:27,+05:30,
T1-04722,R-36,36,2026-08-09 09:11,40,2026-08-09 09:51,+05:30,
T1-04723,R-36,36,2026-08-09 19:30,50,2026-08-09 20:20,+05:30,
T1-04724,R-36,36,2026-08-09 10:31,55,2026-08-09 11:29,+05:30,
T1-04725,R-36,36,2026-08-09 15:26,40,2026-08-09 16:09,+05:30,
T1-04726,R-36,36,2026-08-09 20:45,35,2026-08-09 21:22,+05:30,
T1-04727,R-36,36,2026-08-09 12:04,45,2026-08-09 12:51,+05:30,
T1-04728,R-36,36,2026-08-09 07:55,40,2026-08-09 08:39,+05:30,
T1-04729,R-36,36,2026-08-09 13:58,35,2026-08-09 14:40,+05:30,
T1-04730,R-36,36,2026-08-09 06:30,45,2026-08-09 07:13,+05:30,
T1-04731,R-36,36,2026-08-09 10:16,35,2026-08-09 10:47,+05:30,
T1-04732,R-36,36,2026-08-09 19:38,35,2026-08-09 20:09,+05:30,
T1-04733,R-37,37,2026-08-03 06:01,45,2026-08-03 06:50,+05:30,
T1-04734,R-37,37,2026-08-03 09:08,55,2026-08-03 10:08,+05:30,
T1-04735,R-37,37,2026-08-03 15:26,50,2026-08-03 16:18,+05:30,
T1-04736,R-37,37,2026-08-03 21:04,35,2026-08-03 21:46,+05:30,
T1-04737,R-37,37,2026-08-03 06:19,35,2026-08-03 06:59,+05:30,
T1-04738,R-37,37,2026-08-03 19:50,35,2026-08-03 20:33,+05:30,
T1-04739,R-37,37,2026-08-03 19:40,40,2026-08-03 20:32,+05:30,
T1-04740,R-37,37,2026-08-03 09:43,45,2026-08-03 10:28,+05:30,
T1-04741,R-37,37,2026-08-03 13:48,50,2026-08-03 14:34,+05:30,
T1-04742,R-37,37,2026-08-03 19:55,50,2026-08-03 20:51,+05:30,
T1-04743,R-37,37,2026-08-03 15:02,50,2026-08-03 15:51,+05:30,
T1-04744,R-37,37,2026-08-03 13:19,50,2026-08-03 14:15,+05:30,
T1-04745,R-37,37,2026-08-03 14:23,35,2026-08-03 15:04,+05:30,
T1-04746,R-37,37,2026-08-03 19:50,55,2026-08-03 20:52,+05:30,
T1-04747,R-37,37,2026-08-03 17:34,40,2026-08-03 18:19,+05:30,
T1-04748,R-37,37,2026-08-04 06:23,35,2026-08-04 07:01,+05:30,
T1-04749,R-37,37,2026-08-04 21:02,55,2026-08-04 22:02,+05:30,
T1-04750,R-37,37,2026-08-04 19:41,45,2026-08-04 20:28,+05:30,
T1-04751,R-37,37,2026-08-04 15:31,50,2026-08-04 16:24,+05:30,
T1-04752,R-37,37,2026-08-04 07:02,35,2026-08-04 07:47,+05:30,
T1-04753,R-37,37,2026-08-04 13:00,40,2026-08-04 13:43,+05:30,
T1-04754,R-37,37,2026-08-04 18:56,55,2026-08-04 19:55,+05:30,
T1-04755,R-37,37,2026-08-04 19:25,40,2026-08-04 20:10,+05:30,
T1-04756,R-37,37,2026-08-04 09:24,55,2026-08-04 10:23,+05:30,
T1-04757,R-37,37,2026-08-04 06:38,40,2026-08-04 07:24,+05:30,
T1-04758,R-37,37,2026-08-04 19:02,50,2026-08-04 19:48,+05:30,
T1-04759,R-37,37,2026-08-04 18:10,55,2026-08-04 19:07,+05:30,
T1-04760,R-37,37,2026-08-04 17:58,35,2026-08-04 18:35,+05:30,
T1-04761,R-37,37,2026-08-04 09:01,40,2026-08-04 09:49,+05:30,
T1-04762,R-37,37,2026-08-04 12:08,55,2026-08-04 13:09,+05:30,
T1-04763,R-37,37,2026-08-05 10:08,40,2026-08-05 10:50,+05:30,
T1-04764,R-37,37,2026-08-05 20:20,55,2026-08-05 21:09,+05:30,
T1-04765,R-37,37,2026-08-05 16:19,45,2026-08-05 17:12,+05:30,
T1-04766,R-37,37,2026-08-05 09:46,50,2026-08-05 10:35,+05:30,
T1-04767,R-37,37,2026-08-05 20:00,35,2026-08-05 20:44,+05:30,
T1-04768,R-37,37,2026-08-05 14:54,35,2026-08-05 15:40,+05:30,
T1-04769,R-37,37,2026-08-05 15:37,40,2026-08-05 16:20,+05:30,
T1-04770,R-37,37,2026-08-05 18:07,45,2026-08-05 18:55,+05:30,
T1-04771,R-37,37,2026-08-05 19:58,55,2026-08-05 20:53,+05:30,
T1-04772,R-37,37,2026-08-05 18:53,50,2026-08-05 19:40,+05:30,
T1-04773,R-37,37,2026-08-05 20:09,40,2026-08-05 20:57,+05:30,
T1-04774,R-37,37,2026-08-05 20:04,40,2026-08-05 20:51,+05:30,
T1-04775,R-37,37,2026-08-05 13:41,45,2026-08-05 14:28,+05:30,
T1-04776,R-37,37,2026-08-05 12:06,55,2026-08-05 13:08,+05:30,
T1-04777,R-37,37,2026-08-05 17:15,35,2026-08-05 17:59,+05:30,
T1-04778,R-37,37,2026-08-06 17:40,50,2026-08-06 18:32,+05:30,
T1-04779,R-37,37,2026-08-06 16:37,35,2026-08-06 17:11,+05:30,
T1-04780,R-37,37,2026-08-06 19:26,55,2026-08-06 20:22,+05:30,
T1-04781,R-37,37,2026-08-06 10:01,40,2026-08-06 10:39,+05:30,
T1-04782,R-37,37,2026-08-06 06:44,35,2026-08-06 07:27,+05:30,
T1-04783,R-37,37,2026-08-06 20:11,55,2026-08-06 21:10,+05:30,
T1-04784,R-37,37,2026-08-06 15:08,55,2026-08-06 16:05,+05:30,
T1-04785,R-37,37,2026-08-06 13:10,35,2026-08-06 13:52,+05:30,
T1-04786,R-37,37,2026-08-06 12:32,50,2026-08-06 13:28,+05:30,
T1-04787,R-37,37,2026-08-06 11:31,35,2026-08-06 12:19,+05:30,
T1-04788,R-37,37,2026-08-06 09:47,55,2026-08-06 10:45,+05:30,
T1-04789,R-37,37,2026-08-06 08:59,35,2026-08-06 09:30,+05:30,
T1-04790,R-37,37,2026-08-06 21:49,45,2026-08-06 22:36,+05:30,
T1-04791,R-37,37,2026-08-06 20:36,45,2026-08-06 21:30,+05:30,
T1-04792,R-37,37,2026-08-06 06:07,45,2026-08-06 07:02,+05:30,
T1-04793,R-37,37,2026-08-07 09:49,50,2026-08-07 10:37,+05:30,
T1-04794,R-37,37,2026-08-07 08:51,40,2026-08-07 09:32,+05:30,
T1-04795,R-37,37,2026-08-07 14:48,40,2026-08-07 15:31,+05:30,
T1-04796,R-37,37,2026-08-07 07:09,45,2026-08-07 08:01,+05:30,
T1-04797,R-37,37,2026-08-07 06:12,45,2026-08-07 07:05,+05:30,
T1-04798,R-37,37,2026-08-07 10:31,45,2026-08-07 11:25,+05:30,
T1-04799,R-37,37,2026-08-07 10:38,45,2026-08-07 11:31,+05:30,
T1-04800,R-37,37,2026-08-07 10:11,45,2026-08-07 11:04,+05:30,
T1-04801,R-37,37,2026-08-07 13:58,35,2026-08-07 14:34,+05:30,
T1-04802,R-37,37,2026-08-07 10:26,35,2026-08-07 11:07,+05:30,
T1-04803,R-37,37,2026-08-07 13:26,55,2026-08-07 14:30,+05:30,
T1-04804,R-37,37,2026-08-07 16:35,50,2026-08-07 17:23,+05:30,
T1-04805,R-37,37,2026-08-07 09:12,35,2026-08-07 09:54,+05:30,
T1-04806,R-37,37,2026-08-07 11:04,35,2026-08-07 11:41,+05:30,
T1-04807,R-37,37,2026-08-07 17:07,55,2026-08-07 18:05,+05:30,
T1-04808,R-37,37,2026-08-08 10:44,45,2026-08-08 11:28,+05:30,
T1-04809,R-37,37,2026-08-08 06:36,35,2026-08-08 07:18,+05:30,
T1-04810,R-37,37,2026-08-08 21:44,35,2026-08-08 22:17,+05:30,
T1-04811,R-37,37,2026-08-08 07:13,55,2026-08-08 08:11,+05:30,
T1-04812,R-37,37,2026-08-08 13:47,35,2026-08-08 14:34,+05:30,
T1-04813,R-37,37,2026-08-08 11:27,55,2026-08-08 12:27,+05:30,
T1-04814,R-37,37,2026-08-08 16:52,55,2026-08-08 17:50,+05:30,
T1-04815,R-37,37,2026-08-08 08:20,35,2026-08-08 09:01,+05:30,
T1-04816,R-37,37,2026-08-08 19:33,45,2026-08-08 20:19,+05:30,
T1-04817,R-37,37,2026-08-08 07:47,45,2026-08-08 08:36,+05:30,
T1-04818,R-37,37,2026-08-08 15:39,55,2026-08-08 16:43,+05:30,
T1-04819,R-37,37,2026-08-08 14:49,45,2026-08-08 15:37,+05:30,
T1-04820,R-37,37,2026-08-08 15:49,35,2026-08-08 16:27,+05:30,
T1-04821,R-37,37,2026-08-08 06:10,40,2026-08-08 06:56,+05:30,
T1-04822,R-37,37,2026-08-08 09:31,50,2026-08-08 10:26,+05:30,
T1-04823,R-37,37,2026-08-09 13:22,50,2026-08-09 14:14,+05:30,
T1-04824,R-37,37,2026-08-09 15:55,50,2026-08-09 16:54,+05:30,
T1-04825,R-37,37,2026-08-09 14:08,50,2026-08-09 15:02,+05:30,
T1-04826,R-37,37,2026-08-09 10:24,45,2026-08-09 11:03,+05:30,
T1-04827,R-37,37,2026-08-09 21:39,55,2026-08-09 22:40,+05:30,
T1-04828,R-37,37,2026-08-09 13:52,45,2026-08-09 14:44,+05:30,
T1-04829,R-37,37,2026-08-09 12:37,55,2026-08-09 13:34,+05:30,
T1-04830,R-37,37,2026-08-09 15:02,50,2026-08-09 15:55,+05:30,
T1-04831,R-37,37,2026-08-09 19:30,40,2026-08-09 20:09,+05:30,
T1-04832,R-37,37,2026-08-09 13:52,55,2026-08-09 14:50,+05:30,
T1-04833,R-37,37,2026-08-09 17:05,55,2026-08-09 18:03,+05:30,
T1-04834,R-37,37,2026-08-09 06:44,55,2026-08-09 07:45,+05:30,
T1-04835,R-37,37,2026-08-09 17:13,35,2026-08-09 17:59,+05:30,
T1-04836,R-37,37,2026-08-09 08:42,55,2026-08-09 09:39,+05:30,
T1-04837,R-37,37,2026-08-09 10:03,55,2026-08-09 11:03,+05:30,
T1-04838,R-38,38,2026-08-03 19:28,45,2026-08-03 20:20,+05:30,
T1-04839,R-38,38,2026-08-03 10:46,55,2026-08-03 11:43,+05:30,
T1-04840,R-38,38,2026-08-03 13:49,45,2026-08-03 14:41,+05:30,
T1-04841,R-38,38,2026-08-03 08:56,40,2026-08-03 09:42,+05:30,
T1-04842,R-38,38,2026-08-03 16:39,40,2026-08-03 17:18,+05:30,
T1-04843,R-38,38,2026-08-03 18:19,35,2026-08-03 18:57,+05:30,
T1-04844,R-38,38,2026-08-03 10:29,45,2026-08-03 11:20,+05:30,
T1-04845,R-38,38,2026-08-03 10:06,35,2026-08-03 10:43,+05:30,
T1-04846,R-38,38,2026-08-03 09:19,50,2026-08-03 08:60,+05:30,
T1-04847,R-38,38,2026-08-03 20:02,55,2026-08-03 21:01,+05:30,
T1-04848,R-38,38,2026-08-03 09:43,55,2026-08-03 10:34,+05:30,
T1-04849,R-38,38,2026-08-03 18:59,45,2026-08-03 19:48,+05:30,
T1-04850,R-38,38,2026-08-03 10:15,55,2026-08-03 11:11,+05:30,
T1-04851,R-38,38,2026-08-03 10:20,55,2026-08-03 11:18,+05:30,
T1-04852,R-38,38,2026-08-03 07:00,35,2026-08-03 07:41,+05:30,
T1-04853,R-38,38,2026-08-03 14:45,35,2026-08-03 15:18,+05:30,
T1-04854,R-38,38,2026-08-03 07:57,45,2026-08-03 08:38,+05:30,
T1-04855,R-38,38,2026-08-03 06:10,45,2026-08-03 06:54,+05:30,
T1-04856,R-38,38,2026-08-03 06:35,55,2026-08-03 07:30,+05:30,
T1-04857,R-38,38,2026-08-03 18:35,45,2026-08-03 19:15,+05:30,
T1-04858,R-38,38,2026-08-03 19:02,40,2026-08-03 19:42,+05:30,
T1-04859,R-38,38,2026-08-04 09:24,45,2026-08-04 10:13,+05:30,
T1-04860,R-38,38,2026-08-04 18:10,35,2026-08-04 18:43,+05:30,
T1-04861,R-38,38,2026-08-04 13:23,55,2026-08-04 14:21,+05:30,
T1-04862,R-38,38,2026-08-04 14:21,45,2026-08-04 15:05,+05:30,
T1-04863,R-38,38,2026-08-04 08:25,40,2026-08-04 09:05,+05:30,
T1-04864,R-38,38,2026-08-04 11:12,40,2026-08-04 12:01,+05:30,
T1-04865,R-38,38,2026-08-04 11:53,35,2026-08-04 12:29,+05:30,
T1-04866,R-38,38,2026-08-04 17:47,35,2026-08-04 18:25,+05:30,
T1-04867,R-38,38,2026-08-04 21:39,50,2026-08-04 22:23,+05:30,
T1-04868,R-38,38,2026-08-04 21:17,40,2026-08-04 21:57,+05:30,
T1-04869,R-38,38,2026-08-04 21:37,45,2026-08-04 22:27,+05:30,
T1-04870,R-38,38,2026-08-04 06:17,35,2026-08-04 06:47,+05:30,
T1-04871,R-38,38,2026-08-04 13:19,55,2026-08-04 14:15,+05:30,
T1-04872,R-38,38,2026-08-04 17:48,50,2026-08-04 18:41,+05:30,
T1-04873,R-38,38,2026-08-04 14:09,35,2026-08-04 14:52,+05:30,
T1-04874,R-38,38,2026-08-04 16:52,40,2026-08-04 17:36,+05:30,
T1-04875,R-38,38,2026-08-04 14:37,40,2026-08-04 15:21,+05:30,
T1-04876,R-38,38,2026-08-04 18:12,35,2026-08-04 18:48,+05:30,
T1-04877,R-38,38,2026-08-04 18:40,40,2026-08-04 19:24,+05:30,
T1-04878,R-38,38,2026-08-04 20:45,45,2026-08-04 21:40,+05:30,
T1-04879,R-38,38,2026-08-04 20:27,55,2026-08-04 21:26,+05:30,
T1-04880,R-38,38,2026-08-05 10:31,40,2026-08-05 11:19,+05:30,
T1-04881,R-38,38,2026-08-05 13:07,50,2026-08-05 13:59,+05:30,
T1-04882,R-38,38,2026-08-05 21:59,50,2026-08-05 22:57,+05:30,
T1-04883,R-38,38,2026-08-05 14:04,50,2026-08-05 14:53,+05:30,
T1-04884,R-38,38,2026-08-05 21:33,50,2026-08-05 22:23,+05:30,
T1-04885,R-38,38,2026-08-05 09:07,40,2026-08-05 09:46,+05:30,
T1-04886,R-38,38,2026-08-05 12:01,50,2026-08-05 12:58,+05:30,
T1-04887,R-38,38,2026-08-05 08:26,55,2026-08-05 09:23,+05:30,
T1-04888,R-38,38,2026-08-05 13:14,35,2026-08-05 13:52,+05:30,
T1-04889,R-38,38,2026-08-05 07:26,50,2026-08-05 08:21,+05:30,
T1-04890,R-38,38,2026-08-05 07:41,45,2026-08-05 08:25,+05:30,
T1-04891,R-38,38,2026-08-05 15:28,55,2026-08-05 16:17,+05:30,
T1-04892,R-38,38,2026-08-05 19:42,45,2026-08-05 20:32,+05:30,
T1-04893,R-38,38,2026-08-05 08:59,40,2026-08-05 09:38,+05:30,
T1-04894,R-38,38,2026-08-05 09:30,35,2026-08-05 10:11,+05:30,
T1-04895,R-38,38,2026-08-05 20:08,50,2026-08-05 20:59,+05:30,
T1-04896,R-38,38,2026-08-05 20:16,40,2026-08-05 21:01,+05:30,
T1-04897,R-38,38,2026-08-05 20:28,55,2026-08-05 21:23,+05:30,
T1-04898,R-38,38,2026-08-05 07:37,45,2026-08-05 08:20,+05:30,
T1-04899,R-38,38,2026-08-05 19:58,55,2026-08-05 20:53,+05:30,
T1-04900,R-38,38,2026-08-05 07:53,50,2026-08-05 08:44,+05:30,
T1-04901,R-38,38,2026-08-06 11:35,50,2026-08-06 12:27,+05:30,
T1-04902,R-38,38,2026-08-06 09:18,55,2026-08-06 10:10,+05:30,
T1-04903,R-38,38,2026-08-06 12:49,45,2026-08-06 13:37,+05:30,
T1-04904,R-38,38,2026-08-06 15:14,50,2026-08-06 16:11,+05:30,
T1-04905,R-38,38,2026-08-06 12:02,40,2026-08-06 12:44,+05:30,
T1-04906,R-38,38,2026-08-06 18:38,40,2026-08-06 19:17,+05:30,
T1-04907,R-38,38,2026-08-06 16:10,40,2026-08-06 16:49,+05:30,
T1-04908,R-38,38,2026-08-06 11:21,50,2026-08-06 12:17,+05:30,
T1-04909,R-38,38,2026-08-06 21:25,50,2026-08-06 22:15,+05:30,
T1-04910,R-38,38,2026-08-06 19:44,40,2026-08-06 20:21,+05:30,
T1-04911,R-38,38,2026-08-06 14:51,35,2026-08-06 15:15,+05:30,
T1-04912,R-38,38,2026-08-06 07:08,40,2026-08-06 07:45,+05:30,
T1-04913,R-38,38,2026-08-06 13:24,40,2026-08-06 14:05,+05:30,
T1-04914,R-38,38,2026-08-06 06:45,35,2026-08-06 07:22,+05:30,
T1-04915,R-38,38,2026-08-06 07:11,35,2026-08-06 07:42,+05:30,
T1-04916,R-38,38,2026-08-06 06:05,35,2026-08-06 06:39,+05:30,
T1-04917,R-38,38,2026-08-06 13:51,35,2026-08-06 14:22,+05:30,
T1-04918,R-38,38,2026-08-06 14:02,40,2026-08-06 14:47,+05:30,
T1-04919,R-38,38,2026-08-06 14:54,35,2026-08-06 15:24,+05:30,
T1-04920,R-38,38,2026-08-06 16:15,40,2026-08-06 16:53,+05:30,
T1-04921,R-38,38,2026-08-06 10:45,55,2026-08-06 11:47,+05:30,
T1-04922,R-38,38,2026-08-07 15:00,50,2026-08-07 15:51,+05:30,
T1-04923,R-38,38,2026-08-07 17:44,45,2026-08-07 18:41,+05:30,
T1-04924,R-38,38,2026-08-07 16:22,35,2026-08-07 16:53,+05:30,
T1-04925,R-38,38,2026-08-07 09:16,50,2026-08-07 10:07,+05:30,
T1-04926,R-38,38,2026-08-07 20:17,50,2026-08-07 21:07,+05:30,
T1-04927,R-38,38,2026-08-07 19:24,40,2026-08-07 20:03,+05:30,
T1-04928,R-38,38,2026-08-07 20:43,45,2026-08-07 21:23,+05:30,
T1-04929,R-38,38,2026-08-07 16:53,35,2026-08-07 17:28,+05:30,
T1-04930,R-38,38,2026-08-07 15:56,35,2026-08-07 16:30,+05:30,
T1-04931,R-38,38,2026-08-07 13:29,40,2026-08-07 14:14,+05:30,
T1-04932,R-38,38,2026-08-07 13:29,45,2026-08-07 14:22,+05:30,
T1-04933,R-38,38,2026-08-07 15:22,50,2026-08-07 16:17,+05:30,
T1-04934,R-38,38,2026-08-07 15:28,40,2026-08-07 16:08,+05:30,
T1-04935,R-38,38,2026-08-07 13:11,45,2026-08-07 13:57,+05:30,
T1-04936,R-38,38,2026-08-07 08:46,45,2026-08-07 09:32,+05:30,
T1-04937,R-38,38,2026-08-07 11:28,45,2026-08-07 12:15,+05:30,
T1-04938,R-38,38,2026-08-07 18:16,55,2026-08-07 19:16,+05:30,
T1-04939,R-38,38,2026-08-07 11:48,45,2026-08-07 12:41,+05:30,
T1-04940,R-38,38,2026-08-07 11:04,50,2026-08-07 11:48,+05:30,
T1-04941,R-38,38,2026-08-07 13:04,55,2026-08-07 14:02,+05:30,
T1-04942,R-38,38,2026-08-07 19:37,40,2026-08-07 20:21,+05:30,
T1-04943,R-38,38,2026-08-08 10:50,50,2026-08-08 11:40,+05:30,
T1-04944,R-38,38,2026-08-08 13:40,40,2026-08-08 14:23,+05:30,
T1-04945,R-38,38,2026-08-08 10:52,40,2026-08-08 11:35,+05:30,
T1-04946,R-38,38,2026-08-08 07:23,50,2026-08-08 08:18,+05:30,
T1-04947,R-38,38,2026-08-08 21:08,45,2026-08-08 21:55,+05:30,
T1-04948,R-38,38,2026-08-08 17:41,55,2026-08-08 18:38,+05:30,
T1-04949,R-38,38,2026-08-08 09:02,40,2026-08-08 09:41,+05:30,
T1-04950,R-38,38,2026-08-08 21:55,45,2026-08-08 22:51,+05:30,
T1-04951,R-38,38,2026-08-08 17:54,55,2026-08-08 18:47,+05:30,
T1-04952,R-38,38,2026-08-08 20:54,35,2026-08-08 21:28,+05:30,
T1-04953,R-38,38,2026-08-08 19:27,55,2026-08-08 20:20,+05:30,
T1-04954,R-38,38,2026-08-08 08:08,40,2026-08-08 08:41,+05:30,
T1-04955,R-38,38,2026-08-08 06:54,45,2026-08-08 07:37,+05:30,
T1-04956,R-38,38,2026-08-08 10:08,45,2026-08-08 10:53,+05:30,
T1-04957,R-38,38,2026-08-08 18:31,55,2026-08-08 19:36,+05:30,
T1-04958,R-38,38,2026-08-08 19:57,45,2026-08-08 20:45,+05:30,
T1-04959,R-38,38,2026-08-08 18:08,45,2026-08-08 18:54,+05:30,
T1-04960,R-38,38,2026-08-08 21:47,40,2026-08-08 22:28,+05:30,
T1-04961,R-38,38,2026-08-08 07:47,40,2026-08-08 08:23,+05:30,
T1-04962,R-38,38,2026-08-08 10:13,50,2026-08-08 11:04,+05:30,
T1-04963,R-38,38,2026-08-08 17:15,35,2026-08-08 17:50,+05:30,
T1-04964,R-38,38,2026-08-09 11:55,50,2026-08-09 12:46,+05:30,
T1-04965,R-38,38,2026-08-09 18:54,45,2026-08-09 19:47,+05:30,
T1-04966,R-38,38,2026-08-09 20:52,55,2026-08-09 22:02,+05:30,
T1-04967,R-38,38,2026-08-09 10:41,50,2026-08-09 11:33,+05:30,
T1-04968,R-38,38,2026-08-09 07:14,50,2026-08-09 07:59,+05:30,
T1-04969,R-38,38,2026-08-09 14:06,35,2026-08-09 14:31,+05:30,
T1-04970,R-38,38,2026-08-09 13:14,45,2026-08-09 14:02,+05:30,
T1-04971,R-38,38,2026-08-09 11:49,50,2026-08-09 12:35,+05:30,
T1-04972,R-38,38,2026-08-09 19:38,45,2026-08-09 20:30,+05:30,
T1-04973,R-38,38,2026-08-09 07:20,45,2026-08-09 08:10,+05:30,
T1-04974,R-38,38,2026-08-09 19:29,35,2026-08-09 20:03,+05:30,
T1-04975,R-38,38,2026-08-09 10:32,55,2026-08-09 11:27,+05:30,
T1-04976,R-38,38,2026-08-09 16:02,35,2026-08-09 16:34,+05:30,
T1-04977,R-38,38,2026-08-09 06:20,45,2026-08-09 07:13,+05:30,
T1-04978,R-38,38,2026-08-09 08:15,45,2026-08-09 09:03,+05:30,
T1-04979,R-38,38,2026-08-09 09:58,50,2026-08-09 10:50,+05:30,
T1-04980,R-38,38,2026-08-09 09:23,50,2026-08-09 10:09,+05:30,
T1-04981,R-38,38,2026-08-09 15:57,35,2026-08-09 16:37,+05:30,
T1-04982,R-38,38,2026-08-09 10:58,50,2026-08-09 11:46,+05:30,
T1-04983,R-38,38,2026-08-09 06:03,55,2026-08-09 07:03,+05:30,
T1-04984,R-38,38,2026-08-09 12:30,55,2026-08-09 13:23,+05:30,
T1-04985,R-39,39,2026-08-03 08:20,55,2026-08-03 09:18,+05:30,
T1-04986,R-39,39,2026-08-03 18:35,55,2026-08-03 19:33,+05:30,
T1-04987,R-39,39,2026-08-03 07:45,35,2026-08-03 08:19,+05:30,
T1-04988,R-39,39,2026-08-03 10:02,45,2026-08-03 10:53,+05:30,
T1-04989,R-39,39,2026-08-03 12:50,50,2026-08-03 13:40,+05:30,
T1-04990,R-39,39,2026-08-03 16:03,45,2026-08-03 16:49,+05:30,
T1-04991,R-39,39,2026-08-03 07:12,35,2026-08-03 07:56,+05:30,
T1-04992,R-39,39,2026-08-03 09:52,50,2026-08-03 10:38,+05:30,
T1-04993,R-39,39,2026-08-03 15:33,55,2026-08-03 16:31,+05:30,
T1-04994,R-39,39,2026-08-03 21:00,40,2026-08-03 21:33,+05:30,
T1-04995,R-39,39,2026-08-03 07:39,50,2026-08-03 08:29,+05:30,
T1-04996,R-39,39,2026-08-03 11:43,55,2026-08-03 12:44,+05:30,
T1-04997,R-39,39,2026-08-03 11:36,35,2026-08-03 12:18,+05:30,
T1-04998,R-39,39,2026-08-03 20:36,55,2026-08-03 21:36,+05:30,
T1-04999,R-39,39,2026-08-03 08:24,50,2026-08-03 09:15,+05:30,
T1-05000,R-39,39,2026-08-03 06:24,55,2026-08-03 07:20,+05:30,
T1-05001,R-39,39,2026-08-03 18:19,45,2026-08-03 19:08,+05:30,
T1-05002,R-39,39,2026-08-03 19:49,40,2026-08-03 20:36,+05:30,
T1-05003,R-39,39,2026-08-03 09:21,45,2026-08-03 10:08,+05:30,
T1-05004,R-39,39,2026-08-03 21:57,55,2026-08-03 22:49,+05:30,
T1-05005,R-39,39,2026-08-03 07:38,40,2026-08-03 08:18,+05:30,
T1-05006,R-39,39,2026-08-03 09:45,55,2026-08-03 10:46,+05:30,
T1-05007,R-39,39,2026-08-04 18:49,40,2026-08-04 19:30,+05:30,
T1-05008,R-39,39,2026-08-04 06:16,50,2026-08-04 07:07,+05:30,
T1-05009,R-39,39,2026-08-04 09:27,50,2026-08-04 10:21,+05:30,
T1-05010,R-39,39,2026-08-04 10:49,50,2026-08-04 11:38,+05:30,
T1-05011,R-39,39,2026-08-04 09:19,40,2026-08-04 09:47,+05:30,
T1-05012,R-39,39,2026-08-04 15:13,50,2026-08-04 16:05,+05:30,
T1-05013,R-39,39,2026-08-04 20:14,55,2026-08-04 21:17,+05:30,
T1-05014,R-39,39,2026-08-04 12:00,55,2026-08-04 13:00,+05:30,
T1-05015,R-39,39,2026-08-04 21:31,35,2026-08-04 22:01,+05:30,
T1-05016,R-39,39,2026-08-04 07:28,45,2026-08-04 08:13,+05:30,
T1-05017,R-39,39,2026-08-04 11:50,55,2026-08-04 12:48,+05:30,
T1-05018,R-39,39,2026-08-04 09:44,35,2026-08-04 10:16,+05:30,
T1-05019,R-39,39,2026-08-04 16:04,40,2026-08-04 16:41,+05:30,
T1-05020,R-39,39,2026-08-04 19:33,35,2026-08-04 20:07,+05:30,
T1-05021,R-39,39,2026-08-04 17:30,55,2026-08-04 18:31,+05:30,
T1-05022,R-39,39,2026-08-04 07:36,50,2026-08-04 08:26,+05:30,
T1-05023,R-39,39,2026-08-04 20:36,40,2026-08-04 21:12,+05:30,
T1-05024,R-39,39,2026-08-04 14:08,45,2026-08-04 14:53,+05:30,
T1-05025,R-39,39,2026-08-04 19:35,45,2026-08-04 20:20,+05:30,
T1-05026,R-39,39,2026-08-04 07:19,50,2026-08-04 08:17,+05:30,
T1-05027,R-39,39,2026-08-04 17:33,45,2026-08-04 18:22,+05:30,
T1-05028,R-39,39,2026-08-04 17:04,50,2026-08-04 17:57,+05:30,
T1-05029,R-39,39,2026-08-05 12:53,50,2026-08-05 13:43,+05:30,
T1-05030,R-39,39,2026-08-05 18:39,35,2026-08-05 19:12,+05:30,
T1-05031,R-39,39,2026-08-05 17:40,55,2026-08-05 18:37,+05:30,
T1-05032,R-39,39,2026-08-05 09:05,35,2026-08-05 09:35,+05:30,
T1-05033,R-39,39,2026-08-05 19:45,35,2026-08-05 20:22,+05:30,
T1-05034,R-39,39,2026-08-05 13:08,45,2026-08-05 13:56,+05:30,
T1-05035,R-39,39,2026-08-05 09:59,40,2026-08-05 10:53,+05:30,
T1-05036,R-39,39,2026-08-05 16:15,45,2026-08-05 16:59,+05:30,
T1-05037,R-39,39,2026-08-05 16:13,55,2026-08-05 17:15,+05:30,
T1-05038,R-39,39,2026-08-05 21:10,50,2026-08-05 22:04,+05:30,
T1-05039,R-39,39,2026-08-05 16:34,35,2026-08-05 17:15,+05:30,
T1-05040,R-39,39,2026-08-05 15:53,35,2026-08-05 16:31,+05:30,
T1-05041,R-39,39,2026-08-05 09:58,40,2026-08-05 10:42,+05:30,
T1-05042,R-39,39,2026-08-05 16:21,40,2026-08-05 17:03,+05:30,
T1-05043,R-39,39,2026-08-05 15:50,55,2026-08-05 16:46,+05:30,
T1-05044,R-39,39,2026-08-05 12:50,40,2026-08-05 13:31,+05:30,
T1-05045,R-39,39,2026-08-05 07:10,45,2026-08-05 07:50,+05:30,
T1-05046,R-39,39,2026-08-05 20:32,35,2026-08-05 21:09,+05:30,
T1-05047,R-39,39,2026-08-05 09:08,45,2026-08-05 09:54,+05:30,
T1-05048,R-39,39,2026-08-05 13:17,35,2026-08-05 13:52,+05:30,
T1-05049,R-39,39,2026-08-05 21:27,45,2026-08-05 22:17,+05:30,
T1-05050,R-39,39,2026-08-05 09:51,45,2026-08-05 10:36,+05:30,
T1-05051,R-39,39,2026-08-06 18:20,35,2026-08-06 19:00,+05:30,
T1-05052,R-39,39,2026-08-06 09:15,50,2026-08-06 10:09,+05:30,
T1-05053,R-39,39,2026-08-06 18:39,35,2026-08-06 19:20,+05:30,
T1-05054,R-39,39,2026-08-06 16:11,55,2026-08-06 17:04,+05:30,
T1-05055,R-39,39,2026-08-06 19:48,35,2026-08-06 20:21,+05:30,
T1-05056,R-39,39,2026-08-06 12:58,45,2026-08-06 13:47,+05:30,
T1-05057,R-39,39,2026-08-06 18:02,35,2026-08-06 18:41,+05:30,
T1-05058,R-39,39,2026-08-06 18:54,55,2026-08-06 19:50,+05:30,
T1-05059,R-39,39,2026-08-06 11:56,55,2026-08-06 12:55,+05:30,
T1-05060,R-39,39,2026-08-06 11:04,55,2026-08-06 12:00,+05:30,
T1-05061,R-39,39,2026-08-06 09:48,50,2026-08-06 10:38,+05:30,
T1-05062,R-39,39,2026-08-06 11:53,35,2026-08-06 12:28,+05:30,
T1-05063,R-39,39,2026-08-06 11:52,50,2026-08-06 12:47,+05:30,
T1-05064,R-39,39,2026-08-06 19:52,45,2026-08-06 20:40,+05:30,
T1-05065,R-39,39,2026-08-06 09:50,40,2026-08-06 10:34,+05:30,
T1-05066,R-39,39,2026-08-06 15:25,45,2026-08-06 16:12,+05:30,
T1-05067,R-39,39,2026-08-06 17:17,45,2026-08-06 18:04,+05:30,
T1-05068,R-39,39,2026-08-06 08:04,45,2026-08-06 08:54,+05:30,
T1-05069,R-39,39,2026-08-06 21:58,40,2026-08-06 22:48,+05:30,
T1-05070,R-39,39,2026-08-06 20:41,55,2026-08-06 21:41,+05:30,
T1-05071,R-39,39,2026-08-06 21:47,55,2026-08-06 22:46,+05:30,
T1-05072,R-39,39,2026-08-06 20:20,45,2026-08-06 21:04,+05:30,
T1-05073,R-39,39,2026-08-07 14:37,45,2026-08-07 15:27,+05:30,
T1-05074,R-39,39,2026-08-07 19:53,40,2026-08-07 20:39,+05:30,
T1-05075,R-39,39,2026-08-07 18:54,35,2026-08-07 19:34,+05:30,
T1-05076,R-39,39,2026-08-07 08:56,50,2026-08-07 09:48,+05:30,
T1-05077,R-39,39,2026-08-07 06:58,35,2026-08-07 07:42,+05:30,
T1-05078,R-39,39,2026-08-07 19:51,35,2026-08-07 20:26,+05:30,
T1-05079,R-39,39,2026-08-07 14:31,40,2026-08-07 15:08,+05:30,
T1-05080,R-39,39,2026-08-07 19:08,45,2026-08-07 19:53,+05:30,
T1-05081,R-39,39,2026-08-07 06:19,40,2026-08-07 07:02,+05:30,
T1-05082,R-39,39,2026-08-07 15:25,55,2026-08-07 16:21,+05:30,
T1-05083,R-39,39,2026-08-07 15:00,40,2026-08-07 15:41,+05:30,
T1-05084,R-39,39,2026-08-07 14:14,55,2026-08-07 15:14,+05:30,
T1-05085,R-39,39,2026-08-07 16:09,50,2026-08-07 16:54,+05:30,
T1-05086,R-39,39,2026-08-07 14:47,40,2026-08-07 15:40,+05:30,
T1-05087,R-39,39,2026-08-07 13:58,45,2026-08-07 14:42,+05:30,
T1-05088,R-39,39,2026-08-07 06:45,40,2026-08-07 07:28,+05:30,
T1-05089,R-39,39,2026-08-07 12:05,40,2026-08-07 12:47,+05:30,
T1-05090,R-39,39,2026-08-07 10:13,45,2026-08-07 10:56,+05:30,
T1-05091,R-39,39,2026-08-07 15:00,35,2026-08-07 15:34,+05:30,
T1-05092,R-39,39,2026-08-07 12:46,50,2026-08-07 13:46,+05:30,
T1-05093,R-39,39,2026-08-07 08:39,50,2026-08-07 09:29,+05:30,
T1-05094,R-39,39,2026-08-07 16:48,35,2026-08-07 17:23,+05:30,
T1-05095,R-39,39,2026-08-08 07:40,35,2026-08-08 08:21,+05:30,
T1-05096,R-39,39,2026-08-08 15:26,35,2026-08-08 16:05,+05:30,
T1-05097,R-39,39,2026-08-08 17:36,45,2026-08-08 18:22,+05:30,
T1-05098,R-39,39,2026-08-08 21:31,55,2026-08-08 22:34,+05:30,
T1-05099,R-39,39,2026-08-08 13:27,40,2026-08-08 14:07,+05:30,
T1-05100,R-39,39,2026-08-08 20:09,50,2026-08-08 20:59,+05:30,
T1-05101,R-39,39,2026-08-08 06:45,50,2026-08-08 07:38,+05:30,
T1-05102,R-39,39,2026-08-08 14:36,50,2026-08-08 15:27,+05:30,
T1-05103,R-39,39,2026-08-08 21:34,40,2026-08-08 22:08,+05:30,
T1-05104,R-39,39,2026-08-08 12:00,35,2026-08-08 12:38,+05:30,
T1-05105,R-39,39,2026-08-08 07:22,40,2026-08-08 07:59,+05:30,
T1-05106,R-39,39,2026-08-08 13:14,55,2026-08-08 14:09,+05:30,
T1-05107,R-39,39,2026-08-08 06:47,50,2026-08-08 07:36,+05:30,
T1-05108,R-39,39,2026-08-08 12:47,50,2026-08-08 13:40,+05:30,
T1-05109,R-39,39,2026-08-08 19:27,45,2026-08-08 20:12,+05:30,
T1-05110,R-39,39,2026-08-08 10:11,50,2026-08-08 11:00,+05:30,
T1-05111,R-39,39,2026-08-08 14:29,45,2026-08-08 15:11,+05:30,
T1-05112,R-39,39,2026-08-08 20:49,55,2026-08-08 21:43,+05:30,
T1-05113,R-39,39,2026-08-08 12:11,40,2026-08-08 12:45,+05:30,
T1-05114,R-39,39,2026-08-08 07:47,40,2026-08-08 08:32,+05:30,
T1-05115,R-39,39,2026-08-08 12:45,45,2026-08-08 13:35,+05:30,
T1-05116,R-39,39,2026-08-08 07:13,40,2026-08-08 07:55,+05:30,
T1-05117,R-39,39,2026-08-09 17:19,55,2026-08-09 18:09,+05:30,
T1-05118,R-39,39,2026-08-09 16:04,40,2026-08-09 16:42,+05:30,
T1-05119,R-39,39,2026-08-09 06:33,50,2026-08-09 07:20,+05:30,
T1-05120,R-39,39,2026-08-09 10:42,55,2026-08-09 11:39,+05:30,
T1-05121,R-39,39,2026-08-09 14:02,35,2026-08-09 14:35,+05:30,
T1-05122,R-39,39,2026-08-09 09:20,40,2026-08-09 09:53,+05:30,
T1-05123,R-39,39,2026-08-09 21:31,40,2026-08-09 22:22,+05:30,
T1-05124,R-39,39,2026-08-09 13:58,50,2026-08-09 14:46,+05:30,
T1-05125,R-39,39,2026-08-09 20:40,35,2026-08-09 21:17,+05:30,
T1-05126,R-39,39,2026-08-09 11:00,40,2026-08-09 11:49,+05:30,
T1-05127,R-39,39,2026-08-09 19:11,40,2026-08-09 19:57,+05:30,
T1-05128,R-39,39,2026-08-09 09:25,55,2026-08-09 10:24,+05:30,
T1-05129,R-39,39,2026-08-09 09:05,40,2026-08-09 09:49,+05:30,
T1-05130,R-39,39,2026-08-09 15:15,40,2026-08-09 15:58,+05:30,
T1-05131,R-39,39,2026-08-09 17:23,55,2026-08-09 18:23,+05:30,
T1-05132,R-39,39,2026-08-09 20:21,35,2026-08-09 20:50,+05:30,
T1-05133,R-39,39,2026-08-09 08:34,55,2026-08-09 09:32,+05:30,
T1-05134,R-39,39,2026-08-09 18:16,50,2026-08-09 19:14,+05:30,
T1-05135,R-39,39,2026-08-09 10:19,40,2026-08-09 11:05,+05:30,
T1-05136,R-39,39,2026-08-09 07:56,40,2026-08-09 08:30,+05:30,
T1-05137,R-39,39,2026-08-09 16:22,45,2026-08-09 17:11,+05:30,
T1-05138,R-39,39,2026-08-09 15:49,40,2026-08-09 16:28,+05:30,
T1-05139,R-40,40,2026-08-03 19:44,55,2026-08-03 20:45,+05:30,
T1-05140,R-40,40,2026-08-03 13:47,45,2026-08-03 14:37,+05:30,
T1-05141,R-40,40,2026-08-03 14:09,55,2026-08-03 15:15,+05:30,
T1-05142,R-40,40,2026-08-03 18:48,55,2026-08-03 19:47,+05:30,
T1-05143,R-40,40,2026-08-03 12:47,50,2026-08-03 13:47,+05:30,
T1-05144,R-40,40,2026-08-03 21:55,40,2026-08-03 22:41,+05:30,
T1-05145,R-40,40,2026-08-03 13:38,55,2026-08-03 14:38,+05:30,
T1-05146,R-40,40,2026-08-03 21:11,55,2026-08-03 22:16,+05:30,
T1-05147,R-40,40,2026-08-03 10:59,35,2026-08-03 11:39,+05:30,
T1-05148,R-40,40,2026-08-03 13:48,55,2026-08-03 14:44,+05:30,
T1-05149,R-40,40,2026-08-03 11:13,50,2026-08-03 12:06,+05:30,
T1-05150,R-40,40,2026-08-03 18:22,45,2026-08-03 19:04,+05:30,
T1-05151,R-40,40,2026-08-03 17:26,45,2026-08-03 18:14,+05:30,
T1-05152,R-40,40,2026-08-03 10:16,45,2026-08-03 11:07,+05:30,
T1-05153,R-40,40,2026-08-03 14:17,40,2026-08-03 14:52,+05:30,
T1-05154,R-40,40,2026-08-03 18:43,45,2026-08-03 19:30,+05:30,
T1-05155,R-40,40,2026-08-03 09:17,50,2026-08-03 10:08,+05:30,
T1-05156,R-40,40,2026-08-03 08:35,40,2026-08-03 09:13,+05:30,
T1-05157,R-40,40,2026-08-03 11:18,40,2026-08-03 11:54,+05:30,
T1-05158,R-40,40,2026-08-03 14:55,35,2026-08-03 15:32,+05:30,
T1-05159,R-40,40,2026-08-03 15:44,40,2026-08-03 16:25,+05:30,
T1-05160,R-40,40,2026-08-03 17:28,55,2026-08-03 18:28,+05:30,
T1-05161,R-40,40,2026-08-04 10:35,35,2026-08-04 11:08,+05:30,
T1-05162,R-40,40,2026-08-04 11:30,55,2026-08-04 12:23,+05:30,
T1-05163,R-40,40,2026-08-04 18:59,55,2026-08-04 19:56,+05:30,
T1-05164,R-40,40,2026-08-04 08:55,45,2026-08-04 09:39,+05:30,
T1-05165,R-40,40,2026-08-04 18:08,50,2026-08-04 19:07,+05:30,
T1-05166,R-40,40,2026-08-04 09:20,55,2026-08-04 10:14,+05:30,
T1-05167,R-40,40,2026-08-04 12:57,40,2026-08-04 13:39,+05:30,
T1-05168,R-40,40,2026-08-04 06:05,50,2026-08-04 06:59,+05:30,
T1-05169,R-40,40,2026-08-04 09:35,55,2026-08-04 10:31,+05:30,
T1-05170,R-40,40,2026-08-04 17:09,40,2026-08-04 17:47,+05:30,
T1-05171,R-40,40,2026-08-04 17:16,55,2026-08-04 18:17,+05:30,
T1-05172,R-40,40,2026-08-04 15:50,50,2026-08-04 16:46,+05:30,
T1-05173,R-40,40,2026-08-04 08:42,50,2026-08-04 09:34,+05:30,
T1-05174,R-40,40,2026-08-04 07:45,35,2026-08-04 08:24,+05:30,
T1-05175,R-40,40,2026-08-04 21:30,40,2026-08-04 22:11,+05:30,
T1-05176,R-40,40,2026-08-04 18:17,50,2026-08-04 19:12,+05:30,
T1-05177,R-40,40,2026-08-04 17:09,40,2026-08-04 17:56,+05:30,
T1-05178,R-40,40,2026-08-04 15:20,50,2026-08-04 16:18,+05:30,
T1-05179,R-40,40,2026-08-04 17:56,35,2026-08-04 18:32,+05:30,
T1-05180,R-40,40,2026-08-04 09:58,40,2026-08-04 10:39,+05:30,
T1-05181,R-40,40,2026-08-04 09:15,45,2026-08-04 10:03,+05:30,
T1-05182,R-40,40,2026-08-04 12:21,55,2026-08-04 13:16,+05:30,
T1-05183,R-40,40,2026-08-05 09:55,35,2026-08-05 10:32,+05:30,
T1-05184,R-40,40,2026-08-05 21:04,55,2026-08-05 21:58,+05:30,
T1-05185,R-40,40,2026-08-05 11:30,55,2026-08-05 12:36,+05:30,
T1-05186,R-40,40,2026-08-05 07:49,35,2026-08-05 08:29,+05:30,
T1-05187,R-40,40,2026-08-05 15:04,50,2026-08-05 15:58,+05:30,
T1-05188,R-40,40,2026-08-05 20:46,45,2026-08-05 21:37,+05:30,
T1-05189,R-40,40,2026-08-05 13:58,45,2026-08-05 14:47,+05:30,
T1-05190,R-40,40,2026-08-05 13:41,45,2026-08-05 14:32,+05:30,
T1-05191,R-40,40,2026-08-05 18:52,45,2026-08-05 19:31,+05:30,
T1-05192,R-40,40,2026-08-05 06:53,50,2026-08-05 07:47,+05:30,
T1-05193,R-40,40,2026-08-05 11:24,55,2026-08-05 12:20,+05:30,
T1-05194,R-40,40,2026-08-05 07:12,55,2026-08-05 08:01,+05:30,
T1-05195,R-40,40,2026-08-05 16:12,55,2026-08-05 17:10,+05:30,
T1-05196,R-40,40,2026-08-05 17:59,35,2026-08-05 18:43,+05:30,
T1-05197,R-40,40,2026-08-05 06:41,40,2026-08-05 07:25,+05:30,
T1-05198,R-40,40,2026-08-05 14:35,50,2026-08-05 15:27,+05:30,
T1-05199,R-40,40,2026-08-05 11:03,35,2026-08-05 11:40,+05:30,
T1-05200,R-40,40,2026-08-05 10:31,50,2026-08-05 11:22,+05:30,
T1-05201,R-40,40,2026-08-05 14:22,55,2026-08-05 15:18,+05:30,
T1-05202,R-40,40,2026-08-05 13:45,55,2026-08-05 14:46,+05:30,
T1-05203,R-40,40,2026-08-05 21:00,35,2026-08-05 21:44,+05:30,
T1-05204,R-40,40,2026-08-05 07:54,55,2026-08-05 08:47,+05:30,
T1-05205,R-40,40,2026-08-06 11:39,50,2026-08-06 12:25,+05:30,
T1-05206,R-40,40,2026-08-06 09:26,50,2026-08-06 10:15,+05:30,
T1-05207,R-40,40,2026-08-06 11:39,45,2026-08-06 12:27,+05:30,
T1-05208,R-40,40,2026-08-06 19:21,50,2026-08-06 20:10,+05:30,
T1-05209,R-40,40,2026-08-06 13:22,35,2026-08-06 13:55,+05:30,
T1-05210,R-40,40,2026-08-06 11:14,35,2026-08-06 08:60,+05:30,
T1-05211,R-40,40,2026-08-06 08:39,55,2026-08-06 09:40,+05:30,
T1-05212,R-40,40,2026-08-06 17:42,35,2026-08-06 18:21,+05:30,
T1-05213,R-40,40,2026-08-06 17:48,50,2026-08-06 18:37,+05:30,
T1-05214,R-40,40,2026-08-06 19:36,35,2026-08-06 20:11,+05:30,
T1-05215,R-40,40,2026-08-06 16:19,35,2026-08-06 16:57,+05:30,
T1-05216,R-40,40,2026-08-06 15:12,50,2026-08-06 16:00,+05:30,
T1-05217,R-40,40,2026-08-06 09:49,45,2026-08-06 10:37,+05:30,
T1-05218,R-40,40,2026-08-06 08:06,40,2026-08-06 08:44,+05:30,
T1-05219,R-40,40,2026-08-06 21:58,45,2026-08-06 22:48,+05:30,
T1-05220,R-40,40,2026-08-06 10:25,45,2026-08-06 11:12,+05:30,
T1-05221,R-40,40,2026-08-06 19:31,40,2026-08-06 20:12,+05:30,
T1-05222,R-40,40,2026-08-06 06:13,45,2026-08-06 07:08,+05:30,
T1-05223,R-40,40,2026-08-06 13:48,35,2026-08-06 14:26,+05:30,
T1-05224,R-40,40,2026-08-06 12:33,35,2026-08-06 13:16,+05:30,
T1-05225,R-40,40,2026-08-06 08:00,35,2026-08-06 08:41,+05:30,
T1-05226,R-40,40,2026-08-06 07:35,35,2026-08-06 08:17,+05:30,
T1-05227,R-40,40,2026-08-07 19:55,55,2026-08-07 20:55,+05:30,
T1-05228,R-40,40,2026-08-07 17:15,45,2026-08-07 18:03,+05:30,
T1-05229,R-40,40,2026-08-07 11:39,55,2026-08-07 12:34,+05:30,
T1-05230,R-40,40,2026-08-07 07:25,50,2026-08-07 08:18,+05:30,
T1-05231,R-40,40,2026-08-07 06:42,40,2026-08-07 07:22,+05:30,
T1-05232,R-40,40,2026-08-07 15:36,35,2026-08-07 16:16,+05:30,
T1-05233,R-40,40,2026-08-07 14:05,40,2026-08-07 14:40,+05:30,
T1-05234,R-40,40,2026-08-07 19:03,45,2026-08-07 19:50,+05:30,
T1-05235,R-40,40,2026-08-07 11:52,50,2026-08-07 12:39,+05:30,
T1-05236,R-40,40,2026-08-07 18:06,50,2026-08-07 18:57,+05:30,
T1-05237,R-40,40,2026-08-07 12:16,45,2026-08-07 13:07,+05:30,
T1-05238,R-40,40,2026-08-07 10:35,40,2026-08-07 11:16,+05:30,
T1-05239,R-40,40,2026-08-07 20:25,50,2026-08-07 21:16,+05:30,
T1-05240,R-40,40,2026-08-07 16:05,40,2026-08-07 16:48,+05:30,
T1-05241,R-40,40,2026-08-07 19:25,40,2026-08-07 20:10,+05:30,
T1-05242,R-40,40,2026-08-07 08:29,55,2026-08-07 09:29,+05:30,
T1-05243,R-40,40,2026-08-07 07:10,35,2026-08-07 07:43,+05:30,
T1-05244,R-40,40,2026-08-07 20:36,40,2026-08-07 21:17,+05:30,
T1-05245,R-40,40,2026-08-07 08:44,40,2026-08-07 09:32,+05:30,
T1-05246,R-40,40,2026-08-07 10:26,35,2026-08-07 11:08,+05:30,
T1-05247,R-40,40,2026-08-07 12:21,55,2026-08-07 13:17,+05:30,
T1-05248,R-40,40,2026-08-07 18:54,40,2026-08-07 19:41,+05:30,
T1-05249,R-40,40,2026-08-08 07:38,45,2026-08-08 08:27,+05:30,
T1-05250,R-40,40,2026-08-08 13:04,40,2026-08-08 13:49,+05:30,
T1-05251,R-40,40,2026-08-08 09:29,40,2026-08-08 10:10,+05:30,
T1-05252,R-40,40,2026-08-08 20:03,50,2026-08-08 20:59,+05:30,
T1-05253,R-40,40,2026-08-08 16:52,55,2026-08-08 17:52,+05:30,
T1-05254,R-40,40,2026-08-08 07:09,40,2026-08-08 07:53,+05:30,
T1-05255,R-40,40,2026-08-08 21:41,55,2026-08-08 22:40,+05:30,
T1-05256,R-40,40,2026-08-08 07:16,50,2026-08-08 08:10,+05:30,
T1-05257,R-40,40,2026-08-08 21:59,55,2026-08-08 22:54,+05:30,
T1-05258,R-40,40,2026-08-08 16:48,50,2026-08-08 17:35,+05:30,
T1-05259,R-40,40,2026-08-08 19:14,55,2026-08-08 20:09,+05:30,
T1-05260,R-40,40,2026-08-08 18:01,40,2026-08-08 18:45,+05:30,
T1-05261,R-40,40,2026-08-08 11:36,45,2026-08-08 12:26,+05:30,
T1-05262,R-40,40,2026-08-08 07:58,55,2026-08-08 08:55,+05:30,
T1-05263,R-40,40,2026-08-08 13:27,45,2026-08-08 14:15,+05:30,
T1-05264,R-40,40,2026-08-08 17:03,45,2026-08-08 16:58,+05:30,
T1-05265,R-40,40,2026-08-08 16:20,55,2026-08-08 17:19,+05:30,
T1-05266,R-40,40,2026-08-08 20:54,55,2026-08-08 21:55,+05:30,
T1-05267,R-40,40,2026-08-08 15:37,40,2026-08-08 16:29,+05:30,
T1-05268,R-40,40,2026-08-08 06:54,45,2026-08-08 07:41,+05:30,
T1-05269,R-40,40,2026-08-08 07:18,50,2026-08-08 08:05,+05:30,
T1-05270,R-40,40,2026-08-08 20:49,40,2026-08-08 21:36,+05:30,
T1-05271,R-40,40,2026-08-09 12:13,40,2026-08-09 12:55,+05:30,
T1-05272,R-40,40,2026-08-09 13:53,40,2026-08-09 14:33,+05:30,
T1-05273,R-40,40,2026-08-09 10:06,35,2026-08-09 10:46,+05:30,
T1-05274,R-40,40,2026-08-09 15:53,40,2026-08-09 16:36,+05:30,
T1-05275,R-40,40,2026-08-09 07:11,40,2026-08-09 07:54,+05:30,
T1-05276,R-40,40,2026-08-09 07:04,40,2026-08-09 07:42,+05:30,
T1-05277,R-40,40,2026-08-09 11:28,55,2026-08-09 12:23,+05:30,
T1-05278,R-40,40,2026-08-09 12:17,35,2026-08-09 12:55,+05:30,
T1-05279,R-40,40,2026-08-09 15:56,35,2026-08-09 16:31,+05:30,
T1-05280,R-40,40,2026-08-09 21:27,40,2026-08-09 22:09,+05:30,
T1-05281,R-40,40,2026-08-09 08:08,50,2026-08-09 09:05,+05:30,
T1-05282,R-40,40,2026-08-09 15:52,45,2026-08-09 16:34,+05:30,
T1-05283,R-40,40,2026-08-09 11:42,40,2026-08-09 12:29,+05:30,
T1-05284,R-40,40,2026-08-09 17:52,45,2026-08-09 18:31,+05:30,
T1-05285,R-40,40,2026-08-09 16:18,35,2026-08-09 16:55,+05:30,
T1-05286,R-40,40,2026-08-09 13:07,55,2026-08-09 14:06,+05:30,
T1-05287,R-40,40,2026-08-09 21:00,45,2026-08-09 21:44,+05:30,
T1-05288,R-40,40,2026-08-09 06:03,50,2026-08-09 06:47,+05:30,
T1-05289,R-40,40,2026-08-09 19:09,35,2026-08-09 19:40,+05:30,
T1-05290,R-40,40,2026-08-09 12:21,50,2026-08-09 13:16,+05:30,
T1-05291,R-40,40,2026-08-09 06:57,55,2026-08-09 07:58,+05:30,
T1-05292,R-40,40,2026-08-09 09:23,50,2026-08-09 10:17,+05:30,
